Date,Account,Category,Subcategory,Note,PKR,Type,Description,Amount,Currency,pt_zaeem,pt_umaid,pt_office,passthrough,is_plug,is_business
2025-07-01 00:58:26.795,Meezan Bank,Household,Bills,Bahria Electricity Bill June 2025,51070,Expense,,51070.0,PKR,False,False,False,False,False,False
2025-07-01 08:40:39.114,Meezan Bank,Household,Bills,Nadeem Maali Salary,3500,Expense,,3500.0,PKR,False,False,False,False,False,False
2025-07-01 14:18:18.475,Meezan Bank,Split,,Basilico with Beyond ONE Team,8768,Transfer-Out,"Split between Maryam, Usman, Ghassan",8768.0,PKR,False,False,False,False,False,False
2025-07-01 14:19:06.966,Split,Office Loans,,Basilico Maryam's part,2100,Transfer-Out,,2100.0,PKR,False,False,False,False,False,False
2025-07-01 14:19:09.009,Split,Office Loans,,Basilico Ghassan's part,2100,Transfer-Out,,2100.0,PKR,False,False,False,False,False,False
2025-07-01 14:19:13.034,Split,Office Loans,,Basilico Usman's part,2310,Transfer-Out,,2310.0,PKR,False,False,False,False,False,False
2025-07-01 14:19:58.421,Split,Food,Unnecessary,Basilico my part,2258,Expense,,2258.0,PKR,False,False,False,False,False,False
2025-07-01 15:20:54.493,Meezan Bank,Food,Unnecessary,Extraction coffee,945,Expense,,945.0,PKR,False,False,False,False,False,False
2025-07-01 19:55:30.034,Meezan Bank,Tabish Loan,,Tabish qarz e hasana,5000,Transfer-Out,,5000.0,PKR,False,False,False,False,False,False
2025-07-01 21:57:40.934,Office Loans,Meezan Bank,,Maryam return for Basilico,2100,Transfer-Out,,2100.0,PKR,False,False,False,False,False,False
2025-07-01 22:23:22.640,Office Loans,Meezan Bank,,Usman return for basilico,2310,Transfer-Out,,2310.0,PKR,False,False,False,False,False,False
2025-07-02 19:46:18.935,HBL,Technology,Purchases,AWS,261,Expense,,261.0,PKR,False,False,False,False,False,False
2025-07-03 02:48:55.770,Meezan Bank,Food,Unnecessary,Dominos with Alishba for dinner,2180,Expense,,2180.0,PKR,False,False,False,False,False,False
2025-07-03 17:52:35.042,Meezan Bank,Family,Health/Medicine,FP Alishba soup,2360,Expense,,2360.0,PKR,False,False,False,False,False,False
2025-07-03 19:46:52.863,HBL,Technology,Purchases,Spotify Duo,513,Expense,,513.0,PKR,False,False,False,False,False,False
2025-07-03 21:23:56.931,Meezan Bank,Food,Necessary,FP Dinner Rice Bowl,2113,Expense,,2113.0,PKR,False,False,False,False,False,False
2025-07-04 01:00:30.047,Meezan Bank,Transportation,Car,Yaris fuel ⛽,8083,Expense,Aramco hi octane,8083.0,PKR,False,False,False,False,False,False
2025-07-04 12:46:42.505,Meezan Bank,Split,,Bahria maintenance bill + maali tip,4500,Transfer-Out,,4500.0,PKR,False,False,False,False,False,False
2025-07-04 12:47:03.973,Split,Household,Bills,Bahria Maintenance Bill June 2025,4100,Expense,,4100.0,PKR,False,False,False,False,False,False
2025-07-04 12:47:19.660,Split,Donation,,Maali tip for bill payment,400,Expense,,400.0,PKR,False,False,False,False,False,False
2025-07-04 16:56:36.237,Loans,Meezan Bank,,Basilico Ghassan's part returned,2100,Transfer-Out,,2100.0,PKR,False,False,False,False,False,False
2025-07-04 18:09:08.793,Meezan Bank,Household,Maintenance,AC service,6000,Expense,The two ground floor lounge ACs. +92 301 8518893,6000.0,PKR,False,False,False,False,False,False
2025-07-04 18:37:02.932,Meezan Bank,Mama Loan,,Zarda for mamu dawat,3950,Transfer-Out,,3950.0,PKR,False,False,False,False,False,False
2025-07-04 18:38:37.581,Meezan Bank,Household,Bills,Kaamwali Bahria,6000,Expense,,6000.0,PKR,False,False,False,False,False,False
2025-07-04 19:49:56.857,Loans,Meezan Bank,,Yasir winterland loan return,8000,Transfer-Out,,8000.0,PKR,False,False,False,False,False,False
2025-07-05 00:06:46.818,EasyPaisa,Social Life,Friend,Indrive khana to Wasiq,430,Expense,,430.0,PKR,False,False,False,False,False,False
2025-07-05 00:07:43.333,Meezan Bank,EasyPaisa,,,7000,Transfer-Out,,7000.0,PKR,False,False,False,False,False,False
2025-07-05 00:08:06.700,Meezan Bank,JazzCash,,,7000,Transfer-Out,,7000.0,PKR,False,False,False,False,False,False
2025-07-05 00:12:09.454,JazzCash,Technology,Purchases,Zong package,600,Expense,,600.0,PKR,False,False,False,False,False,False
2025-07-05 00:15:54.268,Meezan Bank,Mama Loan,,Mama Sajda Zakat,5000,Transfer-Out,,5000.0,PKR,False,False,False,False,False,False
2025-07-05 14:06:51.321,Meezan Bank,Family,Gift,Nemat khana bakery items for Alishba fam,696,Expense,Moharram,696.0,PKR,False,False,False,False,False,False
2025-07-05 20:12:16.693,Meezan Bank,Donation,,School fee salmoon,5000,Expense,,5000.0,PKR,False,False,False,False,False,False
2025-07-05 21:03:42.039,Meezan Bank,Household,Bills,Bahria PTCL Bill,7360,Expense,,7360.0,PKR,False,False,False,False,False,False
2025-07-05 21:04:05.339,Meezan Bank,Household,Bills,SNGPL Bahria,670,Expense,,670.0,PKR,False,False,False,False,False,False
2025-07-05 21:10:34.814,Meezan Bank,Abujan Loans,,Sahowari LESCO Bill #1,21216,Transfer-Out,,21216.0,PKR,False,False,False,False,False,False
2025-07-05 21:10:53.969,Meezan Bank,Abujan Loans,,Sahowari LESCO Bill #2,28078,Transfer-Out,,28078.0,PKR,False,False,False,False,False,False
2025-07-05 21:12:00.258,Meezan Bank,Abujan Loans,,Sahowari LESCO Bill #3,89,Transfer-Out,,89.0,PKR,False,False,False,False,False,False
2025-07-05 21:12:10.447,Abujan Loans,Transportation,Parking,Sahowari car parking,4800,Expense,,4800.0,PKR,False,False,False,False,False,False
2025-07-05 21:12:59.125,Abujan Loans,Family,Pocket Money,Abujan Pocket Money July 2025,35000,Expense,,35000.0,PKR,False,False,False,False,False,False
2025-07-05 21:28:55.382,Abujan Loans,Family,Pocket Money,To Abujan as arrear pocket money,26083,Expense,"I owed him 60k for Apr, May (30k per month). This 26k amount (bill leftover after pocket money deduction) is considered part of the arrear. This reduces that to 33,914/-

Abujan owed me 10k for Bahria electricity for when yasir, Vicky, and fam visited. He told me to deduct that from what I owe him.

Now I owe him 23,914/- in arrears.",26083.0,PKR,False,False,False,False,False,False
2025-07-06 00:07:45.864,Meezan Bank,Family,Gift,DD with fam in sahowari,5625,Expense,,5625.0,PKR,False,False,False,False,False,False
2025-07-06 00:08:22.456,Meezan Bank,Family,Gift,Alishba and Aliyan dessert,739,Expense,,739.0,PKR,False,False,False,False,False,False
2025-07-06 00:36:13.910,JazzCash,Tabish Loan,,Jazz package tabish,1500,Transfer-Out,,1500.0,PKR,False,False,False,False,False,False
2025-07-06 20:26:37.013,Meezan Bank,Tabish Loan,,Tabish qarz e hasana,30000,Transfer-Out,,30000.0,PKR,False,False,False,False,False,False
2025-07-06 23:05:09.224,Meezan Bank,Food,Unnecessary,Kebabjees dessert for Alishba,1200,Expense,,1200.0,PKR,False,False,False,False,False,False
2025-07-06 23:05:25.247,Meezan Bank,Household,General,C&B Water ×2,451,Expense,,451.0,PKR,False,False,False,False,False,False
2025-07-06 23:05:59.693,Meezan Bank,Family,Health/Medicine,Alishba cough medicine,700,Expense,,700.0,PKR,False,False,False,False,False,False
2025-07-07 00:20:46.363,Meezan Bank,Food,Unnecessary,FP JJ,838,Expense,,838.0,PKR,False,False,False,False,False,False
2025-07-07 11:44:04.452,Meezan Bank,Salary,,Turing June 2025 salary,387879,Income,90% of it was withdrawn,387879.0,PKR,False,False,False,False,False,False
2025-07-07 11:45:04.773,Meezan Bank,Entrepreneurship,,Haroon Turing Salary June 2025,48575,Expense,,48575.0,PKR,False,False,False,False,False,True
2025-07-07 11:49:39.414,Meezan Bank,Fahad Loan,,Fahad loan,15000,Transfer-Out,,15000.0,PKR,False,False,False,False,False,False
2025-07-07 15:47:21.933,Meezan Bank,Entrepreneurship,,Hammad Turing Salary June 2025,90614,Expense,,90614.0,PKR,False,False,False,False,False,True
2025-07-07 15:47:38.188,Meezan Bank,Entrepreneurship,,Hammad Turing Bonus June 2025,10000,Expense,,10000.0,PKR,False,False,False,False,False,True
2025-07-07 15:47:58.771,Meezan Bank,Food,Necessary,Extraction lunch with Alishba,2835,Expense,,2835.0,PKR,False,False,False,False,False,False
2025-07-07 15:48:13.004,Meezan Bank,Food,Necessary,Extraction water bottle,95,Expense,,95.0,PKR,False,False,False,False,False,False
2025-07-07 15:48:23.725,Cash,Donation,,,50,Expense,,50.0,PKR,False,False,False,False,False,False
2025-07-07 20:56:57.325,Meezan Bank,Al Meezan Mutual Funds,,Mutual Funds Investment MCF,75000,Transfer-Out,,75000.0,PKR,False,False,False,False,False,False
2025-07-07 20:56:57.326,Meezan Bank,Religion,,Fees,80,Expense,,80.0,PKR,False,False,False,False,False,False
2025-07-07 21:53:26.196,Cash,Food,Unnecessary,JJ order,3300,Expense,,3300.0,PKR,False,False,False,False,False,False
2025-07-08 08:34:19.176,Meezan Bank,Health,Gym,Gym Trainer Training Plan,10000,Expense,,10000.0,PKR,False,False,False,False,False,False
2025-07-08 09:53:12.458,Meezan Bank,Transportation,Car,Yaris fuel ⛽,8957,Expense,Aramco hi octane,8957.0,PKR,False,False,False,False,False,False
2025-07-08 09:53:51.857,Cash,Household,General,Cash to Alishba for household expenses,2000,Expense,,2000.0,PKR,False,False,False,False,False,False
2025-07-08 13:30:04.029,Meezan Bank,Entrepreneurship,,Maryam Shakeel Turing Salary,19010,Expense,,19010.0,PKR,False,False,False,False,False,True
2025-07-08 16:54:35.964,JazzCash,Abujan Loans,,Abujan Jazz Package,1500,Transfer-Out,,1500.0,PKR,False,False,False,False,False,False
2025-07-08 16:55:07.755,Meezan Bank,Family,General,FP Alishba Lunch,846,Expense,,846.0,PKR,False,False,False,False,False,False
2025-07-08 16:55:23.148,Meezan Bank,Food,Unnecessary,Extraction coffee,892,Expense,,892.0,PKR,False,False,False,False,False,False
2025-07-08 17:02:50.881,Meezan Bank,Household,General,Milk jalal sons,371,Expense,,371.0,PKR,False,False,False,False,False,False
2025-07-08 17:48:09.307,Meezan Bank,Family,Pet,New Kitten Flea Spray & Vaccine Shot,3000,Expense,Vet,3000.0,PKR,False,False,False,False,False,False
2025-07-09 12:38:02.021,Meezan Bank,Family,Gift,Alishba suits online parcel,13100,Expense,,13100.0,PKR,False,False,False,False,False,False
2025-07-09 13:32:01.319,Meezan Bank,Family,Gift,Alishba Parcel,2900,Expense,Fusionic.pk,2900.0,PKR,False,False,False,False,False,False
2025-07-09 14:57:39.783,Meezan Bank,Self-development,,To JFK Animal Shelter for Porn streak break,30000,Expense,4mo streak broken. Total penalty 75k,30000.0,PKR,False,False,False,False,False,False
2025-07-09 15:55:03.186,HBL,Self-development,,To Sundas Foundation as kaffara for breaking porn streak,40000,Expense,Total 75k,40000.0,PKR,False,False,False,False,False,False
2025-07-09 16:18:15.645,Meezan Bank,Self-development,,Donation for vet kaffara for breaking porn streak,2000,Expense,,2000.0,PKR,False,False,False,False,False,False
2025-07-09 16:49:02.756,Meezan Bank,Self-development,,Donation to Akhuwat kaffara for breaking porn streak,3000,Expense,,3000.0,PKR,False,False,False,False,False,False
2025-07-09 21:46:01.924,Aun Loan,Miscellaneous,,,31196,Expense,,31196.0,PKR,False,False,False,False,False,False
2025-07-09 23:37:45.296,Meezan Bank,Entrepreneurship,,Xoraiz web dev assignment checking labor,1710,Expense,,1710.0,PKR,False,False,False,False,False,True
2025-07-10 00:53:11.640,Ahmad Bhatti Loans,Social Life,Friend,Pizza,662,Expense,,662.0,PKR,False,False,False,False,False,False
2025-07-10 01:31:58.086,Meezan Bank,Split,,KFC with Bhatti,2100,Transfer-Out,,2100.0,PKR,False,False,False,False,False,False
2025-07-10 01:32:11.694,Split,Food,Unnecessary,KFC my part,1050,Expense,,1050.0,PKR,False,False,False,False,False,False
2025-07-10 01:32:22.045,Split,Ahmad Bhatti Loans,,KFC Bhatti's part,1050,Transfer-Out,,1050.0,PKR,False,False,False,False,False,False
2025-07-10 18:43:43.164,Meezan Bank,Loans,,Shahbaz tehzeeb khatai,3631,Transfer-Out,,3631.0,PKR,False,False,False,False,False,False
2025-07-10 22:20:55.660,Meezan Bank,Household,General,C&B Water ×2,451,Expense,,451.0,PKR,False,False,False,False,False,False
2025-07-10 22:21:25.394,Meezan Bank,Family,General,FP Alishba curry,824,Expense,,824.0,PKR,False,False,False,False,False,False
2025-07-10 22:43:16.236,Loans,Meezan Bank,,Shahbaz tehzeeb khatai return,3631,Transfer-Out,,3631.0,PKR,False,False,False,False,False,False
2025-07-10 22:45:46.942,Meezan Bank,Food,Necessary,FP pizza dinner,1395,Expense,,1395.0,PKR,False,False,False,False,False,False
2025-07-11 13:05:43.984,Meezan Bank,Culture,Books,Readings book,2146,Expense,One Hundred Years of Solitude,2146.0,PKR,False,False,False,False,False,False
2025-07-11 13:16:53.408,Meezan Bank,Food,Unnecessary,Double Shot Bahria decaf spanish,1018,Expense,,1018.0,PKR,False,False,False,False,False,False
2025-07-11 14:36:30.890,HBL,Culture,Movie,Cue cinemas F1 movie tickets,5600,Expense,Alishba & me,5600.0,PKR,False,False,False,False,False,False
2025-07-11 17:13:59.542,Meezan Bank,Technology,Bills,Google ONE,1115,Expense,,1115.0,PKR,False,False,False,False,False,False
2025-07-11 17:24:37.841,Meezan Bank,Abujan Loans,,AFOHS payment for Abujan,6000,Transfer-Out,,6000.0,PKR,False,False,False,False,False,False
2025-07-11 20:08:34.127,Meezan Bank,Food,Unnecessary,Popcorn @ Cue Cinemas,1300,Expense,,1300.0,PKR,False,False,False,False,False,False
2025-07-11 20:08:58.863,Meezan Bank,Food,Unnecessary,Freaky Fries Cue Cinemas,850,Expense,,850.0,PKR,False,False,False,False,False,False
2025-07-11 21:04:26.352,Meezan Bank,Fahad Loan,,,5000,Transfer-Out,,5000.0,PKR,False,False,False,False,False,False
2025-07-11 22:42:53.916,Meezan Bank,Family,Gift,Alishba Kiji Hoodie,8510,Expense,,8510.0,PKR,False,False,False,False,False,False
2025-07-11 22:45:49.379,Cash,Transportation,Parking,Cue parking,200,Expense,,200.0,PKR,False,False,False,False,False,False
2025-07-11 23:15:47.239,Meezan Bank,Family,Gift,Alishba caterpillar trekking shoes,18099,Expense,,18099.0,PKR,False,False,False,False,False,False
2025-07-11 23:45:14.017,Meezan Bank,Apparel,Clothing,Modern Kurta Shalwar from WeWear,10100,Expense,Hush puppies,10100.0,PKR,False,False,False,False,False,False
2025-07-11 23:46:04.173,Cash,Food,Unnecessary,0 degree dessert for Alishba and me,900,Expense,,900.0,PKR,False,False,False,False,False,False
2025-07-11 23:46:17.281,Meezan Bank,Family,Gift,Alishba chappal from hush puppies,5000,Expense,,5000.0,PKR,False,False,False,False,False,False
2025-07-12 00:06:03.540,Meezan Bank,Cash,,Cash at dolmen,2000,Transfer-Out,,2000.0,PKR,False,False,False,False,False,False
2025-07-12 00:06:11.504,Cash,Donation,,Tip to table cleaner,500,Expense,,500.0,PKR,False,False,False,False,False,False
2025-07-12 00:10:38.391,Meezan Bank,Food,Necessary,Bonbird at Dolmen with Alishba,2795,Expense,,2795.0,PKR,False,False,False,False,False,False
2025-07-12 14:46:27.222,JazzCash,Technology,Bills,Jazz load,200,Expense,,200.0,PKR,False,False,False,False,False,False
2025-07-12 16:51:02.048,Meezan Bank,Split,,Yakhni plao with WAFR,1130,Transfer-Out,,1130.0,PKR,False,False,False,False,False,False
2025-07-12 16:51:29.178,Split,Ahmad Bhatti Loans,,PYP Bhatti's Part,85,Transfer-Out,,85.0,PKR,False,False,False,False,False,False
2025-07-12 16:51:48.347,Split,Fahad Loan,,PYP Fahad's Part,339,Transfer-Out,,339.0,PKR,False,False,False,False,False,False
2025-07-12 16:52:03.797,Split,Wasiq Loan,,PYP Wasiq's Part,339,Transfer-Out,,339.0,PKR,False,False,False,False,False,False
2025-07-12 16:52:23.860,Split,Food,Necessary,PYP my part,367,Expense,,367.0,PKR,False,False,False,False,False,False
2025-07-12 19:59:07.711,Meezan Bank,Family,Pet,JJ kitten food,4840,Expense,,4840.0,PKR,False,False,False,False,False,False
2025-07-12 20:19:42.542,Meezan Bank,Household,General,Euro store groceries,1264,Expense,"Milk, corn flour, eggs, bun",1264.0,PKR,False,False,False,False,False,False
2025-07-12 20:24:10.722,Meezan Bank,Health,Medicine,Butrin XL,843,Expense,,843.0,PKR,False,False,False,False,False,False
2025-07-12 22:47:27.572,Meezan Bank,Transportation,Car,Yaris fuel ⛽,7725,Expense,Aramco hi octane ,7725.0,PKR,False,False,False,False,False,False
2025-07-12 23:05:58.691,Meezan Bank,Health,Checkup Appointment,Johar Medicare General Physician Consultation for me,700,Expense,,700.0,PKR,False,False,False,False,False,False
2025-07-13 00:32:32.385,Meezan Bank,Cash,,For household expenses,5000,Transfer-Out,,5000.0,PKR,False,False,False,False,False,False
2025-07-13 00:32:48.741,Cash,Household,General,To Alishba for Household Expenses,4000,Expense,,4000.0,PKR,False,False,False,False,False,False
2025-07-13 00:33:48.671,Meezan Bank,Family,Gift,Alishba Kebabjees Bakery,1061,Expense,,1061.0,PKR,False,False,False,False,False,False
2025-07-13 00:47:05.430,Meezan Bank,Family,Gift,Aliyan coke and cigarette,970,Expense,,970.0,PKR,False,False,False,False,False,False
2025-07-13 01:28:03.685,Meezan Bank,Food,Unnecessary,FP Pizza,1688,Expense,,1688.0,PKR,False,False,False,False,False,False
2025-07-13 21:29:36.204,Meezan Bank,Family,Gift,FP Kebabjees Bakery for Alishba and Areeba,1803,Expense,,1803.0,PKR,False,False,False,False,False,False
2025-07-13 22:33:40.555,Meezan Bank,Split,,"FP Me, Alishba, Areeba",2523,Transfer-Out,,2523.0,PKR,False,False,False,False,False,False
2025-07-13 22:34:01.200,Split,Food,Unnecessary,JJ smol wrap for me,800,Expense,,800.0,PKR,False,False,False,False,False,False
2025-07-13 22:34:11.624,Split,Family,General,Alishba and Areeba JJ,1723,Expense,,1723.0,PKR,False,False,False,False,False,False
2025-07-14 13:17:15.476,HBL,Family,General,Alishba and Areeba Fasana Cafè,6017,Expense,,6017.0,PKR,False,False,False,False,False,False
2025-07-14 13:17:41.292,HBL,Family,Gift,Alishba and Areeba Readings Stationary,2996,Expense,,2996.0,PKR,False,False,False,False,False,False
2025-07-14 14:35:19.890,Meezan Bank,Split,,"Double shot me, Alishba, Areeba",2929,Transfer-Out,,2929.0,PKR,False,False,False,False,False,False
2025-07-14 14:36:06.608,Split,Family,General,Coffee for Alishba and Areeba,1859,Expense,,1859.0,PKR,False,False,False,False,False,False
2025-07-14 14:36:42.299,Split,Food,Unnecessary,Coffee for me,1070,Expense,Double shot,1070.0,PKR,False,False,False,False,False,False
2025-07-14 21:24:11.484,Ahmad Bhatti Loans,Food,Necessary,JJ,1337,Expense,,1337.0,PKR,False,False,False,False,False,False
2025-07-15 00:05:36.801,Meezan Bank,Household,General,Euro store groceries,1309,Expense,"Trash bags, handwash",1309.0,PKR,False,False,False,False,False,False
2025-07-15 00:06:26.327,Meezan Bank,Culture,,Board games,4946,Expense,Euro store ,4946.0,PKR,False,False,False,False,False,False
2025-07-15 14:32:18.298,HBL,Meezan Bank,,,40000,Transfer-Out,,40000.0,PKR,False,False,False,False,False,False
2025-07-15 14:32:28.407,Meezan Bank,Cash,,For Samsung warranty center,80000,Transfer-Out,,80000.0,PKR,False,False,False,False,False,False
2025-07-15 18:24:47.310,Ahmad Bhatti Loans,Split,,Double shot and golden,1800,Transfer-Out,,1800.0,PKR,False,False,False,False,False,False
2025-07-15 18:25:19.756,Split,Food,Unnecessary,Coffee from double shot,1000,Expense,,1000.0,PKR,False,False,False,False,False,False
2025-07-15 18:25:32.145,Split,Food,Necessary,Lunch from golden,800,Expense,,800.0,PKR,False,False,False,False,False,False
2025-07-15 20:16:02.745,Meezan Bank,Household,General,Fruits,2700,Expense,,2700.0,PKR,False,False,False,False,False,False
2025-07-16 02:32:46.015,Cash,Food,Necessary,DD with Alishba and Areeba,5000,Expense,,5000.0,PKR,False,False,False,False,False,False
2025-07-16 10:35:03.741,Cash,Transportation,Car,Yaris fuel ⛽,6600,Expense,Aramco hi octane ,6600.0,PKR,False,False,False,False,False,False
2025-07-16 11:18:51.880,Ahmad Bhatti Loans,Food,Unnecessary,Grilled Chicken Sandwich from Extraction,800,Expense,,800.0,PKR,False,False,False,False,False,False
2025-07-16 11:52:01.059,Cash,Food,Necessary,Water bottle from extraction,110,Expense,,110.0,PKR,False,False,False,False,False,False
2025-07-16 13:28:19.691,Cash,Technology,Purchases,Prints of salary slips,420,Expense,,420.0,PKR,False,False,False,False,False,False
2025-07-17 17:23:47.460,Cash,Social Life,Friend,Theatre food treat for team,10000,Expense,,10000.0,PKR,False,False,False,False,False,False
2025-07-17 17:50:23.964,Meezan Bank,Technology,Bills,Godaddy Domain & Email Renewal,4850,Expense,,4850.0,PKR,False,False,False,False,False,False
2025-07-17 20:21:03.368,Cash,Social Life,Friend,Double shot for maryam,800,Expense,,800.0,PKR,False,False,False,False,False,False
2025-07-18 00:14:56.168,Cash,Donation,,Signal beggars,200,Expense,,200.0,PKR,False,False,False,False,False,False
2025-07-18 00:52:19.514,Ahmad Bhatti Loans,Family,General,Tabaq,1300,Expense,,1300.0,PKR,False,False,False,False,False,False
2025-07-18 01:37:42.120,Cash,Food,Unnecessary,McDonald's cone,300,Expense,,300.0,PKR,False,False,False,False,False,False
2025-07-18 14:24:24.637,Meezan Bank,Tabish Loan,,Tabish qarz e hasana,8000,Transfer-Out,,8000.0,PKR,False,False,False,False,False,False
2025-07-18 19:02:34.532,Cash,Household,General,"Tissues, knorr ×2",560,Expense,,560.0,PKR,False,False,False,False,False,False
2025-07-18 20:20:25.059,Cash,Split,,Double Shot,2500,Transfer-Out,Me and Alishba,2500.0,PKR,False,False,False,False,False,False
2025-07-18 20:21:25.569,Split,Food,Unnecessary,Double shot coffee,1000,Expense,,1000.0,PKR,False,False,False,False,False,False
2025-07-18 20:21:33.400,Split,Family,General,Double shot Alishba coffee and cookie,1500,Expense,,1500.0,PKR,False,False,False,False,False,False
2025-07-18 23:14:27.245,Cash,Food,Necessary,Dominos dinner for me,2000,Expense,,2000.0,PKR,False,False,False,False,False,False
2025-07-19 13:16:08.058,HBL,Family,Gift,AliExpress Mahad's superman suits,5241,Expense,,5241.0,PKR,False,False,False,False,False,False
2025-07-19 15:42:36.712,Meezan Bank,Family,General,FP Double Shot ☕ Coffee for Alishba,938,Expense,,938.0,PKR,False,False,False,False,False,False
2025-07-19 20:35:45.255,Cash,Meezan Bank,,Cash paid to Bhatti in exchange for transfer,10000,Transfer-Out,,10000.0,PKR,False,False,False,False,False,False
2025-07-19 20:38:59.857,Meezan Bank,Tabish Loan,,Tabish qarz e hasana,10000,Transfer-Out,,10000.0,PKR,False,False,False,False,False,False
2025-07-19 23:34:35.924,Cash,Culture,Movie,Superman tickets,3000,Expense,,3000.0,PKR,False,False,False,False,False,False
2025-07-20 01:06:07.844,Cash,Transportation,Parking,Emporium car parking,100,Expense,,100.0,PKR,False,False,False,False,False,False
2025-07-20 01:06:49.297,Cash,Donation,,Aramco staff,60,Expense,,60.0,PKR,False,False,False,False,False,False
2025-07-20 01:16:22.354,Cash,Transportation,Car,Yaris fuel ⛽,4500,Expense,Aramco hi octane,4500.0,PKR,False,False,False,False,False,False
2025-07-20 18:37:55.560,Al Meezan Mutual Funds,Profit,,,3660,Income,,3660.0,PKR,False,False,False,False,False,False
2025-07-20 18:38:04.313,Al Meezan Mutual Funds,Meezan Bank,,,50000,Transfer-Out,,50000.0,PKR,False,False,False,False,False,False
2025-07-20 21:34:24.374,Cash,Family,Gift,Bonbird dinner with Alishba fam,8020,Expense,,8020.0,PKR,False,False,False,False,False,False
2025-07-20 23:25:35.121,Meezan Bank,Social Life,Friend,McDonald's with Tabish,2300,Expense,,2300.0,PKR,False,False,False,False,False,False
2025-07-21 00:51:22.737,Meezan Bank,Social Life,Friend,McDonald's for Zainab,1520,Expense,,1520.0,PKR,False,False,False,False,False,False
2025-07-21 01:36:09.163,Cash,Tabish Loan,,Tabish qarz e hasana,7000,Transfer-Out,At McDonald's ,7000.0,PKR,False,False,False,False,False,False
2025-07-21 01:56:47.352,Cash,Family,Health/Medicine,Clinix pharmacy,500,Expense,,500.0,PKR,False,False,False,False,False,False
2025-07-21 16:46:56.709,Cash,Health,Gym,Qutab fitness gym fee,6000,Expense,,6000.0,PKR,False,False,False,False,False,False
2025-07-21 18:08:58.088,Cash,Household,General,Euro store groceries,830,Expense,"Baking soda, hajmola, bread, besan",830.0,PKR,False,False,False,False,False,False
2025-07-21 20:45:10.913,Deel Card,Technology,Purchases,Cursor pro,7125,Expense,Estimated price,25.0,USD,False,False,False,False,False,False
2025-07-21 23:38:10.676,Cash,Split,,McDonald's cones,510,Transfer-Out,,510.0,PKR,False,False,False,False,False,False
2025-07-21 23:54:06.396,Split,Food,Unnecessary,Cone my part,170,Expense,,170.0,PKR,False,False,False,False,False,False
2025-07-21 23:54:31.929,Split,Ahmad Bhatti Loans,,Cone bhatti,170,Transfer-Out,,170.0,PKR,False,False,False,False,False,False
2025-07-21 23:54:46.480,Split,Fahad Loan,,Cone Fahad,170,Transfer-Out,,170.0,PKR,False,False,False,False,False,False
2025-07-21 23:55:05.275,Ahmad Bhatti Loans,Food,Unnecessary,DD single swiss mushroom with drink,888,Expense,Lake city with Bhatti and Fahad,888.0,PKR,False,False,False,False,False,False
2025-07-21 23:57:34.581,Meezan Bank,Transportation,Car,Yaris fuel ⛽,4572,Expense,Hi octane aramco,4572.0,PKR,False,False,False,False,False,False
2025-07-22 00:22:06.586,Meezan Bank,Family,General,FP Alishba dessert,682,Expense,,682.0,PKR,False,False,False,False,False,False
2025-07-22 00:51:57.207,Ahmad Bhatti Loans,Food,Unnecessary,Extraction,761,Expense,,761.0,PKR,False,False,False,False,False,False
2025-07-22 20:01:08.713,Ahmad Bhatti Loans,Spring Apartments,,Spring Field Apartment Token Amount,50000,Transfer-Out,,50000.0,PKR,False,False,False,False,False,False
2025-07-23 14:00:54.035,Meezan Bank,Household,General,Virsa multi grain aata,3150,Expense,,3150.0,PKR,False,False,False,False,False,False
2025-07-23 21:10:21.617,Meezan Bank,Cash,,Sahowari atm for mama,20000,Transfer-Out,She asked for 20k untimely,20000.0,PKR,False,False,False,False,False,False
2025-07-23 21:10:35.914,Cash,Mama Loan,,Mama Pocket Money untimely,20000,Transfer-Out,,20000.0,PKR,False,False,False,False,False,False
2025-07-23 23:42:39.731,Meezan Bank,Household,General,C&B water & snack,876,Expense,,876.0,PKR,False,False,False,False,False,False
2025-07-23 23:42:50.916,Cash,Donation,,,100,Expense,,100.0,PKR,False,False,False,False,False,False
2025-07-24 14:40:45.173,Ahmad Bhatti Loans,Food,Lunch,Sandwich extraction,822,Expense,,822.0,PKR,False,False,False,False,False,False
2025-07-24 19:41:10.875,JazzCash,Meezan Bank,,For Xiaomi phone repair,6000,Transfer-Out,,6000.0,PKR,False,False,False,False,False,False
2025-07-25 18:31:45.367,EasyPaisa,Household,General,Chicken from Meat & Eat,2150,Expense,,2150.0,PKR,False,False,False,False,False,False
2025-07-25 18:50:04.605,Meezan Bank,Household,General,Euro store,2413,Expense,"cure, Kingtox, mortein, sugar free brownies, popcorn",2413.0,PKR,False,False,False,False,False,False
2025-07-25 18:57:34.881,Meezan Bank,Health,Medicine,Konaz,348,Expense,,348.0,PKR,False,False,False,False,False,False
2025-07-25 19:20:19.502,Meezan Bank,Family,Pet,"JJ second vaccine shot, teeth issue, and clipping",5300,Expense,,5300.0,PKR,False,False,False,False,False,False
2025-07-25 19:38:52.271,Meezan Bank,Family,Pet,Cat treats,600,Expense,,600.0,PKR,False,False,False,False,False,False
2025-07-26 14:34:03.809,Meezan Bank,Allowance,,Mobile Allowance from Beyond ONE,5000,Income,,5000.0,PKR,False,False,False,False,False,False
2025-07-26 17:52:33.913,Meezan Bank,Transportation,Car,Yaris fuel ⛽,2000,Expense,,2000.0,PKR,False,False,False,False,False,False
2025-07-26 23:15:37.801,Meezan Bank,Food,Necessary,Rina's with Eman,7418,Expense,,7418.0,PKR,False,False,False,False,False,False
2025-07-26 23:40:49.387,Ahmad Bhatti Loans,Meezan Bank,,,15000,Transfer-Out,At Dolmen with Eman,15000.0,PKR,False,False,False,False,False,False
2025-07-26 23:41:01.986,Ahmad Bhatti Loans,Meezan Bank,,,20000,Transfer-Out,At Dolmen with Eman,20000.0,PKR,False,False,False,False,False,False
2025-07-26 23:41:56.475,Alishba Loans,Meezan Bank,,Alishba sent for Ethnic purchase,25000,Transfer-Out,,25000.0,PKR,False,False,False,False,False,False
2025-07-26 23:42:10.140,Meezan Bank,Family,Gift,Alishba and Areeba Ethnic clothes,26041,Expense,,26041.0,PKR,False,False,False,False,False,False
2025-07-27 01:12:11.173,Meezan Bank,Transportation,Car,Yaris fuel ⛽,2500,Expense,,2500.0,PKR,False,False,False,False,False,False
2025-07-27 18:43:33.893,Meezan Bank,Social Life,Friend,C&B bhatti and aiman,896,Expense,,896.0,PKR,False,False,False,False,False,False
2025-07-27 21:33:46.744,Meezan Bank,Cash,,For tyre puncture,2000,Transfer-Out,,2000.0,PKR,False,False,False,False,False,False
2025-07-27 22:35:04.981,Cash,Miscellaneous,,Car petty cash,1000,Expense,,1000.0,PKR,False,False,False,False,True,False
2025-07-27 22:35:39.287,Meezan Bank,Transportation,Car Maintenance,Yaris tyre puncture fixed,3500,Expense,"Attock pump Bahria, left back tyre",3500.0,PKR,False,False,False,False,False,False
2025-07-28 13:21:51.159,Meezan Bank,Investment,,Aqib lawyer fee for Spring Contract scrutiny,12000,Expense,,12000.0,PKR,False,False,False,False,False,False
2025-07-28 13:40:07.739,Meezan Bank,Technology,Bills,Jazz package,1800,Expense,,1800.0,PKR,False,False,False,False,False,False
2025-07-28 16:12:46.727,Meezan Bank,Salary,,Beyond ONE Salary #3 July 2025,712083,Income,,712083.0,PKR,False,False,False,False,False,False
2025-07-28 16:16:55.630,Provident Fund,Salary,,Beyond ONE Provident Fund #3 July 2025,154098,Income,,154098.0,PKR,False,False,False,False,False,False
2025-07-28 16:54:13.141,Mama Loan,Miscellaneous,,,4950,Expense,,4950.0,PKR,False,False,False,False,False,False
2025-07-28 16:54:19.423,Parents Spring Loan,Meezan Bank,,For Spring through Zaeem by Mama,400000,Transfer-Out,,400000.0,PKR,False,False,False,False,False,False
2025-07-28 16:54:45.954,Meezan Bank,Loan,,Maryam returned for carpool,1718,Income,,1718.0,PKR,False,False,False,False,False,False
2025-07-28 17:04:52.119,Ahmad Bhatti Loans,Food,Unnecessary,Double Shot Decaf with FB,1018,Expense,,1018.0,PKR,False,False,False,False,False,False
2025-07-28 19:38:32.541,Meezan Bank,Transportation,Car,Yaris fuel ⛽,8535,Expense,Aramco hi octane,8535.0,PKR,False,False,False,False,False,False
2025-07-28 20:55:12.714,Meezan Bank,Spring Apartments,,Down payment spring 1-bed apartment,300000,Transfer-Out,,300000.0,PKR,False,False,False,False,False,False
2025-07-28 23:44:26.731,Meezan Bank,Al Meezan Mutual Funds,,Mutual Funds Investment MCF,100000,Transfer-Out,,100000.0,PKR,False,False,False,False,False,False
2025-07-28 23:44:26.732,Meezan Bank,Religion,,Fees,100,Expense,,100.0,PKR,False,False,False,False,False,False
2025-07-29 00:51:21.540,Ahmad Bhatti Loans,Food,Unnecessary,MDQP,1430,Expense,,1430.0,PKR,False,False,False,False,False,False
2025-07-29 16:12:28.692,Parents Spring Loan,Meezan Bank,,Through zaeem for spring apartments,200000,Transfer-Out,,200000.0,PKR,False,False,False,False,False,False
2025-07-29 22:09:02.168,Meezan Bank,Office Loans,,Dinner for Omer at Junoon,20000,Transfer-Out,Omer Elsafar,20000.0,PKR,False,False,False,False,False,False
2025-07-29 22:49:19.455,Office Loans,Cash,,Hashim returned for Omer Junoon dinner,20000,Transfer-Out,,20000.0,PKR,False,False,False,False,False,False
2025-07-29 23:07:06.593,HBL,Miscellaneous,,"Unknown, do hisaab",8885,Expense,,8885.0,PKR,False,False,False,False,True,False
2025-07-29 23:07:34.663,Meezan Bank,Family,Pocket Money,Alishba pocket money Aug 2025,75000,Expense,Transferred to HBL ,75000.0,PKR,False,False,False,False,False,False
2025-07-30 00:16:49.760,Meezan Bank,Family,General,FP Alishba dinner chingqong,2675,Expense,,2675.0,PKR,False,False,False,False,False,False
2025-07-30 12:31:45.790,Meezan Bank,Split,,House with bhatti,1575,Transfer-Out,,1575.0,PKR,False,False,False,False,False,False
2025-07-30 14:15:05.771,Meezan Bank,Split,,Spread burger with Bhatti,3518,Transfer-Out,,3518.0,PKR,False,False,False,False,False,False
2025-07-30 14:15:25.150,Split,Ahmad Bhatti Loans,,Bhatti spread part,1759,Transfer-Out,,1759.0,PKR,False,False,False,False,False,False
2025-07-30 14:15:52.567,Split,Food,Unnecessary,Spread my part,1759,Expense,,1759.0,PKR,False,False,False,False,False,False
2025-07-30 16:57:01.436,Meezan Bank,Tabish Loan,,,10000,Transfer-Out,,10000.0,PKR,False,False,False,False,False,False
2025-07-31 00:50:52.414,Ahmad Bhatti Loans,Food,Unnecessary,Extraction,1181,Expense,,1181.0,PKR,False,False,False,False,False,False
2025-07-31 12:32:04.179,Split,Food,Unnecessary,House my part,788,Expense,,788.0,PKR,False,False,False,False,False,False
2025-07-31 12:32:13.196,Split,Ahmad Bhatti Loans,,House bhatti part,787,Transfer-Out,,787.0,PKR,False,False,False,False,False,False
2025-07-31 14:01:30.706,Meezan Bank,Food,Unnecessary,CBTL,3380,Expense,,3380.0,PKR,False,False,False,False,False,False
2025-07-31 17:22:13.732,Cash,Donation,,Padel staff,750,Expense,,750.0,PKR,False,False,False,False,False,False
2025-07-31 19:37:33.358,Cash,Social Life,Friend,Jamin Java LUMS with bhatti,2000,Expense,,2000.0,PKR,False,False,False,False,False,False
2025-07-31 19:39:05.597,Meezan Bank,Health,Sports,Padel,1425,Expense,,1425.0,PKR,False,False,False,False,False,False
2025-07-31 19:39:33.916,Cash,Household,General,Milk,363,Expense,,363.0,PKR,False,False,False,False,False,False
2025-07-31 19:42:21.040,Meezan Bank,Fahad Loan,,Fahad loan short term,50000,Transfer-Out,,50000.0,PKR,False,False,False,False,False,False
2025-07-31 20:13:21.585,Meezan Bank,Miscellaneous,,Do hisab of July to fix this,35366,Expense,,35366.0,PKR,False,False,False,False,True,False
2025-08-01 10:52:37.493,Cash,Food,Unnecessary,FP Naan Shaan Breakfast,735,Expense,,735.0,PKR,False,False,False,False,False,False
2025-08-01 13:04:33.412,Meezan Bank,Donation,,School fee salmoon,5000,Expense,,5000.0,PKR,False,False,False,False,False,False
2025-08-01 16:56:30.013,Cash,Household,Maintenance,AC water leaking,4000,Expense,,4000.0,PKR,False,False,False,False,False,False
2025-08-01 17:17:42.666,Fahad Loan,Meezan Bank,,Fahad loan returned,70500,Transfer-Out,,70500.0,PKR,False,False,False,False,False,False
2025-08-01 17:38:03.938,Cash,Transportation,Car Maintenance,Biryani for detailer,500,Expense,,500.0,PKR,False,False,False,False,False,False
2025-08-01 19:23:07.333,Meezan Bank,Transportation,Car Maintenance,Yaris oil filter change,8845,Expense,,8845.0,PKR,False,False,False,False,False,False
2025-08-01 20:57:23.978,Cash,Household,General,Buns from c&b,200,Expense,,200.0,PKR,False,False,False,False,False,False
2025-08-01 21:10:50.150,Cash,Household,General,Euro store,1850,Expense,,1850.0,PKR,False,False,False,False,False,False
2025-08-01 22:30:22.180,Cash,Food,Unnecessary,Soft Swirl Brownie Ice cream,500,Expense,,500.0,PKR,False,False,False,False,False,False
2025-08-01 23:08:05.002,Meezan Bank,Mama Loan,,For Ajmal Nasir,20000,Transfer-Out,,20000.0,PKR,False,False,False,False,False,False
2025-08-02 02:36:28.382,Meezan Bank,Entrepreneurship,,Xoraiz turing salary,54000,Expense,,54000.0,PKR,False,False,False,False,False,True
2025-08-03 02:44:51.692,Meezan Bank,Food,Unnecessary,Al Khan with Alishba and Aliyan,9760,Expense,,9760.0,PKR,False,False,False,False,False,False
2025-08-03 02:45:09.997,Cash,Donation,,Al Khan tips,600,Expense,,600.0,PKR,False,False,False,False,False,False
2025-08-03 15:00:21.396,Abujan Loans,Transportation,Parking,Sahowari car parking,4800,Expense,,4800.0,PKR,False,False,False,False,False,False
2025-08-03 16:13:57.614,Mama Loan,Meezan Bank,,For Waqas home construction,300000,Transfer-Out,,300000.0,PKR,False,False,False,False,False,False
2025-08-03 16:14:14.469,Meezan Bank,Mama Loan,,Cash withdrawn and sent to Mama,200000,Transfer-Out,100k left,200000.0,PKR,False,False,False,False,False,False
2025-08-03 17:30:26.838,Cash,Food,Necessary,FP Naan Shaan for Alishba,500,Expense,,500.0,PKR,False,False,False,False,False,False
2025-08-03 18:05:11.962,Meezan Bank,Household,Bills,Bahria Maali Salary,3500,Expense,,3500.0,PKR,False,False,False,False,False,False
2025-08-03 21:43:52.669,Mama Loan,Family,Pocket Money,Mama Pocket Money (10k excessive),40000,Expense,"20k given on 23 July untimely, and 20k she sent to Ajmal Nasir rajgarh. ",40000.0,PKR,False,False,False,False,False,False
2025-08-03 21:44:31.167,Meezan Bank,Household,Bills,Bahria PTCL Bill,7770,Expense,,7770.0,PKR,False,False,False,False,False,False
2025-08-03 21:44:51.836,Meezan Bank,Household,Bills,PTCL Sahowari bill,250,Expense,,250.0,PKR,False,False,False,False,False,False
2025-08-03 21:45:26.045,Meezan Bank,Abujan Loans,,Sahowari LESCO Bill #1,11391,Transfer-Out,,11391.0,PKR,False,False,False,False,False,False
2025-08-03 21:45:45.069,Meezan Bank,Abujan Loans,,Sahowari LESCO Bill #2,22372,Transfer-Out,,22372.0,PKR,False,False,False,False,False,False
2025-08-03 21:45:56.218,Meezan Bank,Abujan Loans,,Sahowari LESCO Bill #3,90,Transfer-Out,,90.0,PKR,False,False,False,False,False,False
2025-08-03 23:38:47.709,Abujan Loans,Family,Pocket Money,Abujan Pocket Money August 2025,35000,Expense,,35000.0,PKR,False,False,False,False,False,False
2025-08-04 01:47:44.571,Meezan Bank,Transportation,Car,Yaris fuel ⛽,3000,Expense,,3000.0,PKR,False,False,False,False,False,False
2025-08-04 12:55:03.644,Meezan Bank,Abujan Loans,,To saleem mech for Abujan,10000,Transfer-Out,,10000.0,PKR,False,False,False,False,False,False
2025-08-04 13:41:22.953,HBL,Tabish Loan,,Tabish qarz e hasana,20000,Transfer-Out,,20000.0,PKR,False,False,False,False,False,False
2025-08-04 15:00:56.234,Cash,Food,Lunch,Goga,500,Expense,,500.0,PKR,False,False,False,False,False,False
2025-08-04 15:01:04.487,Meezan Bank,Social Life,Friend,Cones with FB,540,Expense,,540.0,PKR,False,False,False,False,False,False
2025-08-04 15:25:52.478,Meezan Bank,Household,General,Jalal sons,915,Expense,"Condensed milk, washing powder, milk ×1",915.0,PKR,False,False,False,False,False,False
2025-08-04 16:03:19.000,Cash,Food,Unnecessary,Goga with paratha for Alishba,300,Expense,,300.0,PKR,False,False,False,False,False,False
2025-08-04 17:28:54.654,Meezan Bank,Household,Maintenance,Dawlance ac repair,1020,Expense,,1020.0,PKR,False,False,False,False,False,False
2025-08-04 22:57:50.179,Meezan Bank,Split,,"JJ with Bhatti, Aiman and Alishba",4220,Transfer-Out,,4220.0,PKR,False,False,False,False,False,False
2025-08-04 23:22:35.884,Split,Ahmad Bhatti Loans,,JJ Ahmad's part,2110,Transfer-Out,,2110.0,PKR,False,False,False,False,False,False
2025-08-04 23:22:50.319,Split,Social Life,Friend,JJ my part,2110,Expense,,2110.0,PKR,False,False,False,False,False,False
2025-08-05 17:49:00.425,Cash,Food,Lunch,Bannu beef plao with WB,500,Expense,,500.0,PKR,False,False,False,False,False,False
2025-08-05 17:49:30.375,Meezan Bank,Cash,,For USD conversion for meezan usd account,35000,Transfer-Out,,35000.0,PKR,False,False,False,False,False,False
2025-08-05 17:57:00.978,Meezan Bank,Split,,Extraction with Bhatti,1575,Transfer-Out,,1575.0,PKR,False,False,False,False,False,False
2025-08-05 17:57:09.029,Split,Food,Unnecessary,Extraction my part,788,Expense,,788.0,PKR,False,False,False,False,False,False
2025-08-05 17:57:22.625,Split,Ahmad Bhatti Loans,,Extraction Bhatti's part,788,Transfer-Out,,788.0,PKR,False,False,False,False,False,False
2025-08-05 19:58:07.749,Meezan Bank,Transportation,Car,Yaris fuel ⛽,8535,Expense,Aramco hi,8535.0,PKR,False,False,False,False,False,False
2025-08-05 20:16:04.396,Meezan Bank,Split,,To Aliyan for Mama,110000,Transfer-Out,,110000.0,PKR,False,False,False,False,False,False
2025-08-05 20:16:29.003,Split,Family,Pocket Money,Mama pocket money over,10000,Expense,Paid her 50k this month,10000.0,PKR,False,False,False,False,False,False
2025-08-05 20:16:54.871,Split,Mama Loan,,Umaid money for waqas construction returned completely,100000,Transfer-Out,,100000.0,PKR,False,False,False,False,False,False
2025-08-05 20:40:46.157,Meezan Bank,Household,Bills,Kaamwali cash,8000,Expense,,8000.0,PKR,False,False,False,False,False,False
2025-08-05 20:47:16.751,Cash,Household,General,C&B water ×1,261,Expense,,261.0,PKR,False,False,False,False,False,False
2025-08-05 20:56:40.276,Cash,Food,Necessary,Naan,130,Expense,,130.0,PKR,False,False,False,False,False,False
2025-08-05 21:02:05.766,Cash,Meezan USD,,$100 initial deposit,28500,Transfer-Out,,28500.0,PKR,False,False,False,False,False,False
2025-08-05 21:02:21.232,Cash,Ahmad Bhatti Loans,,Returned part of 85k loan,5000,Transfer-Out,,5000.0,PKR,False,False,False,False,False,False
2025-08-05 23:54:25.397,Ahmad Bhatti Loans,Meezan Bank,,For Spring Down payment,300000,Transfer-Out,,300000.0,PKR,False,False,False,False,False,False
2025-08-06 09:18:40.298,Meezan Bank,Food,Necessary,FP nashta,822,Expense,,822.0,PKR,False,False,False,False,False,False
2025-08-06 11:34:42.720,Meezan Bank,Abujan Loans,,To Adnan Saleem for Abujan,6000,Transfer-Out,,6000.0,PKR,False,False,False,False,False,False
2025-08-06 11:37:13.720,Cash,Household,General,Prema,380,Expense,,380.0,PKR,False,False,False,False,False,False
2025-08-06 12:48:37.385,Meezan Bank,Spring Apartments,,Spring apartment part down payment,700000,Transfer-Out,,700000.0,PKR,False,False,False,False,False,False
2025-08-06 12:48:58.945,Parents Spring Loan,Spring Apartments,,Spring apartment part down payment,500000,Transfer-Out,Pay order,500000.0,PKR,False,False,False,False,False,False
2025-08-06 18:25:34.907,Meezan Bank,Split,,C&B,1701,Transfer-Out,,1701.0,PKR,False,False,False,False,False,False
2025-08-06 18:27:51.797,Split,Family,Gift,Alishba areeba snacks,1250,Expense,,1250.0,PKR,False,False,False,False,False,False
2025-08-06 18:28:04.982,Split,Household,General,C&B water,450,Expense,,450.0,PKR,False,False,False,False,False,False
2025-08-06 18:34:54.613,Meezan Bank,Family,Gift,Snacks for Alishba and Areeba,520,Expense,Kebabjees,520.0,PKR,False,False,False,False,False,False
2025-08-06 18:35:04.589,Meezan Bank,Family,Gift,Snacks for Alishba and Areeba,351,Expense,Kebabjees,351.0,PKR,False,False,False,False,False,False
2025-08-06 20:20:17.427,Meezan Bank,JazzCash,,,10000,Transfer-Out,,10000.0,PKR,False,False,False,False,False,False
2025-08-06 20:21:21.125,JazzCash,Transportation,Challan,Yaris challans,3025,Expense,,3025.0,PKR,False,False,False,False,False,False
2025-08-06 20:22:51.789,JazzCash,Abujan Loans,,WagonR challan,315,Transfer-Out,,315.0,PKR,False,False,False,False,False,False
2025-08-06 21:15:08.370,Meezan Bank,Split,,Engine,12797,Transfer-Out,Bahria mall,12797.0,PKR,False,False,False,False,False,False
2025-08-06 21:16:00.405,Split,Family,Gift,Umaid Shirts Engine,8297,Expense,,8297.0,PKR,False,False,False,False,False,False
2025-08-06 21:16:16.578,Split,Apparel,,My t shirt Engine,4500,Expense,,4500.0,PKR,False,False,False,False,False,False
2025-08-06 23:30:19.208,Meezan Bank,Family,Gift,Fiza gift suit from chinyere,12080,Expense,Paid to Aliyan,12080.0,PKR,False,False,False,False,False,False
2025-08-07 09:10:41.248,Meezan Bank,Salary,,Turing partial (33%) salary,236050,Income,,236050.0,PKR,False,False,False,False,False,False
2025-08-07 09:11:18.319,Meezan Bank,Entrepreneurship,,Hammad Turing Salary July 2025,146080,Expense,,146080.0,PKR,False,False,False,False,False,True
2025-08-07 09:11:44.159,Meezan Bank,Entrepreneurship,,Hammad Turing Bonus July 2025,15000,Expense,,15000.0,PKR,False,False,False,False,False,True
2025-08-07 09:12:00.062,Meezan Bank,Entrepreneurship,,Haroon Turing Salary July 2025,59060,Expense,,59060.0,PKR,False,False,False,False,False,True
2025-08-07 09:12:14.991,Meezan Bank,Entrepreneurship,,Haroon Turing Bonus July 2025,10000,Expense,,10000.0,PKR,False,False,False,False,False,True
2025-08-07 17:30:27.533,Meezan USD,Bank Charges,,SMS Annual charges,1653,Expense,,5.8,USD,False,False,False,False,False,False
2025-08-07 17:32:40.663,Meezan Bank,Abdul Sami Loans,,Abdul Sami Qarz e hasana,40000,Transfer-Out,,40000.0,PKR,False,False,False,False,False,False
2025-08-07 20:46:03.052,Cash,Miscellaneous,,,18500,Expense,,18500.0,PKR,False,False,False,False,False,False
2025-08-07 21:02:10.972,Meezan Bank,Salary,,Turing remittance from Deel,639355,Income,Remaining,639355.0,PKR,False,False,False,False,False,False
2025-08-07 21:03:26.847,Meezan Bank,Ahmad Bhatti Loans,,Loan return,340000,Transfer-Out,"300k borrowed for spring at EOM, and 40k of 80k other loan",340000.0,PKR,False,False,False,False,False,False
2025-08-07 22:33:20.185,JazzCash,Technology,Bills,Zong package,600,Expense,,600.0,PKR,False,False,False,False,False,False
2025-08-08 00:57:01.124,Ahmad Bhatti Loans,Miscellaneous,,,9467,Expense,,9467.0,PKR,False,False,False,False,False,False
2025-08-08 15:00:04.767,Meezan Bank,Food,Necessary,Extraction sandwich,788,Expense,,788.0,PKR,False,False,False,False,False,False
2025-08-08 15:14:56.489,Cash,Family,Gift,Card for Alishba,350,Expense,Extraction,350.0,PKR,False,False,False,False,False,False
2025-08-08 16:45:20.637,Meezan Bank,Technology,Maintenance,Poco x3 repair,8500,Expense,,8500.0,PKR,False,False,False,False,False,False
2025-08-08 16:45:36.250,Meezan Bank,Technology,Purchases,Charger n cable poco,2200,Expense,,2200.0,PKR,False,False,False,False,False,False
2025-08-08 21:29:34.890,Meezan Bank,Food,Unnecessary,Mei Kong dinner with Alishba,5177,Expense,,5177.0,PKR,False,False,False,False,False,False
2025-08-08 21:31:42.990,Cash,Donation,,Tip,500,Expense,,500.0,PKR,False,False,False,False,False,False
2025-08-08 21:52:34.731,Meezan Bank,Family,Pet,Pets n stuff,7650,Expense,"Litter, cat box, food",7650.0,PKR,False,False,False,False,False,False
2025-08-08 21:57:44.226,Meezan Bank,Tabish Loan,,Tabish qarz e hasana,10000,Transfer-Out,,10000.0,PKR,False,False,False,False,False,False
2025-08-08 23:24:34.177,Meezan Bank,Self-development,,Donation as kaffara for overeating,1000,Expense,,1000.0,PKR,False,False,False,False,False,False
2025-08-09 00:50:52.675,Meezan Bank,Food,Unnecessary,Dominos overeating,1450,Expense,,1450.0,PKR,False,False,False,False,False,False
2025-08-09 00:53:15.431,Meezan Bank,Self-development,,To Alishba as kaffara for eating dominos,5000,Expense,,5000.0,PKR,False,False,False,False,False,False
2025-08-09 12:42:08.694,Meezan Bank,Household,Bills,Bahria Electricity Bill July 2025,43410,Expense,,43410.0,PKR,False,False,False,False,False,False
2025-08-09 14:36:16.354,Meezan Bank,Donation,,Vet Consultation charges,1500,Expense,Stray cat,1500.0,PKR,False,False,False,False,False,False
2025-08-09 17:12:39.278,Cash,Household,General,Olpers milk delivery,500,Expense,Coffee,500.0,PKR,False,False,False,False,False,False
2025-08-09 18:50:57.837,Meezan Bank,Transportation,Car Maintenance,Yaris jack purchase from PakWheels,3773,Expense,,3773.0,PKR,False,False,False,False,False,False
2025-08-10 12:36:32.594,Meezan Bank,Split,,Bahria maintenance bill + maali tip,4500,Transfer-Out,,4500.0,PKR,False,False,False,False,False,False
2025-08-10 12:36:45.467,Split,Household,Bills,Bahria Maintenance Bill July 2025,4100,Expense,,4100.0,PKR,False,False,False,False,False,False
2025-08-10 12:37:01.470,Split,Donation,,Maali tip,400,Expense,,400.0,PKR,False,False,False,False,False,False
2025-08-10 22:59:38.445,JazzCash,Abujan Loans,,Jazz package,1500,Transfer-Out,,1500.0,PKR,False,False,False,False,False,False
2025-08-10 22:59:51.874,Meezan Bank,Household,Bills,SNGPL Bahria,850,Expense,,850.0,PKR,False,False,False,False,False,False
2025-08-11 01:29:21.246,Meezan Bank,Cash,,For DUMx with Tabish,4000,Transfer-Out,,4000.0,PKR,False,False,False,False,False,False
2025-08-11 01:29:28.503,Cash,Social Life,Friend,DUmx,3600,Expense,,3600.0,PKR,False,False,False,False,False,False
2025-08-11 12:52:40.489,Meezan Bank,Tabish Loan,,Tabish qarz e hasana,30000,Transfer-Out,,30000.0,PKR,False,False,False,False,False,False
2025-08-11 13:13:33.697,Meezan Bank,Split,,Extraction,3050,Transfer-Out,,3050.0,PKR,False,False,False,False,False,False
2025-08-11 13:14:02.118,Split,Ahmad Bhatti Loans,,Extraction Bhatti's part,2010,Transfer-Out,,2010.0,PKR,False,False,False,False,False,False
2025-08-11 13:14:21.200,Split,Food,Lunch,Extraction my part,1040,Expense,,1040.0,PKR,False,False,False,False,False,False
2025-08-11 14:38:23.130,Meezan Bank,Split,,Two coffees extraction,1575,Transfer-Out,,1575.0,PKR,False,False,False,False,False,False
2025-08-11 14:38:36.340,Split,Ahmad Bhatti Loans,,Extraction coffee bhatti,788,Transfer-Out,,788.0,PKR,False,False,False,False,False,False
2025-08-11 14:38:48.369,Split,Food,Unnecessary,Extraction coffee me,788,Expense,,788.0,PKR,False,False,False,False,False,False
2025-08-11 19:43:17.131,Meezan Bank,Donation,,To H&H vet for stray cat treatment,3260,Expense,,3260.0,PKR,False,False,False,False,False,False
2025-08-11 19:53:02.245,Meezan Bank,Family,Health/Medicine,Alishba fungal cream,180,Expense,,180.0,PKR,False,False,False,False,False,False
2025-08-12 12:10:28.438,Meezan Bank,Mama Loan,,Mama Sajda Zakat,5000,Transfer-Out,,5000.0,PKR,False,False,False,False,False,False
2025-08-12 14:53:19.633,Ahmad Bhatti Loans,Food,Unnecessary,Double shot,1019,Expense,,1019.0,PKR,False,False,False,False,False,False
2025-08-12 14:54:01.496,Meezan Bank,Food,Necessary,Lunch biryani,500,Expense,,500.0,PKR,False,False,False,False,False,False
2025-08-12 19:11:23.890,Meezan Bank,Family,Pet,Josera Kitten food for Sahowari for JJ,4900,Expense,from Sheheryar,4900.0,PKR,False,False,False,False,False,False
2025-08-12 21:00:12.167,Meezan Bank,Family,General,Prints of air tickets,250,Expense,,250.0,PKR,False,False,False,False,False,False
2025-08-12 22:19:18.727,Meezan Bank,Fahad Loan,,,8000,Transfer-Out,,8000.0,PKR,False,False,False,False,False,False
2025-08-13 14:03:10.869,Meezan Bank,Split,,Fruits Al Fateh with Bhatti,1000,Transfer-Out,,1000.0,PKR,False,False,False,False,False,False
2025-08-13 21:14:21.773,Meezan Bank,Food,Unnecessary,Kebabjees snacks,261,Expense,,261.0,PKR,False,False,False,False,False,False
2025-08-13 21:41:32.997,Meezan Bank,Household,General,C&B buns and eggs,422,Expense,,422.0,PKR,False,False,False,False,False,False
2025-08-13 21:41:42.998,Meezan Bank,Household,General,"Jalal sons buns, raita, ketchup",1013,Expense,,1013.0,PKR,False,False,False,False,False,False
2025-08-13 21:53:14.311,Split,Ahmad Bhatti Loans,,Al Fateh fruits,500,Transfer-Out,,500.0,PKR,False,False,False,False,False,False
2025-08-13 21:53:22.063,Split,Food,Unnecessary,Al Fateh Fruits,949,Expense,,949.0,PKR,False,False,False,False,False,False
2025-08-13 22:35:47.435,HBL,Culture,Movie,Weapons movie with Alishba,5000,Expense,,5000.0,PKR,False,False,False,False,False,False
2025-08-14 02:23:18.836,HBL,Food,Unnecessary,Popcorn and water at universal,800,Expense,,800.0,PKR,False,False,False,False,False,False
2025-08-14 17:00:30.943,Meezan Bank,Split,,Euro Store Groceries + lock n lock pet food containers,8527,Transfer-Out,,8527.0,PKR,False,False,False,False,False,False
2025-08-14 17:25:14.248,Meezan Bank,Household,General,Piyazz garma,1000,Expense,,1000.0,PKR,False,False,False,False,False,False
2025-08-14 18:00:17.994,Meezan Bank,Donation,,Stray kitten final boarding fee,2000,Expense,,2000.0,PKR,False,False,False,False,False,False
2025-08-14 18:01:18.126,Split,Family,Pet,Lock n Lock pet food containers,4000,Expense,,4000.0,PKR,False,False,False,False,False,False
2025-08-14 18:01:31.383,Split,Household,General,Groceries,4077,Expense,"Dalda oil ×2, milk ×2, eggs ×12",4077.0,PKR,False,False,False,False,False,False
2025-08-14 18:02:19.782,Meezan Bank,Household,General,Tomatoes,277,Expense,,277.0,PKR,False,False,False,False,False,False
2025-08-14 18:02:31.943,Meezan Bank,Household,General,Washing detergent,671,Expense,,671.0,PKR,False,False,False,False,False,False
2025-08-14 19:12:11.087,Meezan Bank,Social Life,Friend,Juice for Ahmad and Wife,270,Expense,,270.0,PKR,False,False,False,False,False,False
2025-08-14 23:38:18.135,Meezan Bank,Ahmad Bhatti Loans,,Moggy food for bhatti,951,Transfer-Out,,951.0,PKR,False,False,False,False,False,False
2025-08-15 02:47:24.477,Meezan Bank,Transportation,Bike,Ybr fuel,3009,Expense,,3009.0,PKR,False,False,False,False,False,False
2025-08-15 02:47:38.471,Meezan Bank,Split,,Dagwood WAFR,1970,Transfer-Out,,1970.0,PKR,False,False,False,False,False,False
2025-08-15 02:48:06.732,Split,Ahmad Bhatti Loans,,Dagwood Bhatti's part,985,Transfer-Out,,985.0,PKR,False,False,False,False,False,False
2025-08-15 02:48:21.903,Split,Fahad Loan,,Dagwood Fahad's part,350,Transfer-Out,,350.0,PKR,False,False,False,False,False,False
2025-08-15 02:48:48.062,Split,Food,Unnecessary,Dagwood my part,635,Expense,,635.0,PKR,False,False,False,False,False,False
2025-08-16 00:33:25.852,Meezan Bank,Miscellaneous,,Car petty cash,1500,Expense,,1500.0,PKR,False,False,False,False,True,False
2025-08-16 00:33:43.008,Meezan Bank,Family,General,Alishba sweets,417,Expense,,417.0,PKR,False,False,False,False,False,False
2025-08-16 00:33:57.583,Meezan Bank,Family,Health/Medicine,Aliyan clinix meds,556,Expense,,556.0,PKR,False,False,False,False,False,False
2025-08-16 01:07:27.148,Meezan Bank,Household,General,C&B water,226,Expense,,226.0,PKR,False,False,False,False,False,False
2025-08-16 13:37:07.430,Meezan Bank,Alishba Loans,,Alishba order,4700,Transfer-Out,,4700.0,PKR,False,False,False,False,False,False
2025-08-16 16:16:56.186,Meezan Bank,Food,Necessary,Dominos breakfast,2300,Expense,,2300.0,PKR,False,False,False,False,False,False
2025-08-16 17:59:43.156,Meezan Bank,Cash,,Bahria hospital atm,20000,Transfer-Out,,20000.0,PKR,False,False,False,False,False,False
2025-08-16 17:59:50.392,Cash,Family,Health/Medicine,Alishba gen phys checkup cat bite,3500,Expense,,3500.0,PKR,False,False,False,False,False,False
2025-08-16 18:00:13.771,Cash,Health,Hospital,My checkup for cat and dog exposure rabies,3500,Expense,,3500.0,PKR,False,False,False,False,False,False
2025-08-16 18:18:48.873,Meezan Bank,Tabish Loan,,Tabish qarz e hasana,5000,Transfer-Out,,5000.0,PKR,False,False,False,False,False,False
2025-08-16 18:59:14.303,Cash,Health,Medicine,Bahria hospital pharmacy,2130,Expense,,2130.0,PKR,False,False,False,False,False,False
2025-08-16 23:20:17.461,Meezan Bank,Family,Gift,Teen Musafir Advance for Alishba and Areeba,30000,Expense,Firefest 8.0,30000.0,PKR,False,False,False,False,False,False
2025-08-17 16:40:44.289,Cash,Household,General,C&B water ×1 only,226,Expense,,226.0,PKR,False,False,False,False,False,False
2025-08-17 16:41:41.475,Cash,Food,Unnecessary,Condensed milk,400,Expense,,400.0,PKR,False,False,False,False,False,False
2025-08-17 23:23:03.094,Cash,Split,,Ice cream with WBR,1000,Transfer-Out,,1000.0,PKR,False,False,False,False,False,False
2025-08-17 23:23:27.136,Split,Social Life,Friend,Soft swirl me,250,Expense,,250.0,PKR,False,False,False,False,False,False
2025-08-17 23:23:39.717,Split,Ahmad Bhatti Loans,,Soft swirl Bhatti's part,250,Transfer-Out,,250.0,PKR,False,False,False,False,False,False
2025-08-17 23:24:24.348,Split,Wasiq Loan,,Soft swirl Wasiq's part,500,Transfer-Out,,500.0,PKR,False,False,False,False,False,False
2025-08-17 23:24:47.198,Wasiq Loan,Social Life,Friend,Chongqing wei dao,380,Expense,,380.0,PKR,False,False,False,False,False,False
2025-08-18 00:18:07.193,Cash,Food,Unnecessary,Alishba Dahi Bhallay and Samosay Dinner,700,Expense,,700.0,PKR,False,False,False,False,False,False
2025-08-18 18:52:45.158,Meezan Bank,Transportation,Car,Yaris fuel ⛽,9263,Expense,Aramco hi,9263.0,PKR,False,False,False,False,False,False
2025-08-18 21:18:22.063,Meezan Bank,Split,,Al Khan with Bhatti and Fahad,10505,Transfer-Out,Plus Club Sandwich for Alishba,10505.0,PKR,False,False,False,False,False,False
2025-08-18 21:37:47.031,Meezan Bank,Household,General,Prema milk,380,Expense,,380.0,PKR,False,False,False,False,False,False
2025-08-18 21:39:00.705,Split,Social Life,Friend,Al Khan dinner my part,3155,Expense,,3155.0,PKR,False,False,False,False,False,False
2025-08-18 21:39:18.090,Split,Ahmad Bhatti Loans,,Al Khan Dinner Bhatti's part,3155,Transfer-Out,,3155.0,PKR,False,False,False,False,False,False
2025-08-18 21:39:30.271,Split,Fahad Loan,,Al Khan Dinner Fahad's part,3155,Transfer-Out,,3155.0,PKR,False,False,False,False,False,False
2025-08-18 21:39:43.676,Split,Family,General,Alishba club sandwich Al Khan,1040,Expense,,1040.0,PKR,False,False,False,False,False,False
2025-08-19 09:25:30.894,Meezan Bank,Food,Unnecessary,FP Naan Chanay for Alishba,625,Expense,,625.0,PKR,False,False,False,False,False,False
2025-08-20 00:05:11.181,Meezan Bank,Food,Necessary,KFC with team,841,Expense,"3365 total, Usman and Maryam have returned",841.0,PKR,False,False,False,False,False,False
2025-08-20 12:40:16.533,Cash,Food,Unnecessary,Biryani mAster Biryani for me,500,Expense,,500.0,PKR,False,False,False,False,False,False
2025-08-20 19:17:57.026,Meezan Bank,Family,Gift,Ayesha Shafqat Board Result Gift,3450,Expense,,3450.0,PKR,False,False,False,False,False,False
2025-08-20 19:33:30.209,Cash,Culture,,Monopoly pak,1615,Expense,,1615.0,PKR,False,False,False,False,False,False
2025-08-21 01:19:45.467,Meezan Bank,Self-development,,Instagram kaffara to Al Khidmat,20000,Expense,,20000.0,PKR,False,False,False,False,False,False
2025-08-22 11:02:37.978,Meezan Bank,Family,General,Alishba powerbank,9400,Expense,Faster 30k mAh,9400.0,PKR,False,False,False,False,False,False
2025-08-22 19:57:38.425,Cash,Household,General,Euro groceries,1314,Expense,,1314.0,PKR,False,False,False,False,False,False
2025-08-22 20:18:14.842,Meezan Bank,Household,General,Fruits & vegetables,1880,Expense,,1880.0,PKR,False,False,False,False,False,False
2025-08-22 20:38:47.497,Cash,Household,General,Rotiyan,100,Expense,,100.0,PKR,False,False,False,False,False,False
2025-08-22 22:18:35.042,Cash,Food,Unnecessary,Alishba adil milk shop,1000,Expense,,1000.0,PKR,False,False,False,False,False,False
2025-08-23 22:04:53.972,Meezan Bank,Social Life,Friend,"Hardees with Bhatti, Aiman, Alishba",6971,Expense,,6971.0,PKR,False,False,False,False,False,False
2025-08-24 01:37:00.502,Meezan Bank,Health,Medicine,Clinix zyrtec,450,Expense,,450.0,PKR,False,False,False,False,False,False
2025-08-24 14:04:59.961,Meezan Bank,Food,Unnecessary,FP Yakhni Plao Breakfast,1032,Expense,,1032.0,PKR,False,False,False,False,False,False
2025-08-25 04:03:29.205,Meezan Bank,Food,Unnecessary,FP houlihens pizza,1686,Expense,,1686.0,PKR,False,False,False,False,False,False
2025-08-25 20:38:11.637,Meezan Bank,Family,Pet,Cat scratch pad from epets,850,Expense,,850.0,PKR,False,False,False,False,False,False
2025-08-25 21:06:42.630,Meezan Bank,Household,General,Cash for sahowari house expenses to Alishba,3500,Expense,,3500.0,PKR,False,False,False,False,False,False
2025-08-26 01:44:08.034,Meezan Bank,Food,Unnecessary,Solli's for Alishba,3922,Expense,,3922.0,PKR,False,False,False,False,False,False
2025-08-26 01:44:31.394,Cash,Transportation,Car Maintenance,Car tyre inflation,100,Expense,,100.0,PKR,False,False,False,False,False,False
2025-08-26 01:45:04.117,Cash,Donation,,Parking guard tips,200,Expense,,200.0,PKR,False,False,False,False,False,False
2025-08-26 01:45:16.649,Cash,Donation,,Tip at Solli's,200,Expense,,200.0,PKR,False,False,False,False,False,False
2025-08-26 08:47:36.101,Faysal Noor World,Bank Charges,,Faysal Noor Credit Card Annual Fee,26000,Expense,,26000.0,PKR,False,False,False,False,False,False
2025-08-26 13:14:38.373,Faysal Noor World,Social Life,Friend,Extraction with Tabish (estimated),2500,Expense,,2500.0,PKR,False,False,False,False,False,False
2025-08-26 13:47:22.504,EasyPaisa,Meezan Bank,,For Alishba uhs challan,5000,Transfer-Out,For Degree,5000.0,PKR,False,False,False,False,False,False
2025-08-26 13:47:32.859,Meezan Bank,Cash,,For Alishba uhs challan for degree,9500,Transfer-Out,,9500.0,PKR,False,False,False,False,False,False
2025-08-26 13:47:45.256,Cash,Family,General,Alishba uhs challan for degree paid at BOP,10000,Expense,,10000.0,PKR,False,False,False,False,False,False
2025-08-26 18:08:46.375,Faysal Noor World,Food,Unnecessary,Extraction coffee,787,Expense,,787.0,PKR,False,False,False,False,False,False
2025-08-26 19:53:14.606,Faysal Noor World,Transportation,Car,Yaris fuel ⛽,7705,Expense,Aramco hi,7705.0,PKR,False,False,False,False,False,False
2025-08-27 01:06:24.753,Al Meezan Mutual Funds,Profit,,,7793,Income,,7793.0,PKR,False,False,False,False,False,False
2025-08-27 01:06:34.555,Al Meezan Mutual Funds,Meezan Bank,,Withdrawal for Rayyan Khan Refund,10000,Transfer-Out,,10000.0,PKR,False,False,False,False,False,False
2025-08-27 01:06:48.172,Meezan Bank,Entrepreneurship,,Rayyan Khan 50% refund paid,5000,Expense,Web dev c6 refund,5000.0,PKR,False,False,False,False,False,True
2025-08-27 09:57:03.495,JazzCash,Technology,Bills,Jazz package,1500,Expense,,1500.0,PKR,False,False,False,False,False,False
2025-08-27 14:02:31.637,Faysal Noor World,Food,Unnecessary,Extraction with Bhatti and Wasiq,1575,Expense,,1575.0,PKR,False,False,False,False,False,False
2025-08-27 18:09:35.958,Al Meezan Mutual Funds,Meezan Bank,,For cue cinemas,10000,Transfer-Out,,10000.0,PKR,False,False,False,False,False,False
2025-08-27 18:09:35.959,Al Meezan Mutual Funds,Bank Charges,,Fees,100,Expense,,100.0,PKR,False,False,False,False,False,False
2025-08-27 18:09:38.989,Meezan Bank,HBL,,For Cue Cinemas Ticket,10000,Transfer-Out,,10000.0,PKR,False,False,False,False,False,False
2025-08-27 18:10:01.984,Split,Aun Loan,,Aun's Part Cue Cinemas Tickets,5600,Transfer-Out,"Demon slayer. Aun, Areeba",5600.0,PKR,False,False,False,False,False,False
2025-08-27 18:10:01.984,HBL,Split,,Cue Cinemas Movie Tickets,11200,Transfer-Out,"Demon slayer. Aun, Areeba, me, Alishba",11200.0,PKR,False,False,False,False,False,False
2025-08-27 18:10:01.984,Split,Family,General,My Part Cue Cinemas Tickets,5600,Expense,Demon slayer. Me and Alishba,5600.0,PKR,False,False,False,False,False,False
2025-08-27 19:49:19.283,Faysal Noor World,Food,Unnecessary,Freaky Fries Cue Cinemas,600,Expense,,600.0,PKR,False,False,False,False,False,False
2025-08-27 19:49:28.111,Cash,Food,Unnecessary,Freaky Fries Cue Cinemas dip,250,Expense,,250.0,PKR,False,False,False,False,False,False
2025-08-27 20:37:03.799,Faysal Noor World,Food,Unnecessary,Cue cinemas popcorn and stuff,2200,Expense,,2200.0,PKR,False,False,False,False,False,False
2025-08-27 22:58:07.015,Split,Aun Loan,,Aun's part Zoro,3861,Transfer-Out,,3861.0,PKR,False,False,False,False,False,False
2025-08-27 22:58:07.015,Split,Family,General,My part Zoro,1930,Expense,,1930.0,PKR,False,False,False,False,False,False
2025-08-27 22:58:07.015,Faysal Noor World,Split,,"Zoro with Alishba, Aun, Areeba",5791,Transfer-Out,,5791.0,PKR,False,False,False,False,False,False
2025-08-27 23:09:37.172,Faysal Noor World,Food,Necessary,Water,105,Expense,,105.0,PKR,False,False,False,False,False,False
2025-08-28 00:16:18.357,Faysal Noor World,Health,Medicine,Alishba Medicine Thyronorm,334,Expense,,334.0,PKR,False,False,False,False,False,False
2025-08-28 14:26:08.045,Faysal Noor World,Split,,Double Shot with Bhatti,3056,Transfer-Out,,3056.0,PKR,False,False,False,False,False,False
2025-08-28 14:26:22.535,Split,Food,Unnecessary,Coffee double shot me,1019,Expense,,1019.0,PKR,False,False,False,False,False,False
2025-08-28 14:26:33.957,Split,Ahmad Bhatti Loans,,Coffee double shot Ahmad and Aiman,2037,Transfer-Out,,2037.0,PKR,False,False,False,False,False,False
2025-08-28 22:28:19.992,Faysal Noor World,Family,Health/Medicine,Alishba fertility medication,1537,Expense,,1537.0,PKR,False,False,False,False,False,False
2025-08-28 22:33:18.344,Meezan Bank,HBL,,For Netflix Payment,1200,Transfer-Out,,1200.0,PKR,False,False,False,False,False,False
2025-08-28 23:11:09.257,Faysal Noor World,Food,Necessary,Malik Spicy dinner,2390,Expense,,2390.0,PKR,False,False,False,False,False,False
2025-08-29 13:34:45.029,Faysal Noor World,Food,Necessary,Subway,1248,Expense,,1248.0,PKR,False,False,False,False,False,False
2025-08-29 13:44:51.041,Faysal Noor World,Household,General,Milk,380,Expense,,380.0,PKR,False,False,False,False,False,False
2025-08-29 18:59:45.415,Faysal Noor World,Household,General,Euro Store Crown Groceries,30925,Expense,2× lucky draw,30925.0,PKR,False,False,False,False,False,False
2025-08-29 19:00:18.968,Faysal Noor World,Food,Necessary,C&B Water and food,1491,Expense,,1491.0,PKR,False,False,False,False,False,False
2025-08-29 19:21:15.183,Faysal Noor World,Split,,Cue cinemas weapons tickets,12000,Transfer-Out,Fahad and Bhatti,12000.0,PKR,False,False,False,False,False,False
2025-08-29 19:21:31.702,Split,Ahmad Bhatti Loans,,Bhatti weapons ticket,2500,Transfer-Out,,2500.0,PKR,False,False,False,False,False,False
2025-08-29 19:21:50.414,Split,Fahad Loan,,Fahad Weapons ticket,2500,Transfer-Out,,2500.0,PKR,False,False,False,False,False,False
2025-08-29 19:22:05.254,Split,Social Life,Friend,Weapons tickets me and part of others',7000,Expense,,7000.0,PKR,False,False,False,False,False,False
2025-08-29 19:22:33.381,Faysal Noor World,Social Life,Friend,Popcorn etc for Fahad and Bhatti,1150,Expense,,1150.0,PKR,False,False,False,False,False,False
2025-08-29 19:22:52.287,Faysal Noor World,Food,Unnecessary,Freaky fries cue cinemas,850,Expense,,850.0,PKR,False,False,False,False,False,False
2025-08-29 19:23:25.827,Faysal Noor World,Fahad Loan,,Nachos Fahad che,2000,Transfer-Out,,2000.0,PKR,False,False,False,False,False,False
2025-08-29 19:24:28.910,Faysal Noor World,Food,Unnecessary,Alishba solli's,1937,Expense,,1937.0,PKR,False,False,False,False,False,False
2025-08-29 21:11:57.467,Faysal Noor World,Ahmad Bhatti Loans,,Bhatti and Fahad extraction,4357,Transfer-Out,,4357.0,PKR,False,False,False,False,False,False
2025-08-30 19:19:13.446,Faysal Noor World,Entrepreneurship,,Mahad Bhatti refund,9000,Expense,Web dev c6 refunds,9000.0,PKR,False,False,False,False,False,True
2025-08-30 19:19:32.351,Faysal Noor World,Entrepreneurship,,Ahmad Tahir refund,5000,Expense,Web dev c6 refunds,5000.0,PKR,False,False,False,False,False,True
2025-08-30 23:31:51.130,Faysal Noor World,Cash,,Took cash from Tabish,9000,Transfer-Out,,9000.0,PKR,False,False,False,False,False,False
2025-08-31 00:07:07.877,Cash,Household,Bills,Kaamwali Bahria,7000,Expense,,7000.0,PKR,False,False,False,False,False,False
2025-08-31 00:59:02.909,Faysal Noor World,Family,Gift,Alishba flowers,1200,Expense,,1200.0,PKR,False,False,False,False,False,False
2025-08-31 00:59:18.747,Faysal Noor World,Social Life,Friend,"Yum Chinese with Tabish, Zainab",12008,Expense,,12008.0,PKR,False,False,False,False,False,False
2025-09-01 00:54:11.221,Faysal Noor World,Split,,Kebabjees bakers,661,Transfer-Out,,661.0,PKR,False,False,False,False,False,False
2025-09-01 00:54:22.789,Split,Ahmad Bhatti Loans,,Kevabjees bhatti,339,Transfer-Out,,339.0,PKR,False,False,False,False,False,False
2025-09-01 00:54:50.210,Split,Food,Unnecessary,Kebabjees snacks,322,Expense,,322.0,PKR,False,False,False,False,False,False
2025-09-01 19:21:27.755,Fahad Loan,Meezan Bank,,Fahad Splitwise settled,16000,Transfer-Out,,16000.0,PKR,False,False,False,False,False,False
2025-09-01 19:21:54.579,Meezan Bank,Tabish Loan,,Tabish qarz e hasana,10000,Transfer-Out,,10000.0,PKR,False,False,False,False,False,False
2025-09-01 20:31:10.057,Faysal Noor World,Health,Gym,Gym membership,10000,Expense,4k registration non refundable ,10000.0,PKR,False,False,False,False,False,False
2025-09-01 21:59:04.010,Faysal Noor World,Food,Unnecessary,FP Dinner Biryani Bombay,2317,Expense,,2317.0,PKR,False,False,False,False,False,False
2025-09-02 15:29:54.941,Faysal Noor World,Split,,Chai Khana Lunch,6279,Transfer-Out,,6279.0,PKR,False,False,False,False,False,False
2025-09-02 15:30:03.130,Split,Food,Necessary,Chai Khana Lunch my part,2224,Expense,,2224.0,PKR,False,False,False,False,False,False
2025-09-02 15:30:24.615,Split,Ahmad Bhatti Loans,,Chai Khana Lunch Bhatti's part,2027,Transfer-Out,,2027.0,PKR,False,False,False,False,False,False
2025-09-02 15:30:38.310,Split,Wasiq Loan,,Chai Khana Lunch Wasiq's Part,2028,Transfer-Out,,2028.0,PKR,False,False,False,False,False,False
2025-09-02 17:30:00.081,Meezan Bank,Salary,,Beyond ONE Salary #4 August 2025,712083,Income,,712083.0,PKR,False,False,False,False,False,False
2025-09-02 20:19:06.181,Faysal Noor World,Transportation,Car Maintenance,Yaris used tyre purchase plus wheel alignment,6000,Expense,"1k for alignment, 5k for tyre",6000.0,PKR,False,False,False,False,False,False
2025-09-02 21:22:45.007,Provident Fund,Salary,,Beyond ONE Provident Fund #4 August 2025,154098,Income,,154098.0,PKR,False,False,False,False,False,False
2025-09-02 22:28:13.381,Meezan Bank,Loan,,Maryam returned for carpool,687,Income,,687.0,PKR,False,False,False,False,False,False
2025-09-02 22:31:43.130,Meezan Bank,Miscellaneous,,Do hisaab of August to fix,67120,Expense,,67120.0,PKR,False,False,False,False,True,False
2025-09-02 22:33:09.095,Meezan Bank,Family,Pocket Money,Alishba Pocket Money Sept 2025,100000,Expense,,100000.0,PKR,False,False,False,False,False,False
2025-09-02 22:39:53.593,Meezan Bank,Household,Bills,SNGPL Bahria,910,Expense,,910.0,PKR,False,False,False,False,False,False
2025-09-02 22:47:11.374,Meezan Bank,Faysal Noor World,,Faysal Noor Credit Card Advance Bill Payment,146383,Transfer-Out,26k annual fee left at this point,146383.0,PKR,False,False,False,False,False,False
2025-09-02 23:56:55.368,Meezan Bank,Danish Loan,,Kindle Paperwhite 12th Gen 16Gb with cover and charger brick from Amazon UK,73189,Transfer-Out,Used Danish's wise card,73189.0,PKR,False,False,False,False,False,False
2025-09-03 00:41:17.716,Meezan Bank,Al Meezan Mutual Funds,,Mutual Funds Investment MCF,50000,Transfer-Out,,50000.0,PKR,False,False,False,False,False,False
2025-09-03 00:41:17.717,Meezan Bank,Religion,,Fees,80,Expense,,80.0,PKR,False,False,False,False,False,False
2025-09-03 01:02:37.932,Meezan Bank,Tabish Loan,,Tabish qarz e hasana,50000,Transfer-Out,,50000.0,PKR,False,False,False,False,False,False
2025-09-03 13:30:21.903,Wasiq Loan,Food,Necessary,Lunch dhaba,333,Expense,,333.0,PKR,False,False,False,False,False,False
2025-09-03 14:14:29.716,Faysal Noor World,Split,,Extraction with Bhatti and Maryam,1627,Transfer-Out,,1627.0,PKR,False,False,False,False,False,False
2025-09-03 14:14:48.246,Split,Ahmad Bhatti Loans,,Extraction Bhatti's part,407,Transfer-Out,,407.0,PKR,False,False,False,False,False,False
2025-09-03 14:15:23.356,Split,Food,Unnecessary,Extraction my part,407,Expense,,407.0,PKR,False,False,False,False,False,False
2025-09-03 14:15:41.684,Split,Office Loans,,Extraction Maryam's part,814,Transfer-Out,,814.0,PKR,False,False,False,False,False,False
2025-09-03 19:35:18.539,Faysal Noor World,Transportation,Car,Yaris fuel ⛽,3000,Expense,,3000.0,PKR,False,False,False,False,False,False
2025-09-03 20:02:56.121,Faysal Noor World,Household,General,C&B water and eggs,556,Expense,,556.0,PKR,False,False,False,False,False,False
2025-09-03 20:12:01.212,Faysal Noor World,Household,General,Prema,380,Expense,,380.0,PKR,False,False,False,False,False,False
2025-09-03 20:19:47.258,Loans,Miscellaneous,,Idk why,57636,Expense,,57636.0,PKR,False,False,False,False,True,False
2025-09-03 20:20:30.240,Loans,Meezan Bank,,From Aiman for Bhatti's magic trackpad,40000,Transfer-Out,,40000.0,PKR,False,False,False,False,False,False
2025-09-03 20:32:53.238,Meezan Bank,Entrepreneurship,,Xoraiz turing salary,82814,Expense,"$295 = 83,736 I sent but he sent 922 rupees back which is 3.25h for the 13h mishap we had.
He sent 922.
He sent 2768 later as well. Then 461.",82814.0,PKR,False,False,False,False,False,True
2025-09-04 02:09:30.153,Meezan Bank,Salary,,Turing August 2025 salary,720299,Income,,720299.0,PKR,False,False,False,False,False,False
2025-09-04 09:27:50.988,Faysal Noor World,Food,Unnecessary,FP Naan Chanay for Alishba,676,Expense,,676.0,PKR,False,False,False,False,False,False
2025-09-04 13:09:22.613,Meezan Bank,Household,Bills,Bahria Maali Salary,3500,Expense,,3500.0,PKR,False,False,False,False,False,False
2025-09-04 13:30:57.374,Split,Ahmad Bhatti Loans,,Bhatti's part KFC with Bhatti,1020,Transfer-Out,,1020.0,PKR,False,False,False,False,False,False
2025-09-04 13:30:57.374,Split,Food,Necessary,My part KFC with Bhatti,1020,Expense,,1020.0,PKR,False,False,False,False,False,False
2025-09-04 13:30:57.374,Faysal Noor World,Split,,KFC with Bhatti,2040,Transfer-Out,,2040.0,PKR,False,False,False,False,False,False
2025-09-04 14:12:57.040,Faysal Noor World,Split,,Extraction with Bhatti,787,Transfer-Out,,787.0,PKR,False,False,False,False,False,False
2025-09-04 14:13:12.787,Split,Ahmad Bhatti Loans,,Extraction Bhatti's part,394,Transfer-Out,,394.0,PKR,False,False,False,False,False,False
2025-09-04 14:13:29.939,Split,Food,Unnecessary,Extraction my part,394,Expense,,394.0,PKR,False,False,False,False,False,False
2025-09-04 19:16:41.579,Loans,Meezan Bank,,Aiman sent 6k more for bhatti's track pad,6000,Transfer-Out,,6000.0,PKR,False,False,False,False,False,False
2025-09-04 19:17:12.176,Meezan Bank,Loans,,Bought trackpad for Bhatti,42000,Transfer-Out,4k to be returned to Aiman,42000.0,PKR,False,False,False,False,False,False
2025-09-04 20:04:29.417,Faysal Noor World,Household,General,C&B potato buns ×2,101,Expense,,101.0,PKR,False,False,False,False,False,False
2025-09-04 21:33:15.180,Faysal Noor World,Food,Unnecessary,FP Alishba Dessert,1118,Expense,,1118.0,PKR,False,False,False,False,False,False
2025-09-05 00:28:14.640,Meezan Bank,Transportation,Taxi,To Akbar for carrying my bag to Bahria,1000,Expense,,1000.0,PKR,False,False,False,False,False,False
2025-09-05 13:39:23.922,Office Loans,Meezan Bank,,Maryam office loan return,813,Transfer-Out,,813.0,PKR,False,False,False,False,False,False
2025-09-05 18:17:28.508,Faysal Noor World,Transportation,Car,WagonR fuel,3000,Expense,,3000.0,PKR,False,False,False,False,False,False
2025-09-05 18:18:01.065,Faysal Noor World,Household,General,Condensed milk,730,Expense,,730.0,PKR,False,False,False,False,False,False
2025-09-05 22:12:12.055,Cash,Social Life,Friend,Pasha brother salami,4000,Expense,,4000.0,PKR,False,False,False,False,False,False
2025-09-05 22:12:12.055,Meezan Bank,Cash,,Household cash,5000,Transfer-Out,,5000.0,PKR,False,False,False,False,False,False
2025-09-05 23:44:20.899,Faysal Noor World,Food,Unnecessary,FP Pizza Hut,2968,Expense,,2968.0,PKR,False,False,False,False,False,False
2025-09-06 11:11:07.262,Faysal Noor World,Food,Necessary,FP nashta,757,Expense,,757.0,PKR,False,False,False,False,False,False
2025-09-06 15:27:03.091,Faysal Noor World,Family,Pet,Josera kitten from Pets N Stuff,5000,Expense,,5000.0,PKR,False,False,False,False,False,False
2025-09-06 15:40:32.451,Faysal Noor World,Household,General,Prema ×2,770,Expense,,770.0,PKR,False,False,False,False,False,False
2025-09-06 16:18:49.779,Meezan Bank,Entrepreneurship,,Haroon Turing Salary August 2025,84075,Expense,,84075.0,PKR,False,False,False,False,False,True
2025-09-06 16:55:05.915,Meezan Bank,Household,Bills,Bahria Electricity Bill August 2025,42460,Expense,,42460.0,PKR,False,False,False,False,False,False
2025-09-06 17:14:36.725,Faysal Noor World,Household,General,FP Groceries,2052,Expense,"Chickens, banana",2052.0,PKR,False,False,False,False,False,False
2025-09-06 18:11:36.461,Meezan Bank,Loans,,Partial Airpods Gift for Bhatti,10000,Transfer-Out,,10000.0,PKR,False,False,False,False,False,False
2025-09-06 19:56:09.098,Meezan Bank,Family,Pet,Cat litter,600,Expense,,600.0,PKR,False,False,False,False,False,False
2025-09-06 20:42:48.736,Meezan Bank,Food,Unnecessary,Alishba dahi bhallay,670,Expense,,670.0,PKR,False,False,False,False,False,False
2025-09-06 20:46:24.586,Loans,Meezan Bank,,Bhatti airpods money returned,10000,Transfer-Out,We paid with credit card instead,10000.0,PKR,False,False,False,False,False,False
2025-09-06 20:46:42.951,Faysal Noor World,Split,,Bhatti birthday gift airpods,75000,Transfer-Out,,75000.0,PKR,False,False,False,False,False,False
2025-09-06 20:46:59.701,Split,Fahad Loan,,Fahad's part Bhatti airpods birthday gift,25000,Transfer-Out,,25000.0,PKR,False,False,False,False,False,False
2025-09-06 20:47:33.227,Split,Wasiq Loan,,Wasiq's part Bhatti airpods birthday gift,25000,Transfer-Out,,25000.0,PKR,False,False,False,False,False,False
2025-09-06 20:47:47.263,Split,Social Life,Friend,My part Bhatti airpods birthday gift,25000,Expense,,25000.0,PKR,False,False,False,False,False,False
2025-09-07 00:28:31.044,Faysal Noor World,Split,,Chaye Khana with Wasiq and Fahad,3687,Transfer-Out,Equal split,3687.0,PKR,False,False,False,False,False,False
2025-09-07 01:22:11.461,Split,Wasiq Loan,,Chaye khana Fahad's part,1229,Transfer-Out,,1229.0,PKR,False,False,False,False,False,False
2025-09-07 01:22:11.461,Split,Wasiq Loan,,Chaye khana my part,1229,Transfer-Out,,1229.0,PKR,False,False,False,False,False,False
2025-09-07 01:22:11.461,Split,Wasiq Loan,,Chaye khana Wasiq's part,1229,Transfer-Out,,1229.0,PKR,False,False,False,False,False,False
2025-09-07 11:37:11.434,Faysal Noor World,Technology,Purchases,Journable yearly subscription,2900,Expense,,2900.0,PKR,False,False,False,False,False,False
2025-09-07 11:51:56.883,Faysal Noor World,Transportation,Car,Yaris fuel ⛽,3000,Expense,PSO Hi octane,3000.0,PKR,False,False,False,False,False,False
2025-09-07 12:41:09.383,Meezan Bank,Wasiq Loan,,,100000,Transfer-Out,,100000.0,PKR,False,False,False,False,False,False
2025-09-07 15:05:31.224,Wasiq Loan,Meezan Bank,,,100000,Transfer-Out,,100000.0,PKR,False,False,False,False,False,False
2025-09-07 15:05:43.034,Wasiq Loan,Meezan Bank,,Wasiq splitwise balance settled,27326,Transfer-Out,This includes 25k for Bhatti's airpods,27326.0,PKR,False,False,False,False,False,False
2025-09-07 21:17:19.390,Al Meezan Mutual Funds,Family,General,Alishba evermore stuff,1040,Expense,,1040.0,PKR,False,False,False,False,False,False
2025-09-07 21:39:06.616,Meezan Bank,Alishba Loans,,Alishba Fiza Loan,50000,Transfer-Out,,50000.0,PKR,False,False,False,False,False,False
2025-09-07 23:08:45.037,Al Meezan Mutual Funds,Health,Medicine,Medicine,589,Expense,Sedonil etc.,589.0,PKR,False,False,False,False,False,False
2025-09-08 01:22:07.616,Meezan Bank,Ahmad Bhatti Loans,,All loans settled,18112,Transfer-Out,,18112.0,PKR,False,False,False,False,False,False
2025-09-08 01:22:24.093,Ahmad Bhatti Loans,Wasiq Loan,,,2068,Transfer-Out,,2068.0,PKR,False,False,False,False,False,False
2025-09-08 01:23:14.496,Wasiq Loan,Miscellaneous,,,204,Income,,204.0,PKR,False,False,False,False,False,False
2025-09-08 01:47:08.024,Meezan Bank,Al Meezan Mutual Funds,,Mutual Funds Investment MCF,476666,Transfer-Out,Spring payment invested,476666.0,PKR,False,False,False,False,False,False
2025-09-08 01:47:08.025,Meezan Bank,Religion,,Fees,250,Expense,,250.0,PKR,False,False,False,False,False,False
2025-09-08 01:54:36.365,Meezan Bank,Faysal Noor World,,Faysal Noor Credit Card Advance Bill Payment,135419,Transfer-Out,,135419.0,PKR,False,False,False,False,False,False
2025-09-08 02:03:28.394,Meezan Bank,Bank Charges,,Meezan Visa Platinum Card Charges,10440,Expense,,10440.0,PKR,False,False,False,False,False,False
2025-09-08 11:40:55.521,Meezan Bank,Abujan Loans,,Sahowari LESCO Bill #1,23039,Transfer-Out,,23039.0,PKR,False,False,False,False,False,False
2025-09-08 11:41:22.123,Meezan Bank,Abujan Loans,,Sahowari LESCO Bill #2,5053,Transfer-Out,,5053.0,PKR,False,False,False,False,False,False
2025-09-08 11:41:34.295,Meezan Bank,Abujan Loans,,Sahowari LESCO Bill #3,89,Transfer-Out,,89.0,PKR,False,False,False,False,False,False
2025-09-08 11:41:43.599,Abujan Loans,Family,Pocket Money,Abujan Pocket Money September 2025,35000,Expense,,35000.0,PKR,False,False,False,False,False,False
2025-09-08 13:11:49.948,Meezan Bank,Tax,,Aqib Lawyer Filing Fee,25000,Expense,,25000.0,PKR,False,False,False,False,False,False
2025-09-08 13:14:33.507,Meezan Bank,Family,Pet,Cat litter ×4 from epets.pk,1560,Expense,,1560.0,PKR,False,False,False,False,False,False
2025-09-08 13:16:23.666,Meezan Bank,JazzCash,,,10000,Transfer-Out,,10000.0,PKR,False,False,False,False,False,False
2025-09-08 13:16:23.667,Meezan Bank,Bank Charges,,Fees,10,Expense,,10.0,PKR,False,False,False,False,False,False
2025-09-08 13:16:53.496,Meezan Bank,EasyPaisa,,,10000,Transfer-Out,,10000.0,PKR,False,False,False,False,False,False
2025-09-08 13:16:53.497,Meezan Bank,Bank Charges,,Fees,10,Expense,,10.0,PKR,False,False,False,False,False,False
2025-09-08 14:59:29.877,Abujan Loans,Transportation,Parking,Sahowari car parking,4800,Expense,,4800.0,PKR,False,False,False,False,False,False
2025-09-08 17:16:01.954,Meezan Bank,Family,General,Alishba Double Shot Coffee,788,Expense,,788.0,PKR,False,False,False,False,False,False
2025-09-08 18:34:59.196,Danish Loan,Entrepreneurship,,Hammad Turing Salary August 2025,73189,Expense,From Danish's account to Bhatti's wise,73189.0,PKR,False,False,False,False,False,True
2025-09-09 02:08:57.638,Faysal Noor World,Transportation,Car,Yaris fuel ⛽,8262,Expense,Aramco hi octane,8262.0,PKR,False,False,False,False,False,False
2025-09-09 15:41:16.932,Faysal Noor World,Social Life,Friend,Tabish Birthday Gift perfume,3406,Expense,"Nishane Hacivat
From decantry",3406.0,PKR,False,False,False,False,False,False
2025-09-09 21:42:13.168,Faysal Noor World,Split,,OD for Bhatti,990,Transfer-Out,,990.0,PKR,False,False,False,False,False,False
2025-09-09 21:46:42.291,Faysal Noor World,Split,,Bhatti candles,250,Transfer-Out,,250.0,PKR,False,False,False,False,False,False
2025-09-10 01:21:14.715,Split,Wasiq Loan,,Bhatti bday Wasiq's part,413,Transfer-Out,,413.0,PKR,False,False,False,False,False,False
2025-09-10 01:21:35.950,Split,Fahad Loan,,Bhatti bday Fahad's part,413,Transfer-Out,,413.0,PKR,False,False,False,False,False,False
2025-09-10 01:21:47.080,Split,Social Life,Friend,Bhatti bday my part,413,Expense,,413.0,PKR,False,False,False,False,False,False
2025-09-10 09:36:57.336,JazzCash,Alishba Loans,,,10000,Transfer-Out,,10000.0,PKR,False,False,False,False,False,False
2025-09-10 10:22:04.446,Faysal Noor World,Family,General,FP Alishba Nashta,627,Expense,,627.0,PKR,False,False,False,False,False,False
2025-09-10 15:32:26.285,Meezan Bank,Tabish Loan,,,40000,Transfer-Out,,40000.0,PKR,False,False,False,False,False,False
2025-09-10 20:33:17.850,Aun Loan,Meezan Bank,,Cue movies and zoro,9600,Transfer-Out,,9600.0,PKR,False,False,False,False,False,False
2025-09-10 22:15:28.975,Meezan Bank,Household,Bills,Bahria maintenance bill + maali tip,4200,Expense,100 tip,4200.0,PKR,False,False,False,False,False,False
2025-09-11 10:21:45.789,Faysal Noor World,Food,Unnecessary,Alishba FP Nashta,564,Expense,,564.0,PKR,False,False,False,False,False,False
2025-09-11 14:46:10.356,Meezan Bank,Split,,FP Bahadur Biryani with Bhatti,1262,Transfer-Out,Half split,1262.0,PKR,False,False,False,False,False,False
2025-09-11 14:46:10.356,Split,Ahmad Bhatti Loans,,FP Bahadur Biryani Bhatti's part,631,Transfer-Out,,631.0,PKR,False,False,False,False,False,False
2025-09-11 14:46:10.356,Split,Food,Lunch,FP Bahadur Biryani my part,631,Expense,,631.0,PKR,False,False,False,False,False,False
2025-09-11 14:58:53.290,Al Meezan Mutual Funds,Profit,,Al Meezan mutual funds profit,6755,Income,,6755.0,PKR,False,False,False,False,False,False
2025-09-11 15:04:03.243,Ahmad Bhatti Loans,Food,Unnecessary,Extraction,787,Expense,,787.0,PKR,False,False,False,False,False,False
2025-09-11 16:39:29.150,Meezan Bank,Cash,,For PTA Tax payment,30000,Transfer-Out,,30000.0,PKR,False,False,False,False,False,False
2025-09-11 16:40:07.825,Cash,Split,,PTA Tax Pixel 6a and Fahad,29205,Transfer-Out,Half split,29205.0,PKR,False,False,False,False,False,False
2025-09-11 22:29:19.331,Faysal Noor World,Household,General,C&B Water,226,Expense,,226.0,PKR,False,False,False,False,False,False
2025-09-11 22:45:49.859,Meezan Bank,Household,General,Prema,351,Expense,,351.0,PKR,False,False,False,False,False,False
2025-09-11 23:34:43.103,Split,Fahad Loan,,PTA Tax Fahad's part,14603,Transfer-Out,,14603.0,PKR,False,False,False,False,False,False
2025-09-11 23:34:43.103,Split,Technology,Purchases,PTA Tax my part,14603,Expense,Pixel 6a Alishba,14603.0,PKR,False,False,False,False,False,False
2025-09-12 12:14:29.868,Faysal Noor World,Food,Unnecessary,FP Breakfast Naan Shaan,383,Expense,,383.0,PKR,False,False,False,False,False,False
2025-09-12 14:59:56.339,Al Meezan Mutual Funds,Meezan Bank,,,50000,Transfer-Out,,50000.0,PKR,False,False,False,False,False,False
2025-09-12 14:59:56.340,Al Meezan Mutual Funds,Bank Charges,,Fees,70,Expense,,70.0,PKR,False,False,False,False,False,False
2025-09-12 15:09:39.313,Cash,Transportation,Car Maintenance,Yaris cleanup from street guy,200,Expense,,200.0,PKR,False,False,False,False,False,False
2025-09-12 15:09:52.081,Cash,Transportation,Car Maintenance,Car tyre inflation,50,Expense,,50.0,PKR,False,False,False,False,False,False
2025-09-12 16:58:52.711,Tabish Loan,Meezan Bank,,,40000,Transfer-Out,,40000.0,PKR,False,False,False,False,False,False
2025-09-12 17:28:13.194,Abdul Sami Loans,Meezan Bank,,,25000,Transfer-Out,,25000.0,PKR,False,False,False,False,False,False
2025-09-12 19:20:37.068,Meezan Bank,Family,Pet,Lily & JJ Aliyan Vets,18350,Expense,"Lily's vaccination, wash, blood test, grooming, JJ ear cleaning, grooming",18350.0,PKR,False,False,False,False,False,False
2025-09-12 19:59:01.676,Meezan Bank,Family,General,To Faizan Muhammadi Laptop guy,1000,Expense,For Uncle Rashid's laptop inspection,1000.0,PKR,False,False,False,False,False,False
2025-09-12 23:33:26.076,Meezan Bank,Split,,Cash for sahowari,10000,Transfer-Out,"Mama Abujan return to Pakistan meal, etc.",10000.0,PKR,False,False,False,False,False,False
2025-09-12 23:33:58.410,Split,Household,General,For Egg sandwiches on parents' arrival,4000,Expense,,4000.0,PKR,False,False,False,False,False,False
2025-09-12 23:34:24.818,Split,Family,General,Sahowari cash,6000,Expense,"Chicken, sajji dinner",6000.0,PKR,False,False,False,False,False,False
2025-09-13 14:04:43.478,Meezan Bank,Technology,Maintenance,Alishba canon dslr camera repair,6006,Expense,Digital city cameras nisbat road (bad service),6006.0,PKR,False,False,False,False,False,False
2025-09-13 17:05:10.365,Meezan Bank,Technology,Purchases,Google One subscription,1102,Expense,,1102.0,PKR,False,False,False,False,False,False
2025-09-13 22:48:50.583,Faysal Noor World,Food,Unnecessary,FP Kebabjees Sahowari,908,Expense,Alishba,908.0,PKR,False,False,False,False,False,False
2025-09-14 04:19:32.257,Meezan Bank,Abujan Loans,,Abujan jazz package,1500,Transfer-Out,,1500.0,PKR,False,False,False,False,False,False
2025-09-14 17:36:35.360,Meezan Bank,Loans,,Zarmeen asked me to send to Uzair,1500,Transfer-Out,,1500.0,PKR,False,False,False,False,False,False
2025-09-14 18:24:01.201,Office Loans,Food,Unnecessary,Office team lunch dough joe my part,1413,Expense,,1413.0,PKR,False,False,False,False,False,False
2025-09-14 18:45:16.326,EasyPaisa,Donation,,Al-Khidmat Flood Relief,1000,Expense,,1000.0,PKR,False,False,False,False,False,False
2025-09-15 11:41:12.292,Meezan Bank,Office Loans,,To Ghassan for Dough Joe,1413,Transfer-Out,,1413.0,PKR,False,False,False,False,False,False
2025-09-15 22:16:51.897,Meezan Bank,Mama Loan,,Mama Sajda Zakat,5000,Transfer-Out,At this point there's 2 zakats she hasn't paid me,5000.0,PKR,False,False,False,False,False,False
2025-09-16 12:47:36.013,Meezan Bank,Merge,,To Fahad for Cash for Mama Pocket Money,20000,Transfer-Out,,20000.0,PKR,False,False,False,False,False,False
2025-09-16 12:47:52.105,Mama Loan,Merge,,For Mama Pocket Money,10000,Transfer-Out,,10000.0,PKR,False,False,False,False,False,False
2025-09-16 12:48:01.729,Merge,Family,Pocket Money,Mama Pocket Money Sept 2025,30000,Expense,,30000.0,PKR,False,False,False,False,False,False
2025-09-16 18:15:24.973,Faysal Noor World,Food,Necessary,Subway Lunch,707,Expense,,707.0,PKR,False,False,False,False,False,False
2025-09-16 20:34:52.955,Faysal Noor World,Family,General,Dough Joe with Mama and Alishba,2740,Expense,,2740.0,PKR,False,False,False,False,False,False
2025-09-16 22:41:29.674,Faysal Noor World,Family,Health/Medicine,Alishba medicine clinix,640,Expense,,640.0,PKR,False,False,False,False,False,False
2025-09-16 22:45:13.602,Cash,Donation,,,500,Expense,,500.0,PKR,False,False,False,False,False,False
2025-09-17 09:31:41.614,Meezan Bank,Split,,Bahria PTCL Bill + ShoqTV Box Purchase,20100,Transfer-Out,,20100.0,PKR,False,False,False,False,False,False
2025-09-17 09:32:38.407,Split,Technology,Purchases,ShoqTV Box,11020,Expense,,11020.0,PKR,False,False,False,False,False,False
2025-09-17 09:33:03.981,Split,Technology,Bills,Bahria PTCL Bill,9080,Expense,,9080.0,PKR,False,False,False,False,False,False
2025-09-17 16:19:57.031,Faysal Noor World,Food,Unnecessary,Extraction,787,Expense,,787.0,PKR,False,False,False,False,False,False
2025-09-17 22:08:32.496,Faysal Noor World,Family,Health/Medicine,Alishba Medicine,290,Expense,,290.0,PKR,False,False,False,False,False,False
2025-09-17 23:27:53.593,Meezan Bank,Tour/Travel,Hotels,Half payment of Lokal Murree,17000,Expense,Kashmir point 2 nights suite rent 34k,17000.0,PKR,False,False,False,False,False,False
2025-09-18 14:51:25.666,Faysal Noor World,Social Life,Friend,Danish extraction lunch,2205,Expense,,2205.0,PKR,False,False,False,False,False,False
2025-09-18 14:51:53.747,Faysal Noor World,Food,Necessary,Extraction lunch for me,1228,Expense,,1228.0,PKR,False,False,False,False,False,False
2025-09-18 14:52:11.304,Faysal Noor World,Food,Necessary,Water bottle from extraction,94,Expense,,94.0,PKR,False,False,False,False,False,False
2025-09-18 18:59:17.731,Meezan Bank,Family,Gift,"Flowers for Alishba, advance",1000,Expense,Murree trip day ,1000.0,PKR,False,False,False,False,False,False
2025-09-18 21:01:14.209,Faysal Noor World,Family,Gift,Alishba C&B,1807,Expense,,1807.0,PKR,False,False,False,False,False,False
2025-09-18 22:12:59.969,JazzCash,Transportation,Taxi,Careem bike,170,Expense,,170.0,PKR,False,False,False,False,False,False
2025-09-19 09:14:00.393,Tour/Travel,Tour/Travel,Transport,InDrive from home to Wasiq's,1050,Expense,,1050.0,PKR,False,False,False,False,False,False
2025-09-19 09:14:52.496,Meezan Bank,Tour/Travel,,,1050,Transfer-Out,,1050.0,PKR,False,False,False,False,False,False
2025-09-19 11:57:26.907,Meezan Bank,HBL,,To HBL for hardeez payment on bhera,10000,Transfer-Out,,10000.0,PKR,False,False,False,False,False,False
2025-09-19 11:57:53.559,Tour/Travel,Tour/Travel,Meals,Hardees bhera,7514,Expense,,7514.0,PKR,False,False,False,False,False,False
2025-09-19 11:58:06.741,HBL,Tour/Travel,,,7514,Transfer-Out,,7514.0,PKR,False,False,False,False,False,False
2025-09-19 17:25:40.260,Meezan Bank,Family,Gift,Alishba flower delivery,350,Expense,,350.0,PKR,False,False,False,False,False,False
2025-09-19 22:08:10.099,Faysal Noor World,Family,General,Alishba FP,1412,Expense,,1412.0,PKR,False,False,False,False,False,False
2025-09-20 14:25:22.220,Meezan Bank,Family,Gift,Alishba solli's gift delivery rider fee,1500,Expense,,1500.0,PKR,False,False,False,False,False,False
2025-09-20 15:37:00.376,EasyPaisa,Family,Gift,Solli's bill,3990,Expense,,3990.0,PKR,False,False,False,False,False,False
2025-09-20 17:33:16.344,Tour/Travel,Tour/Travel,Meals,FP Optp,1612,Expense,630 paid by panda credit,1612.0,PKR,False,False,False,False,False,False
2025-09-20 17:33:57.632,Faysal Noor World,Tour/Travel,,Optp charged on faysal credit card,983,Transfer-Out,,983.0,PKR,False,False,False,False,False,False
2025-09-20 21:07:20.370,Faysal Noor World,Family,Gift,Alishba Kaavish Concert,10499,Expense,,10499.0,PKR,False,False,False,False,False,False
2025-09-20 22:30:56.240,Tour/Travel,Food,Necessary,Dinner Terrace Grill,9725,Expense,,9725.0,PKR,False,False,False,False,False,False
2025-09-21 14:47:39.887,Tour/Travel,Tour/Travel,Meals,McDonald's Bhera South,5930,Expense,,5930.0,PKR,False,False,False,False,False,False
2025-09-21 14:47:56.308,Faysal Noor World,Tour/Travel,,,5930,Transfer-Out,,5930.0,PKR,False,False,False,False,False,False
2025-09-21 17:29:52.172,Faysal Noor World,Meezan Bank,,,10000,Transfer-Out,,10000.0,PKR,False,False,False,False,False,False
2025-09-21 17:50:28.037,Tour/Travel,Tour/Travel,Transport,InDrive from thokar,940,Expense,,940.0,PKR,False,False,False,False,False,False
2025-09-21 17:50:51.328,Meezan Bank,Tour/Travel,,,940,Transfer-Out,,940.0,PKR,False,False,False,False,False,False
2025-09-22 13:18:26.383,Faysal Noor World,Split,,Extraction with Bhatti,4158,Transfer-Out,,4158.0,PKR,False,False,False,False,False,False
2025-09-22 13:18:53.668,Split,Ahmad Bhatti Loans,,Extraction Lunch Bhatti's part,2400,Transfer-Out,,2400.0,PKR,False,False,False,False,False,False
2025-09-22 13:19:18.902,Split,Food,Necessary,Extraction lunch my part,1770,Expense,,1770.0,PKR,False,False,False,False,False,False
2025-09-22 14:36:22.177,Faysal Noor World,Food,Unnecessary,Fries from Extraction,535,Expense,,535.0,PKR,False,False,False,False,False,False
2025-09-22 14:52:47.863,Ahmad Bhatti Loans,Faysal Noor World,,Bhatti repaid for Extraction,2400,Transfer-Out,,2400.0,PKR,False,False,False,False,False,False
2025-09-22 20:15:38.580,Faysal Noor World,Transportation,Car,Yaris fuel ⛽,8503,Expense,Hi,8503.0,PKR,False,False,False,False,False,False
2025-09-22 21:06:52.607,Faysal Noor World,Abdul Sami Loans,,Returned the money I took from him,20000,Transfer-Out,,20000.0,PKR,False,False,False,False,False,False
2025-09-22 23:06:30.283,Al Meezan Mutual Funds,Profit,,,3026,Income,,3026.0,PKR,False,False,False,False,False,False
2025-09-22 23:06:37.255,Al Meezan Mutual Funds,Meezan Bank,,For loaning to Bhatti,450000,Transfer-Out,For Azeem's fee,450000.0,PKR,False,False,False,False,False,False
2025-09-22 23:06:37.256,Al Meezan Mutual Funds,Bank Charges,,Fees,200,Expense,,200.0,PKR,False,False,False,False,False,False
2025-09-22 23:32:50.833,Meezan Bank,Ahmad Bhatti Loans,,For Azeem fee,450000,Transfer-Out,To be returned in 30 days,450000.0,PKR,False,False,False,False,False,False
2025-09-23 12:45:21.656,Faysal Noor World,Split,,KFC Halved with Bhatti,2100,Transfer-Out,,2100.0,PKR,False,False,False,False,False,False
2025-09-23 14:53:36.168,Meezan Bank,Salary,,Beyond ONE Salary #5 Sept 2025,712083,Income,,712083.0,PKR,False,False,False,False,False,False
2025-09-23 20:26:04.369,Meezan Bank,Split,,Cash,7000,Transfer-Out,,7000.0,PKR,False,False,False,False,False,False
2025-09-23 20:26:35.555,Split,Apparel,Clothing,Trousers ordered by Alishba,5000,Expense,,5000.0,PKR,False,False,False,False,False,False
2025-09-23 20:26:48.433,Split,Household,General,Cash for bahria,2000,Expense,,2000.0,PKR,False,False,False,False,False,False
2025-09-23 21:39:08.455,Ahmad Bhatti Loans,Meezan Bank,,Bhatti partial loan return,153808,Transfer-Out,,153808.0,PKR,False,False,False,False,False,False
2025-09-23 21:40:04.810,Split,Food,Lunch,KFC lunch,1050,Expense,,1050.0,PKR,False,False,False,False,False,False
2025-09-23 21:40:23.268,Split,Ahmad Bhatti Loans,,KFC Lunch Bhatti's part,1050,Transfer-Out,,1050.0,PKR,False,False,False,False,False,False
2025-09-23 21:51:37.190,Meezan Bank,Al Meezan Mutual Funds,,MCF,153708,Transfer-Out,,153708.0,PKR,False,False,False,False,False,False
2025-09-23 21:51:37.191,Meezan Bank,Religion,,Fees,250,Expense,,250.0,PKR,False,False,False,False,False,False
2025-09-23 21:52:06.455,Meezan Bank,Bank Charges,,MCF Investment Charges,100,Expense,,100.0,PKR,False,False,False,False,False,False
2025-09-23 23:29:23.383,Faysal Noor World,Household,General,Jalal Sons Groceries,970,Expense,,970.0,PKR,False,False,False,False,False,False
2025-09-23 23:31:25.381,Faysal Noor World,Family,Health/Medicine,Estranor,335,Expense,,335.0,PKR,False,False,False,False,False,False
2025-09-24 10:25:25.883,Faysal Noor World,Family,General,FP Alishba breakfast,375,Expense,,375.0,PKR,False,False,False,False,False,False
2025-09-24 13:51:48.913,Split,Office Loans,,Arcadina split Maryam's part,1476,Transfer-Out,,1476.0,PKR,False,False,False,False,False,False
2025-09-24 13:51:48.913,Split,Food,Unnecessary,Arcadina split my part,1584,Expense,,1584.0,PKR,False,False,False,False,False,False
2025-09-24 13:51:48.913,Faysal Noor World,Split,,Arcadina split,5605,Transfer-Out,"Maryam, Usman, Me",5605.0,PKR,False,False,False,False,False,False
2025-09-24 13:51:48.913,Split,Office Loans,,Arcadina split Usman's part,2004,Transfer-Out,,2004.0,PKR,False,False,False,False,False,False
2025-09-24 16:21:34.155,Faysal Noor World,Split,,Extraction fries split three ways,441,Transfer-Out,"Maryam, Ahmad",441.0,PKR,False,False,False,False,False,False
2025-09-24 20:26:38.584,Meezan Bank,Spring Apartments,,Spring Sept 2025,404980,Transfer-Out,,404980.0,PKR,False,False,False,False,False,False
2025-09-24 20:42:05.376,Cash,Transportation,Parking,,150,Expense,,150.0,PKR,False,False,False,False,False,False
2025-09-24 20:42:35.066,Cash,Donation,,,200,Expense,,200.0,PKR,False,False,False,False,False,False
2025-09-24 20:42:44.708,Cash,Miscellaneous,,Car petty cash,800,Expense,,800.0,PKR,False,False,False,False,True,False
2025-09-24 20:57:55.398,Faysal Noor World,Household,General,Organizer file from readings for documents,996,Expense,,996.0,PKR,False,False,False,False,False,False
2025-09-24 21:01:11.932,Faysal Noor World,Culture,Books,Shadow of Wind from Readings,2696,Expense,,2696.0,PKR,False,False,False,False,False,False
2025-09-24 22:55:16.860,Faysal Noor World,Food,Unnecessary,Dominos dinner,2730,Expense,,2730.0,PKR,False,False,False,False,False,False
2025-09-25 00:44:04.989,Faysal Noor World,Social Life,Friend,Milkshake with Danish,550,Expense,,550.0,PKR,False,False,False,False,False,False
2025-09-25 13:11:44.317,Faysal Noor World,Food,Unnecessary,FP Yakhni Plao Breakfast,1082,Expense,,1082.0,PKR,False,False,False,False,False,False
2025-09-25 15:07:33.052,Provident Fund,Salary,,Beyond ONE Provident Fund #5 Sept 2025,154098,Income,,154098.0,PKR,False,False,False,False,False,False
2025-09-25 16:24:08.185,Faysal Noor World,Household,Water,C&B water,451,Expense,,451.0,PKR,False,False,False,False,False,False
2025-09-25 16:29:11.140,Meezan Bank,Alishba Loans,,Trip money teen musafir sharaan,15000,Transfer-Out,,15000.0,PKR,False,False,False,False,False,False
2025-09-25 16:31:15.350,Meezan Bank,Alishba Loans,,To Alishba JazzCash for trip,10000,Transfer-Out,,10000.0,PKR,False,False,False,False,False,False
2025-09-25 16:31:15.351,Meezan Bank,Bank Charges,,Fees,10,Expense,,10.0,PKR,False,False,False,False,False,False
2025-09-25 16:32:44.825,Alishba Loans,Miscellaneous,,Alishba cleared these as not needed,45181,Income,,45181.0,PKR,False,False,False,False,False,False
2025-09-25 21:14:49.007,Meezan Bank,Technology,Bills,Jazz package,1800,Expense,,1800.0,PKR,False,False,False,False,False,False
2025-09-25 22:13:02.742,Faysal Noor World,Alishba Loans,,Alishba trip snacks,3569,Transfer-Out,,3569.0,PKR,False,False,False,False,False,False
2025-09-25 22:51:27.004,Meezan Bank,Family,Gift,Alishba trip,35000,Expense,,35000.0,PKR,False,False,False,False,False,False
2025-09-26 08:20:46.342,Faysal Noor World,Alishba Loans,,Alishba Trip DD,2095,Transfer-Out,,2095.0,PKR,False,False,False,False,False,False
2025-09-26 11:26:24.783,Meezan Bank,Health,Medicine,Spasrid,580,Expense,,580.0,PKR,False,False,False,False,False,False
2025-09-26 20:03:27.266,Meezan Bank,Health,Medicine,Entamizole DS and ORS,300,Expense,,300.0,PKR,False,False,False,False,False,False
2025-09-26 20:41:02.726,Faysal Noor World,Food,Necessary,FP Biryani Master Canal Road Bahria,1063,Expense,,1063.0,PKR,False,False,False,False,False,False
2025-09-26 23:29:41.081,Meezan Bank,Food,Unnecessary,Soft Swirl,800,Expense,,800.0,PKR,False,False,False,False,False,False
2025-09-27 13:48:10.113,Faysal Noor World,Food,Unnecessary,FP Naan Shaan Breakfast for me,496,Expense,,496.0,PKR,False,False,False,False,False,False
2025-09-27 14:31:09.038,Faysal Noor World,Food,Unnecessary,FP Bundu Khan Gulab Jamun,895,Expense,,895.0,PKR,False,False,False,False,False,False
2025-09-27 15:41:56.051,Meezan Bank,Tabish Loan,,Tabish qarz e hasana,60000,Transfer-Out,,60000.0,PKR,False,False,False,False,False,False
2025-09-27 21:22:10.717,HBL,Social Life,Friend,Coco Cubano,1500,Expense,,1500.0,PKR,False,False,False,False,False,False
2025-09-27 21:23:15.432,Meezan Bank,Household,Bills,Bahria Maali Salary,3500,Expense,,3500.0,PKR,False,False,False,False,False,False
2025-09-27 22:03:55.391,Meezan Bank,Household,General,Cash for Bahria,1500,Expense,,1500.0,PKR,False,False,False,False,False,False
2025-09-28 00:13:11.975,Meezan Bank,Food,Unnecessary,Dominos,1700,Expense,,1700.0,PKR,False,False,False,False,False,False
2025-09-28 20:51:44.824,Meezan Bank,Food,Unnecessary,FP pizza hut,1800,Expense,,1800.0,PKR,False,False,False,False,False,False
2025-09-28 21:50:17.287,Faysal Noor World,Alishba Loans,,Alishba trip bhera hardees return,2798,Transfer-Out,,2798.0,PKR,False,False,False,False,False,False
2025-09-28 22:06:15.612,Faysal Noor World,Transportation,Car,Yaris fuel ⛽,8474,Expense,Hi,8474.0,PKR,False,False,False,False,False,False
2025-09-29 01:28:08.450,Faysal Noor World,Technology,Purchases,OnePlus 13 Purchase (later moved to installments),239060,Expense,MyShop.pk,239060.0,PKR,False,False,False,False,False,False
2025-09-29 01:29:08.450,Installments,Faysal Noor World,,OnePlus 13 Purchase,239060,Transfer-Out,MyShop.pk,239060.0,PKR,False,False,False,False,False,False
2025-09-29 13:31:52.327,Ahmad Bhatti Loans,Meezan Bank,,Azeem fee loan returned,100000,Transfer-Out,,100000.0,PKR,False,False,False,False,False,False
2025-09-29 20:14:16.074,Meezan Bank,Food,Unnecessary,Mei Kong delivery dinner,5200,Expense,,5200.0,PKR,False,False,False,False,False,False
2025-09-29 20:16:27.532,Alishba Loans,Family,Pocket Money,Alishba Pocket Money Oct 2025,93462,Expense,,93462.0,PKR,False,False,False,False,False,False
2025-09-29 22:02:32.543,Faysal Noor World,Food,Unnecessary,FP Soft Swirl,676,Expense,,676.0,PKR,False,False,False,False,False,False
2025-09-30 13:56:19.516,Faysal Noor World,Split,,KFC with Bhatti,1830,Transfer-Out,"He had wow box, i had zinger with drink",1830.0,PKR,False,False,False,False,False,False
2025-09-30 17:26:19.717,Fahad Loan,Faysal Noor World,,Fahad paid for Bhatti airpods and PTA tax,40000,Transfer-Out,27097 PKR still to be paid by him for murree trip,40000.0,PKR,False,False,False,False,False,False
2025-09-30 17:27:31.646,Split,Ahmad Bhatti Loans,,Bhatti Wow Box,1100,Transfer-Out,,1100.0,PKR,False,False,False,False,False,False
2025-09-30 17:27:48.658,Split,Food,Necessary,KFC Lunch my part,730,Expense,,730.0,PKR,False,False,False,False,False,False
2025-09-30 20:01:26.205,Faysal Noor World,Split,,Steakaway with fahad and bhatti,7584,Transfer-Out,,7584.0,PKR,False,False,False,False,False,False
2025-09-30 20:02:26.205,Split,Food,Necessary,Steakaway my part,2205,Expense,,2205.0,PKR,False,False,False,False,False,False
2025-09-30 20:02:26.205,Split,Ahmad Bhatti Loans,,Steakaway Bhatti's part,2100,Transfer-Out,,2100.0,PKR,False,False,False,False,False,False
2025-09-30 20:02:26.205,Split,Fahad Loan,,Steakaway Fahad's part,2783,Transfer-Out,,2783.0,PKR,False,False,False,False,False,False
2025-09-30 20:33:59.317,Faysal Noor World,Household,General,Jalal sons,1261,Expense,"Prema ×2, bread, eggs",1261.0,PKR,False,False,False,False,False,False
2025-09-30 20:36:15.386,Faysal Noor World,Household,Water,C&B Water Refill,226,Expense,,226.0,PKR,False,False,False,False,False,False
2025-09-30 20:48:42.397,Meezan Bank,Mama Loan,,To Asiya for house security deposit,100000,Transfer-Out,100k paid by Aliyan,100000.0,PKR,False,False,False,False,False,False
2025-10-01 09:37:43.619,Meezan Bank,HBL,,For sundas,2500,Transfer-Out,,2500.0,PKR,False,False,False,False,False,False
2025-10-01 09:40:27.814,HBL,Donation,,Sundas foundation donation,2500,Expense,,2500.0,PKR,False,False,False,False,False,False
2025-10-01 15:22:53.188,Faysal Noor World,Split,,KFC with Metal,5810,Transfer-Out,,5810.0,PKR,False,False,False,False,False,False
2025-10-01 15:22:53.188,Split,Food,Necessary,KFC with Metal my part,1162,Expense,,1162.0,PKR,False,False,False,False,False,False
2025-10-01 15:22:53.188,Split,Office Loans,,KFC with Metal metal's part,4648,Transfer-Out,,4648.0,PKR,False,False,False,False,False,False
2025-10-01 21:44:35.232,Meezan Bank,Danish Loan,,Sell Danish's laptop to get it back,100000,Transfer-Out,,100000.0,PKR,False,False,False,False,False,False
2025-10-02 12:42:59.957,Faysal Noor World,Split,,Extraction with Bhatti,2835,Transfer-Out,,2835.0,PKR,False,False,False,False,False,False
2025-10-02 12:43:59.957,Split,Food,Necessary,Extraction my part,1197,Expense,,1197.0,PKR,False,False,False,False,False,False
2025-10-02 12:43:59.957,Split,Ahmad Bhatti Loans,,Extraction Bhatti's part,1638,Transfer-Out,,1638.0,PKR,False,False,False,False,False,False
2025-10-02 14:16:20.771,Faysal Noor World,Split,,Extraction coffee with Bhatti,1575,Transfer-Out,Equal split,1575.0,PKR,False,False,False,False,False,False
2025-10-02 14:17:20.771,Split,Food,Unnecessary,Extraction coffee me,787,Expense,Equal splitted,787.0,PKR,False,False,False,False,False,False
2025-10-02 14:17:20.771,Split,Ahmad Bhatti Loans,,Extraction coffee Bhatti,787,Transfer-Out,Equal splitted,787.0,PKR,False,False,False,False,False,False
2025-10-02 15:33:59.576,Office Loans,Meezan Bank,,KFC with Metal Abdullah paid his part,1162,Transfer-Out,,1162.0,PKR,False,False,False,False,False,False
2025-10-02 15:33:59.576,Office Loans,Meezan Bank,,KFC with Metal Rayham paid her part,1162,Transfer-Out,,1162.0,PKR,False,False,False,False,False,False
2025-10-02 15:33:59.576,Office Loans,Meezan Bank,,KFC with Metal Salman paid his part,1170,Transfer-Out,,1170.0,PKR,False,False,False,False,False,False
2025-10-02 20:18:49.827,Faysal Noor World,Transportation,Car,Yaris fuel ⛽,5542,Expense,Aramco hi,5542.0,PKR,False,False,False,False,False,False
2025-10-02 20:49:02.620,Meezan Bank,Family,Pocket Money,Mama Pocket Money Oct 2025,30000,Expense,,30000.0,PKR,False,False,False,False,False,False
2025-10-02 21:14:33.933,Office Loans,Meezan Bank,,M. Usman loan repaid,2004,Transfer-Out,,2004.0,PKR,False,False,False,False,False,False
2025-10-02 22:18:01.087,Faysal Noor World,Family,General,Sprite for Mama,110,Expense,,110.0,PKR,False,False,False,False,False,False
2025-10-02 22:48:11.768,Faysal Noor World,Culture,Books,Sangemeel Book,1250,Expense,نظم کیسے پڑھیں,1250.0,PKR,False,False,False,False,False,False
2025-10-03 00:15:23.714,Faysal Noor World,Food,Unnecessary,DD Fahad and Bhatti,3029,Expense,,3029.0,PKR,False,False,False,False,False,False
2025-10-03 10:45:00.995,Office Loans,Meezan Bank,,KFC with Metal Ubair paid his part,1162,Transfer-Out,,1162.0,PKR,False,False,False,False,False,False
2025-10-03 16:57:27.022,Faysal Noor World,Family,Pet,Lily checkup and fungal spray,2500,Expense,,2500.0,PKR,False,False,False,False,False,False
2025-10-03 17:44:19.815,Meezan Bank,Household,General,Wasim vegetables,650,Expense,,650.0,PKR,False,False,False,False,False,False
2025-10-03 18:21:38.650,Meezan Bank,Self-development,,Flute lessons Sept 2025,4000,Expense,,4000.0,PKR,False,False,False,False,False,False
2025-10-03 20:16:46.615,Meezan Bank,Merge,,Padel advance,2000,Transfer-Out,"Tabish, Aun, Wahab",2000.0,PKR,False,False,False,False,False,False
2025-10-03 20:17:08.790,Meezan Bank,Merge,,Padel end,4150,Transfer-Out,"Tabish, Aun, Wahab",4150.0,PKR,False,False,False,False,False,False
2025-10-03 21:45:58.858,Merge,Abdul Wahab Loan,,Padel Wahab's part,1537,Transfer-Out,,1537.0,PKR,False,False,False,False,False,False
2025-10-03 21:45:58.858,Merge,Health,Sports,Padel my part,1539,Expense,,1539.0,PKR,False,False,False,False,False,False
2025-10-03 21:45:58.858,Merge,Tabish Loan,,Padel Tabish part,1537,Transfer-Out,,1537.0,PKR,False,False,False,False,False,False
2025-10-03 21:45:58.858,Merge,Aun Loan,,Padel Aun's part,1537,Transfer-Out,,1537.0,PKR,False,False,False,False,False,False
2025-10-03 23:24:40.780,Faysal Noor World,Food,Unnecessary,FP Alishba Dinner,1762,Expense,,1762.0,PKR,False,False,False,False,False,False
2025-10-04 00:48:03.048,Meezan Bank,Miscellaneous,,Bahria ATM Cash,7000,Expense,Idk why,7000.0,PKR,False,False,False,False,False,False
2025-10-04 00:48:39.467,Meezan Bank,Tabish Loan,,Tabish apple.com purchase,520,Transfer-Out,,520.0,PKR,False,False,False,False,False,False
2025-10-04 19:05:05.658,Meezan Bank,Household,Bills,SNGPL Bahria,910,Expense,,910.0,PKR,False,False,False,False,False,False
2025-10-04 19:05:51.682,Meezan Bank,Household,Bills,Bahria PTCL Bill,7770,Expense,,7770.0,PKR,False,False,False,False,False,False
2025-10-04 19:39:15.128,Faysal Noor World,Household,General,"C&B Buns, Water, K&N",2435,Expense,,2435.0,PKR,False,False,False,False,False,False
2025-10-04 19:39:36.628,Faysal Noor World,Household,General,"Jalal sons mayonnaise, sucral drops",1158,Expense,,1158.0,PKR,False,False,False,False,False,False
2025-10-04 19:51:46.052,Faysal Noor World,Household,General,C&B buns,101,Expense,,101.0,PKR,False,False,False,False,False,False
2025-10-04 20:43:43.665,Meezan Bank,Donation,,Thalasemia,2000,Expense,,2000.0,PKR,False,False,False,False,False,False
2025-10-04 23:27:53.990,Faysal Noor World,Food,Unnecessary,Double shot drink,693,Expense,,693.0,PKR,False,False,False,False,False,False
2025-10-05 00:13:30.466,Meezan Bank,Family,General,Falooda for Alishba and parents,900,Expense,,900.0,PKR,False,False,False,False,False,False
2025-10-05 01:43:43.050,Meezan Bank,HBL,,For spotify,500,Transfer-Out,,500.0,PKR,False,False,False,False,False,False
2025-10-05 23:03:41.570,Meezan Bank,Household,General,Bananas,120,Expense,,120.0,PKR,False,False,False,False,False,False
2025-10-06 13:04:52.448,Faysal Noor World,Split,,McDonald's lunch with Bhatti,2630,Transfer-Out,,2630.0,PKR,False,False,False,False,False,False
2025-10-06 13:40:58.899,Faysal Noor World,Split,,Extraction with Bhatti,1512,Transfer-Out,,1512.0,PKR,False,False,False,False,False,False
2025-10-06 15:37:32.265,Split,Ahmad Bhatti Loans,,McDonald's Lunch + Coffee Bhatti's part,2071,Transfer-Out,,2071.0,PKR,False,False,False,False,False,False
2025-10-06 15:37:32.265,Split,Food,Necessary,McDonald's Lunch + Coffee my part,2071,Expense,,2071.0,PKR,False,False,False,False,False,False
2025-10-06 20:01:14.608,Faysal Noor World,Transportation,Car,Yaris fuel ⛽,5790,Expense,,5790.0,PKR,False,False,False,False,False,False
2025-10-07 00:47:22.353,Meezan Bank,Miscellaneous,,,515,Expense,,515.0,PKR,False,False,False,False,False,False
2025-10-07 09:31:46.985,Ahmad Bhatti Loans,Meezan Bank,,Bhatti loan return,205503,Transfer-Out,,205503.0,PKR,False,False,False,False,False,False
2025-10-07 09:33:04.729,Ahmad Bhatti Loans,Miscellaneous,,Balance,7317,Income,,7317.0,PKR,False,False,False,False,False,False
2025-10-07 09:33:24.041,Meezan Bank,Salary,,Turing Sept 2025 Salary 90%,425497,Income,,425497.0,PKR,False,False,False,False,False,False
2025-10-07 09:35:57.040,Meezan Bank,Entrepreneurship,,Xoraiz turing salary Sept 2025,56960,Expense,202.5 USD,56960.0,PKR,False,False,False,False,False,True
2025-10-07 09:36:36.788,Meezan Bank,Entrepreneurship,,Hammad Turing Salary Sept 2025,75300,Expense,267.5 USD,75300.0,PKR,False,False,False,False,False,True
2025-10-07 09:45:08.785,Meezan Bank,Abujan Loans,,Sahowari LESCO Bill #1,10782,Transfer-Out,,10782.0,PKR,False,False,False,False,False,False
2025-10-07 09:45:25.711,Meezan Bank,Abujan Loans,,Sahowari LESCO Bill #2,23725,Transfer-Out,,23725.0,PKR,False,False,False,False,False,False
2025-10-07 09:45:35.924,Meezan Bank,Abujan Loans,,Sahowari LESCO Bill #3,89,Transfer-Out,,89.0,PKR,False,False,False,False,False,False
2025-10-07 09:46:07.221,Abujan Loans,Family,Pocket Money,Abujan Pocket Money Oct 2025,35000,Expense,,35000.0,PKR,False,False,False,False,False,False
2025-10-07 09:48:26.785,Meezan Bank,Faysal Noor World,,Faysal Noor Early bill payment,134494,Transfer-Out,,134494.0,PKR,False,False,False,False,False,False
2025-10-07 09:54:50.660,Meezan Bank,Abujan Loans,,AFOHS payment for Abujan,6000,Transfer-Out,,6000.0,PKR,False,False,False,False,False,False
2025-10-07 10:05:21.516,Meezan Bank,Household,Bills,Bahria Electricity Bill Sept 2025,18460,Expense,,18460.0,PKR,False,False,False,False,False,False
2025-10-07 13:04:17.941,Faysal Noor World,Split,,Extraction with Bhatti,2992,Transfer-Out,,2992.0,PKR,False,False,False,False,False,False
2025-10-07 13:05:17.941,Split,Food,Necessary,Extraction my part,1181,Expense,,1181.0,PKR,False,False,False,False,False,False
2025-10-07 13:05:17.941,Split,Ahmad Bhatti Loans,,Extraction Bhatti's part,1811,Transfer-Out,,1811.0,PKR,False,False,False,False,False,False
2025-10-07 13:16:23.338,Faysal Noor World,Food,Necessary,Water extraction,94,Expense,,94.0,PKR,False,False,False,False,False,False
2025-10-07 13:33:48.471,Faysal Noor World,Alishba Loans,,Alishba FP,2200,Transfer-Out,,2200.0,PKR,False,False,False,False,False,False
2025-10-07 14:36:13.849,Faysal Noor World,Office Loans,,Maryam's coffee extraction takeaway,787,Transfer-Out,,787.0,PKR,False,False,False,False,False,False
2025-10-07 14:51:54.342,Office Loans,Meezan Bank,,Maryam Rashid returned her loans,2484,Transfer-Out,All settled,2484.0,PKR,False,False,False,False,False,False
2025-10-07 14:58:41.165,Abujan Loans,Transportation,Parking,Sahowari car parking,4800,Expense,,4800.0,PKR,False,False,False,False,False,False
2025-10-07 19:06:26.746,Faysal Noor World,Office Loans,,Playdium Card Purchase,5200,Transfer-Out,,5200.0,PKR,False,False,False,False,False,False
2025-10-07 22:15:37.914,Meezan Bank,Alishba Loans,,Alishba Cap Cut Pro purchase,4833,Transfer-Out,,4833.0,PKR,False,False,False,False,False,False
2025-10-08 01:16:50.734,Faysal Noor World,Food,Necessary,FP Alishba Pizza Dinner,1512,Expense,,1512.0,PKR,False,False,False,False,False,False
2025-10-08 13:06:44.787,Faysal Noor World,Food,Necessary,FP Alishba Breakfast,722,Expense,,722.0,PKR,False,False,False,False,False,False
2025-10-08 16:07:21.079,Meezan Bank,Office Loans,,Playdium Snooker,1000,Transfer-Out,,1000.0,PKR,False,False,False,False,False,False
2025-10-08 16:07:32.479,Meezan Bank,Office Loans,,Playdium Bowling,6000,Transfer-Out,,6000.0,PKR,False,False,False,False,False,False
2025-10-08 16:07:55.067,Meezan Bank,Office Loans,,Kebabjees office dinner,16729,Transfer-Out,,16729.0,PKR,False,False,False,False,False,False
2025-10-08 20:37:01.787,JazzCash,Food,Necessary,Alishba adil milk shop,320,Expense,,320.0,PKR,False,False,False,False,False,False
2025-10-08 20:48:28.736,JazzCash,Household,General,Bananas,150,Expense,,150.0,PKR,False,False,False,False,False,False
2025-10-08 21:36:52.362,Faysal Noor World,Technology,Bills,Spotify faysal noor,449,Expense,,449.0,PKR,False,False,False,False,False,False
2025-10-09 13:08:24.707,Faysal Noor World,Split,,Extraction Lunch with Fahad,1564,Transfer-Out,,1564.0,PKR,False,False,False,False,False,False
2025-10-09 13:09:32.010,Split,Food,Lunch,Extraction Sandwich half for Bhatti,391,Expense,,391.0,PKR,False,False,False,False,False,False
2025-10-09 13:09:32.010,Split,Food,Lunch,Extraction Lunch,391,Expense,,391.0,PKR,False,False,False,False,False,False
2025-10-09 13:10:00.929,Split,Fahad Loan,,Extraction Lunch Fahad's part,782,Transfer-Out,,782.0,PKR,False,False,False,False,False,False
2025-10-09 14:40:24.675,JazzCash,Technology,Bills,Zong Balance,400,Expense,,400.0,PKR,False,False,False,False,False,False
2025-10-09 15:31:06.424,Meezan Bank,Mama Loan,,Mama Sajda Zakat,5000,Transfer-Out,,5000.0,PKR,False,False,False,False,False,False
2025-10-09 17:26:05.021,Deel Card,Office Loans,,Haris used card for esim purchase for umra,1297,Transfer-Out,,4.55,USD,False,False,False,False,False,False
2025-10-09 17:42:00.339,Faysal Noor World,Transportation,Car,Yaris fuel ⛽,3687,Expense,Aramco hi,3687.0,PKR,False,False,False,False,False,False
2025-10-09 18:15:46.178,Faysal Noor World,Health,Medicine,Butrin XL,920,Expense,,920.0,PKR,False,False,False,False,False,False
2025-10-10 01:02:49.159,Faysal Noor World,Technology,Bills,Google One subscription,419,Expense,,419.0,PKR,False,False,False,False,False,False
2025-10-10 01:33:35.752,Faysal Noor World,Installments,,OnePlus 13 Installment #1 of 12,19922,Transfer-Out,,19922.0,PKR,False,False,False,False,False,False
2025-10-10 01:51:47.458,Meezan Bank,Family,Gift,Alishba Baseus Hidden Camera Scanner,5940,Expense,,5940.0,PKR,False,False,False,False,False,False
2025-10-10 14:19:26.871,Faysal Noor World,Household,General,FP Groceries,2005,Expense,Eggs etc.,2005.0,PKR,False,False,False,False,False,False
2025-10-11 15:14:54.465,Meezan Bank,Household,Maintenance,Bahria security sim balance,500,Expense,,500.0,PKR,False,False,False,False,False,False
2025-10-11 23:26:08.472,Cash,Household,General,Water,226,Expense,,226.0,PKR,False,False,False,False,False,False
2025-10-11 23:44:11.368,Faysal Noor World,Food,Unnecessary,FP Alishba Finger Fish,1677,Expense,,1677.0,PKR,False,False,False,False,False,False
2025-10-12 12:09:19.971,Office Loans,Meezan Bank,,Haris returned for eSIM purchase,1300,Transfer-Out,,1300.0,PKR,False,False,False,False,False,False
2025-10-12 13:46:53.620,Al Meezan Mutual Funds,Investment,Mutual Funds,Loss in MEF,18347,Expense,,18347.0,PKR,False,False,False,False,False,False
2025-10-12 13:47:36.932,Al Meezan Mutual Funds,Meezan Bank,,For Alishba iPhone,145000,Transfer-Out,,145000.0,PKR,False,False,False,False,False,False
2025-10-12 13:47:36.933,Al Meezan Mutual Funds,Bank Charges,,Fees,100,Expense,,100.0,PKR,False,False,False,False,False,False
2025-10-12 16:46:46.784,Faysal Noor World,Transportation,Car,Yaris fuel ⛽,1000,Expense,Shell non hi octane ,1000.0,PKR,False,False,False,False,False,False
2025-10-12 18:43:44.364,Meezan Bank,Family,General,"Abujan Package, paid to Alishba in cash",1500,Expense,,1500.0,PKR,False,False,False,False,False,False
2025-10-12 20:05:02.419,Faysal Noor World,Family,General,Daily Deli dinner with the fam,6757,Expense,,6757.0,PKR,False,False,False,False,False,False
2025-10-12 20:05:18.085,Faysal Noor World,Food,Unnecessary,Alishba McDonald's cone,230,Expense,,230.0,PKR,False,False,False,False,False,False
2025-10-12 20:05:36.607,Faysal Noor World,Household,General,Prema milk ×1,390,Expense,,390.0,PKR,False,False,False,False,False,False
2025-10-12 21:36:13.111,Faysal Noor World,Food,Home Delivery,Food Panda Pro Subscription Yearly,1599,Expense,,1599.0,PKR,False,False,False,False,False,False
2025-10-13 00:45:27.951,Meezan Bank,Miscellaneous,,Qaisar Nawaz?,1580,Expense,,1580.0,PKR,False,False,False,False,False,False
2025-10-13 03:23:20.227,Meezan Bank,HBL,,For Donation,2500,Transfer-Out,,2500.0,PKR,False,False,False,False,False,False
2025-10-13 03:26:01.687,Meezan Bank,Family,Gift,Alishba iPhone 15 Pro Max,340000,Expense,,340000.0,PKR,False,False,False,False,False,False
2025-10-13 03:32:28.815,Meezan Bank,JazzCash,,For Spotify,1000,Transfer-Out,,1000.0,PKR,False,False,False,False,False,False
2025-10-13 03:36:12.029,Meezan Bank,Donation,,Indus Hospital Donation,2500,Expense,,2500.0,PKR,False,False,False,False,False,False
2025-10-13 14:20:08.764,JazzCash,Technology,Purchases,JazzCash virtual card,300,Expense,,300.0,PKR,False,False,False,False,False,False
2025-10-13 14:33:16.202,HBL,Alishba Loans,,Alishba Facebook Ad,964,Transfer-Out,,964.0,PKR,False,False,False,False,False,False
2025-10-13 17:39:02.059,Meezan Bank,Alishba Loans,,Alishba Leopard Parcel,820,Transfer-Out,,820.0,PKR,False,False,False,False,False,False
2025-10-13 17:39:42.537,Danish Loan,Technology,Purchases,Bought Danish's Laptop,100000,Expense,Nargis died,100000.0,PKR,False,False,False,False,False,False
2025-10-13 18:16:15.918,Faysal Noor World,Food,Necessary,Chaye Khana doodh patti alone,415,Expense,,415.0,PKR,False,False,False,False,False,False
2025-10-14 09:41:38.689,Faysal Noor World,Food,Unnecessary,FP Naan Chanay for Alishba,426,Expense,,426.0,PKR,False,False,False,False,False,False
2025-10-14 14:11:16.027,Faysal Noor World,Split,,Red Berry Roasters Coffee with Bhatti,1496,Transfer-Out,Equal split,1496.0,PKR,False,False,False,False,False,False
2025-10-14 14:11:45.012,Faysal Noor World,Split,,Arcadian with Bhatti,3409,Transfer-Out,Equal split,3409.0,PKR,False,False,False,False,False,False
2025-10-14 14:12:04.963,Faysal Noor World,Split,,Extraction with Bhatti,787,Transfer-Out,Equal split,787.0,PKR,False,False,False,False,False,False
2025-10-14 15:43:26.289,Split,Food,Unnecessary,Arcadian + Extraction + Red Berry my part,2846,Expense,,2846.0,PKR,False,False,False,False,False,False
2025-10-14 15:43:26.289,Split,Ahmad Bhatti Loans,,Arcadian + Extraction + Red Berry Bhatti's part,2846,Transfer-Out,,2846.0,PKR,False,False,False,False,False,False
2025-10-14 19:32:13.530,Faysal Noor World,Food,Unnecessary,Alishba Solli's,1973,Expense,,1973.0,PKR,False,False,False,False,False,False
2025-10-14 20:38:02.302,Meezan Bank,Tabish Loan,,Tabish jazz package,1800,Transfer-Out,,1800.0,PKR,False,False,False,False,False,False
2025-10-14 21:49:55.658,Faysal Noor World,Transportation,Flight Tickets,FlyJinnah Karachi Return Tickets for Eman's Wedding,46587,Expense,Nov 15-16 2025,46587.0,PKR,False,False,False,False,False,False
2025-10-15 12:29:57.870,Al Meezan Mutual Funds,Meezan Bank,,For Spring Installment Oct 2025,250000,Transfer-Out,,250000.0,PKR,False,False,False,False,False,False
2025-10-15 12:29:57.871,Al Meezan Mutual Funds,Bank Charges,,Fees,100,Expense,,100.0,PKR,False,False,False,False,False,False
2025-10-15 12:31:38.297,Al Meezan Mutual Funds,Meezan Bank,,For Spring Installment Oct 2025,154980,Transfer-Out,,154980.0,PKR,False,False,False,False,False,False
2025-10-15 12:31:38.298,Al Meezan Mutual Funds,Bank Charges,,Fees,100,Expense,,100.0,PKR,False,False,False,False,False,False
2025-10-15 13:29:29.122,Wasiq Loan,Food,Lunch,Lunch Rizwan Burger,573,Expense,,573.0,PKR,False,False,False,False,False,False
2025-10-15 14:16:14.948,Faysal Noor World,Split,,Extraction with Bhatti,787,Transfer-Out,Half,787.0,PKR,False,False,False,False,False,False
2025-10-15 14:17:14.948,Split,Ahmad Bhatti Loans,,Extraction Bhatti's part,394,Transfer-Out,Half,394.0,PKR,False,False,False,False,False,False
2025-10-15 14:17:14.948,Split,Food,Unnecessary,Extraction my part,394,Expense,Half,394.0,PKR,False,False,False,False,False,False
2025-10-15 14:55:04.728,Faysal Noor World,Apparel,Fashion,Cap,2999,Expense,,2999.0,PKR,False,False,False,False,False,False
2025-10-15 14:55:17.724,Faysal Noor World,Apparel,Clothing,Two uniworth underwears,3991,Expense,,3991.0,PKR,False,False,False,False,False,False
2025-10-15 17:10:36.904,Meezan Bank,Spring Apartments,,Spring Oct 2025,404980,Transfer-Out,,404980.0,PKR,False,False,False,False,False,False
2025-10-15 18:55:28.762,Faysal Noor World,Family,Gift,Alishba iPhone charger,7800,Expense,from iStore gulberg galleria ,7800.0,PKR,False,False,False,False,False,False
2025-10-15 18:59:09.606,Tabish Loan,Meezan Bank,,Tabish returned for package,1800,Transfer-Out,,1800.0,PKR,False,False,False,False,False,False
2025-10-15 20:03:55.760,Faysal Noor World,Household,General,Water,226,Expense,,226.0,PKR,False,False,False,False,False,False
2025-10-15 20:05:07.926,Faysal Noor World,Household,General,Heinz,1500,Expense,,1500.0,PKR,False,False,False,False,False,False
2025-10-15 22:20:58.136,Loans,Meezan Bank,,Zarmeen returned money she had me send to Uzair,1500,Transfer-Out,,1500.0,PKR,False,False,False,False,False,False
2025-10-16 00:12:51.479,Faysal Noor World,Technology,Purchases,HBO Max Subscription,1100,Expense,,1100.0,PKR,False,False,False,False,False,False
2025-10-16 17:05:41.091,Meezan Bank,Household,Bills,Bahria maintenance bill + maali tip,4200,Expense,,4200.0,PKR,False,False,False,False,False,False
2025-10-16 20:16:43.362,Faysal Noor World,Split,,Chaye khana with Tabish,1660,Transfer-Out,,1660.0,PKR,False,False,False,False,False,False
2025-10-16 20:17:16.760,Split,Cash,,Tabish paid for Chaye Khana,1500,Transfer-Out,,1500.0,PKR,False,False,False,False,False,False
2025-10-16 20:17:39.227,Split,Social Life,Friend,Chaye khana remaining,160,Expense,,160.0,PKR,False,False,False,False,False,False
2025-10-16 22:20:10.835,Faysal Noor World,Alishba Loans,,Alishba Google One subscription,755,Transfer-Out,,755.0,PKR,False,False,False,False,False,False
2025-10-17 14:50:26.584,Meezan Bank,Faysal Noor World,,Faysal min bill amount cleared till 30 Oct,22620,Transfer-Out,,22620.0,PKR,False,False,False,False,False,False
2025-10-17 20:16:12.700,Faysal Noor World,Alishba Loans,,Alishba Dolmen J. Purchase gift,5185,Transfer-Out,Hooriya's perfume?,5185.0,PKR,False,False,False,False,False,False
2025-10-17 20:42:55.760,Faysal Noor World,Family,Gift,Alishba Dolmen Kurta from Khaadi for herself,4331,Expense,,4331.0,PKR,False,False,False,False,False,False
2025-10-17 21:38:06.119,Faysal Noor World,Family,Gift,Alishba Limelight Dolmen,2424,Expense,,2424.0,PKR,False,False,False,False,False,False
2025-10-17 21:38:23.763,Faysal Noor World,Apparel,Shoes,Chappal for me from hush puppies,6100,Expense,,6100.0,PKR,False,False,False,False,False,False
2025-10-17 23:11:21.840,Faysal Noor World,Family,Gift,Alishba Dolmen Ideas Purchase,11938,Expense,For Areeba I think,11938.0,PKR,False,False,False,False,False,False
2025-10-17 23:25:23.098,Faysal Noor World,Alishba Loans,,Alishba Dolmen Diners Perfume Purchase,5991,Transfer-Out,For Hooriya's Fiancè,5991.0,PKR,False,False,False,False,False,False
2025-10-18 00:24:13.109,Alishba Loans,Family,Gift,Dinner for Alishfam,9050,Expense,,9050.0,PKR,False,False,False,False,False,False
2025-10-18 01:05:59.392,Faysal Noor World,Transportation,Car,Yaris fuel ⛽,4000,Expense,,4000.0,PKR,False,False,False,False,False,False
2025-10-18 12:47:38.455,Faysal Noor World,Food,Unnecessary,FP Alishba Breakfast,525,Expense,,525.0,PKR,False,False,False,False,False,False
2025-10-19 00:20:25.894,Meezan Bank,Other,,Tabish paid for 4 mo HBO Max,880,Income,,880.0,PKR,False,False,False,False,False,False
2025-10-19 02:10:39.305,Faysal Noor World,Food,Necessary,Cheat day Broadway,1240,Expense,,1240.0,PKR,False,False,False,False,False,False
2025-10-19 14:17:10.168,Faysal Noor World,Transportation,Car Maintenance,Yaris oil and oil filter change,9980,Expense,Toyota Ravi 90543km,9980.0,PKR,False,False,False,False,False,False
2025-10-19 16:45:12.170,Faysal Noor World,Food,Necessary,Chaye Khana me time,2200,Expense,"Grilled chicken salad, doodh patti, waters",2200.0,PKR,False,False,False,False,False,False
2025-10-19 19:00:59.408,Faysal Noor World,Transportation,Car,Yaris fuel ⛽,7868,Expense,Aramco hi octane ,7868.0,PKR,False,False,False,False,False,False
2025-10-20 13:40:41.539,Faysal Noor World,Food,Unnecessary,FP Nashta Sahowari,828,Expense,,828.0,PKR,False,False,False,False,False,False
2025-10-20 16:43:17.371,Meezan Bank,Cash,,For fuel and Alishba trip cash,20000,Transfer-Out,,20000.0,PKR,False,False,False,False,False,False
2025-10-20 16:43:33.321,Cash,Transportation,Car,WagonR fuel,5000,Expense,,5000.0,PKR,False,False,False,False,False,False
2025-10-20 16:43:50.478,Cash,Family,Gift,Alishba trip cash,15000,Expense,,15000.0,PKR,False,False,False,False,False,False
2025-10-20 21:39:53.842,Faysal Noor World,Family,Gift,Alishba Jalal Sons snacks pre trip,1866,Expense,,1866.0,PKR,False,False,False,False,False,False
2025-10-20 23:26:36.812,Faysal Noor World,Split,,Bonbird with Tabish,2945,Transfer-Out,Split /2,2945.0,PKR,False,False,False,False,False,False
2025-10-20 23:27:36.812,Split,Food,Unnecessary,Bonbird my part,1473,Expense,Split /2,1473.0,PKR,False,False,False,False,False,False
2025-10-20 23:27:36.812,Split,Tabish Loan,,Bonbird Tabish's part,1473,Transfer-Out,Split /2,1473.0,PKR,False,False,False,False,False,False
2025-10-20 23:44:04.113,Faysal Noor World,Transportation,Car,WagonR fuel,3900,Expense,,3900.0,PKR,False,False,False,False,False,False
2025-10-21 01:39:50.990,Faysal Noor World,Family,Gift,Alishba Bhera DD,1297,Expense,Hunza Trip ,1297.0,PKR,False,False,False,False,False,False
2025-10-21 15:34:28.762,Faysal Noor World,Split,,Extraction with Bhatti,787,Transfer-Out,Split,787.0,PKR,False,False,False,False,False,False
2025-10-21 15:35:28.762,Split,Ahmad Bhatti Loans,,Extraction Bhatti's part,393,Transfer-Out,Split,393.0,PKR,False,False,False,False,False,False
2025-10-21 15:35:28.762,Split,Food,Unnecessary,Extraction my part,393,Expense,Split,393.0,PKR,False,False,False,False,False,False
2025-10-21 21:30:27.493,Meezan Bank,Cash,,Aliyan wanted cash,10000,Transfer-Out,,10000.0,PKR,False,False,False,False,False,False
2025-10-21 21:33:06.160,Faysal Noor World,Family,Gift,FP Panda Mart for Mama & Aliyan,1402,Expense,Hico ice cream & greek yogurt,1402.0,PKR,False,False,False,False,False,False
2025-10-22 15:14:00.650,Faysal Noor World,Split,,Extraction with Bhatti and Maryam,1984,Transfer-Out,"85% to be equally split b/w me and Bhatti, the rest for Maryam",1984.0,PKR,False,False,False,False,False,False
2025-10-22 15:15:00.650,Split,Office Loans,,Extraction Maryam's part,298,Transfer-Out,"85% to be equally split b/w me and Bhatti, the rest for Maryam",298.0,PKR,False,False,False,False,False,False
2025-10-22 15:15:00.650,Split,Ahmad Bhatti Loans,,Extraction Bhatti's part,843,Transfer-Out,"85% to be equally split b/w me and Bhatti, the rest for Maryam",843.0,PKR,False,False,False,False,False,False
2025-10-22 15:15:00.650,Split,Food,Unnecessary,Extraction my part,843,Expense,"85% to be equally split b/w me and Bhatti, the rest for Maryam",843.0,PKR,False,False,False,False,False,False
2025-10-23 12:33:31.526,Faysal Noor World,Split,,Hardees lunch with Bhatti,2310,Transfer-Out,Equal split,2310.0,PKR,False,False,False,False,False,False
2025-10-23 15:39:51.147,Faysal Noor World,Split,,Extraction with Bhatti,787,Transfer-Out,Half,787.0,PKR,False,False,False,False,False,False
2025-10-23 15:40:51.147,Split,Ahmad Bhatti Loans,,Extraction + Hardees Bhatti's part,1549,Transfer-Out,Half,1549.0,PKR,False,False,False,False,False,False
2025-10-23 15:40:51.147,Split,Food,Necessary,Extraction + Hardees my part,1549,Expense,Half,1549.0,PKR,False,False,False,False,False,False
2025-10-23 19:17:39.137,Faysal Noor World,Transportation,Car,Yaris fuel ⛽,5000,Expense,,5000.0,PKR,False,False,False,False,False,False
2025-10-23 21:13:10.220,Deel Card,Entrepreneurship,,karsaztech.com domain godaddy,3474,Expense,,12.19,USD,False,False,False,False,False,True
2025-10-23 21:52:03.914,Meezan Bank,Tabish Loan,,For Zainab Parlour,10000,Transfer-Out,,10000.0,PKR,False,False,False,False,False,False
2025-10-23 22:19:26.912,Faysal Noor World,Family,Health/Medicine,Mama ortho medicine,4527,Expense,,4527.0,PKR,False,False,False,False,False,False
2025-10-23 22:31:52.736,Meezan Bank,Donation,,Bonnie cat food for Sahowari Strays,2953,Expense,,2953.0,PKR,False,False,False,False,False,False
2025-10-24 00:03:07.500,Faysal Noor World,Split,,Extraction with Bhatti,787,Transfer-Out,Half,787.0,PKR,False,False,False,False,False,False
2025-10-24 01:01:57.128,Split,Ahmad Bhatti Loans,,Extraction Bhatti's part,393,Transfer-Out,Split,393.0,PKR,False,False,False,False,False,False
2025-10-24 01:02:16.355,Split,Food,Unnecessary,Extraction my part,393,Expense,Split,393.0,PKR,False,False,False,False,False,False
2025-10-24 01:14:23.589,Alishba Loans,Family,General,Balancing this month,11698,Expense,,11698.0,PKR,False,False,False,False,False,False
2025-10-24 11:42:17.160,Deel Card,Miscellaneous,,Chanrasukh_seller,4845,Expense,,17.0,USD,False,False,False,False,False,False
2025-10-24 12:39:39.151,Faysal Noor World,Health,Health,Sperm test chughtai,3100,Expense,3.5 days waited,3100.0,PKR,False,False,False,False,False,False
2025-10-24 13:20:46.029,Faysal Noor World,Food,Necessary,FP Karachi Paratha Roll Lunch Office,838,Expense,,838.0,PKR,False,False,False,False,False,False
2025-10-24 15:54:10.528,Provident Fund,Salary,,Beyond ONE Provident Fund #6 Oct 2025,154098,Income,,154098.0,PKR,False,False,False,False,False,False
2025-10-24 15:54:52.887,Meezan Bank,Salary,,Beyond ONE Salary #6 Oct 2025,712083,Income,,712083.0,PKR,False,False,False,False,False,False
2025-10-25 00:50:11.075,Cash,JazzCash,,,4900,Transfer-Out,,4900.0,PKR,False,False,False,False,False,False
2025-10-25 00:50:11.076,Cash,Bank Charges,,Fees,100,Expense,,100.0,PKR,False,False,False,False,False,False
2025-10-25 00:50:20.907,JazzCash,Technology,Bills,Jazz package,1800,Expense,,1800.0,PKR,False,False,False,False,False,False
2025-10-25 15:26:53.814,Office Loans,Meezan Bank,,Maryam returned for carpool,1291,Transfer-Out,,1291.0,PKR,False,False,False,False,False,False
2025-10-25 15:51:23.462,Meezan Bank,Tabish Loan,,Tabish qarz e hasana,60000,Transfer-Out,,60000.0,PKR,False,False,False,False,False,False
2025-10-25 19:41:37.638,Office Loans,Meezan Bank,,Maryam return for Extraction,298,Transfer-Out,,298.0,PKR,False,False,False,False,False,False
2025-10-25 19:44:47.671,Faysal Noor World,Split,,Chaye khana with bhatti half,3974,Transfer-Out,,3974.0,PKR,False,False,False,False,False,False
2025-10-25 19:45:47.671,Split,Ahmad Bhatti Loans,,Chaye Khana Bhatti's part,1987,Transfer-Out,,1987.0,PKR,False,False,False,False,False,False
2025-10-25 19:45:47.671,Split,Food,Unnecessary,Chaye khana my part,1987,Expense,,1987.0,PKR,False,False,False,False,False,False
2025-10-25 21:41:03.104,Meezan Bank,Apparel,Shoes,Adidas Shoes Emporium with Bhatti,39290,Expense,,39290.0,PKR,False,False,False,False,False,False
2025-10-25 22:10:22.961,Meezan Bank,Split,,"Mast Restaurant with Wasiq, Bhatti",4089,Transfer-Out,,4089.0,PKR,False,False,False,False,False,False
2025-10-25 22:11:22.961,Split,Ahmad Bhatti Loans,,Mast Restaurant Bhatti's part,1636,Transfer-Out,,1636.0,PKR,False,False,False,False,False,False
2025-10-25 22:11:22.961,Split,Food,Necessary,Mast Restaurant my part,1636,Expense,,1636.0,PKR,False,False,False,False,False,False
2025-10-25 22:12:22.961,Split,Wasiq Loan,,Mast Restaurant Wasiq's part,818,Transfer-Out,,818.0,PKR,False,False,False,False,False,False
2025-10-26 00:00:10.425,Faysal Noor World,Health,Health,CERTEZA bathroom scale bashir sons pharmacy,2702,Expense,,2702.0,PKR,False,False,False,False,False,False
2025-10-26 00:50:09.328,Meezan Bank,Miscellaneous,,Hisaab complete,20807,Expense,,20807.0,PKR,False,False,False,False,True,False
2025-10-26 00:52:24.226,JazzCash,Miscellaneous,,Hisaab,8562,Expense,,8562.0,PKR,False,False,False,False,True,False
2025-10-26 17:09:31.887,Faysal Noor World,Household,General,Bahria Prema Milk and Kingtox,930,Expense,,930.0,PKR,False,False,False,False,False,False
2025-10-26 23:11:18.465,Faysal Noor World,Transportation,Car,Yaris fuel ⛽,8342,Expense,Aramco hi,8342.0,PKR,False,False,False,False,False,False
2025-10-27 00:53:55.759,Meezan Bank,Household,Bills,Bahria Maali Salary,3500,Expense,,3500.0,PKR,False,False,False,False,False,False
2025-10-27 00:54:15.948,Meezan Bank,Bank Charges,,Transfer fee,3,Expense,,3.0,PKR,False,False,False,False,False,False
2025-10-27 13:27:49.901,Meezan Bank,Faysal Noor World,,Faysal Noor Credit Card Advance Bill Payment,197583,Transfer-Out,,197583.0,PKR,False,False,False,False,False,False
2025-10-27 13:28:34.481,Meezan Bank,Family,Pocket Money,Alishba Pocket Money Nov 2025,100000,Expense,,100000.0,PKR,False,False,False,False,False,False
2025-10-27 16:23:58.231,Faysal Noor World,Food,Necessary,FP Lunch with Alishba,1331,Expense,Yakhni Plao,1331.0,PKR,False,False,False,False,False,False
2025-10-28 00:00:06.242,Faysal Noor World,Food,Unnecessary,Alishba FP Finger Fish Dinner Al Khan,3100,Expense,,3100.0,PKR,False,False,False,False,False,False
2025-10-28 00:47:06.998,Meezan Bank,Al Meezan Mutual Funds,,Mutual Funds Investment MCF,50000,Transfer-Out,,50000.0,PKR,False,False,False,False,False,False
2025-10-28 00:47:06.999,Meezan Bank,Religion,,Fees,80,Expense,,80.0,PKR,False,False,False,False,False,False
2025-10-28 21:23:05.138,JazzCash,Technology,Bills,Jazz load,200,Expense,,200.0,PKR,False,False,False,False,False,False
2025-10-29 13:45:33.657,Cash,Split,,Rizwan burger with Bhatti Wasiq,1000,Transfer-Out,"Half owed by Bhatti, half spent by me",1000.0,PKR,False,False,False,False,False,False
2025-10-29 13:45:33.657,Split,Food,Necessary,Rizwan burger my part,666,Expense,"Half owed by Bhatti, half spent by me",666.0,PKR,False,False,False,False,False,False
2025-10-29 13:45:33.657,Split,Ahmad Bhatti Loans,,Rizwan burger Bhatti's part,334,Transfer-Out,"Half owed by Bhatti, half spent by me",334.0,PKR,False,False,False,False,False,False
2025-10-29 14:13:28.722,Faysal Noor World,Split,,Extraction with Bhatti,874,Transfer-Out,Half,874.0,PKR,False,False,False,False,False,False
2025-10-29 14:13:28.722,Split,Ahmad Bhatti Loans,,Extraction Bhatti's part,437,Transfer-Out,Half,437.0,PKR,False,False,False,False,False,False
2025-10-29 14:13:28.722,Split,Food,Unnecessary,Extraction my part,437,Expense,Half,437.0,PKR,False,False,False,False,False,False
2025-10-29 20:04:30.872,Faysal Noor World,Transportation,Car,Yaris fuel ⛽,5220,Expense,Aramco hi,5220.0,PKR,False,False,False,False,False,False
2025-10-29 21:02:22.254,Faysal Noor World,Household,Water,C&B water,451,Expense,,451.0,PKR,False,False,False,False,False,False
2025-10-29 22:30:43.703,Faysal Noor World,Split,,Jalal Sons snacks and shampoo and kingtox,4814,Transfer-Out,,4814.0,PKR,False,False,False,False,False,False
2025-10-29 22:38:22.719,Split,Family,Gift,Snacks from Jalal Sons,3508,Expense,,3508.0,PKR,False,False,False,False,False,False
2025-10-29 22:38:42.784,Split,Household,General,Household stuff from Jalal Sons,1306,Expense,"Shampoo, Kingtox",1306.0,PKR,False,False,False,False,False,False
2025-10-30 14:05:09.052,Faysal Noor World,Alishba Loans,,Alishba Apple.com Purchase,4900,Transfer-Out,,4900.0,PKR,False,False,False,False,False,False
2025-10-31 17:05:46.732,Meezan Bank,Self-development,,Flute classes October 2025,2000,Expense,,2000.0,PKR,False,False,False,False,False,False
2025-10-31 18:01:33.305,Meezan Bank,Household,Maintenance,Treadmill service & oil purchase,5000,Expense,,5000.0,PKR,False,False,False,False,False,False
2025-10-31 22:15:43.671,Meezan Bank,HBL,,For Spotify,2000,Transfer-Out,,2000.0,PKR,False,False,False,False,False,False
2025-10-31 22:26:08.646,HBL,Technology,Bills,Spotify Duo,470,Expense,,470.0,PKR,False,False,False,False,False,False
2025-10-31 22:59:54.241,JazzCash,Transportation,,M-Tag,1500,Expense,,1500.0,PKR,False,False,False,False,False,False
2025-10-31 23:30:06.981,Faysal Noor World,Household,General,"Bread, milk, eggs, euro store",1180,Expense,,1180.0,PKR,False,False,False,False,False,False
2025-11-01 11:18:15.432,Meezan Bank,HBL,,For sundas donation,1500,Transfer-Out,,1500.0,PKR,False,False,False,False,False,False
2025-11-01 19:15:36.362,Faysal Noor World,Food,Necessary,Chaye Khana breakfast with Alishba,4317,Expense,Did fleetglue assignment,4317.0,PKR,False,False,False,False,False,False
2025-11-02 01:51:35.676,Faysal Noor World,Food,Necessary,FP Hardees Dinner,1672,Expense,,1672.0,PKR,False,False,False,False,False,False
2025-11-02 03:34:36.641,Deel Card,Technology,Purchases,Transfer rohanhussain.com to namecheap,3420,Expense,,12.0,USD,False,False,False,False,False,False
2025-11-02 11:36:57.016,HBL,Donation,,Sundas foundation donation,2000,Expense,,2000.0,PKR,False,False,False,False,False,False
2025-11-02 16:32:41.206,Split,Food,Necessary,Bundu Khan my part,1326,Expense,Half split,1326.0,PKR,False,False,False,False,False,False
2025-11-02 16:32:41.206,Meezan Bank,Split,,Bundu Khan with Wasiq,2652,Transfer-Out,Half split,2652.0,PKR,False,False,False,False,False,False
2025-11-02 16:32:41.206,Split,Wasiq Loan,,Bundu Khan Wasiq's part,1326,Transfer-Out,Half split,1326.0,PKR,False,False,False,False,False,False
2025-11-02 18:55:27.474,Faysal Noor World,Social Life,Friend,McDonald's with Tabish,1545,Expense,,1545.0,PKR,False,False,False,False,False,False
2025-11-02 20:44:28.934,Meezan Bank,Household,Bills,SNGPL Bahria,960,Expense,,960.0,PKR,False,False,False,False,False,False
2025-11-02 20:44:59.340,Meezan Bank,Faysal Noor World,,Faysal Noor Credit Card Advance Bill Payment,29404,Transfer-Out,,29404.0,PKR,False,False,False,False,False,False
2025-11-02 23:12:32.624,Faysal Noor World,Food,Necessary,FP Paratha Roll,586,Expense,,586.0,PKR,False,False,False,False,False,False
2025-11-03 13:32:59.557,Fahad Loan,Meezan Bank,,Fahad loan return,30700,Transfer-Out,,30700.0,PKR,False,False,False,False,False,False
2025-11-03 13:36:04.437,Fahad Loan,Miscellaneous,,"Do hisaab, all clear",64747,Income,,64747.0,PKR,False,False,False,False,True,False
2025-11-03 16:32:17.688,Faysal Noor World,Transportation,Car,Yaris fuel ⛽,7932,Expense,Aramco hi,7932.0,PKR,False,False,False,False,False,False
2025-11-03 17:17:58.708,Faysal Noor World,Transportation,Car Maintenance,Yaris key new cover & battery,1100,Expense,,1100.0,PKR,False,False,False,False,False,False
2025-11-03 17:53:45.756,Meezan Bank,Loans,,To Zaeem to be returned shortly,150000,Transfer-Out,,150000.0,PKR,False,False,False,False,False,False
2025-11-03 18:00:49.894,Loans,Meezan Bank,,Zaeem returned,150000,Transfer-Out,,150000.0,PKR,False,False,False,False,False,False
2025-11-03 18:15:56.474,Meezan Bank,Transportation,Car Maintenance,Yaris tyre plate paint + asif traders tyre crew tip,4200,Expense,,4200.0,PKR,False,False,False,False,False,False
2025-11-03 18:16:20.605,Faysal Noor World,Transportation,Car Maintenance,Yaris new yokohama tyres,102000,Expense,Asif traders. 25k per tyre. 2k credit card charge.,102000.0,PKR,False,False,False,False,False,False
2025-11-03 18:21:58.891,Cash,Transportation,Car Maintenance,Yaris suspension spray,1000,Expense,,1000.0,PKR,False,False,False,False,False,False
2025-11-03 18:47:34.065,Meezan Bank,Transportation,Car Maintenance,Yaris wheel alignment,1000,Expense,,1000.0,PKR,False,False,False,False,False,False
2025-11-03 19:21:07.639,Meezan Bank,Food,Necessary,Alishba adil milk shop dinner,320,Expense,,320.0,PKR,False,False,False,False,False,False
2025-11-03 23:04:46.616,Faysal Noor World,Food,Unnecessary,FP Steakaway Dinner,3262,Expense,,3262.0,PKR,False,False,False,False,False,False
2025-11-04 01:31:56.653,Faysal Noor World,Family,Health/Medicine,Alishba cough meds,713,Expense,,713.0,PKR,False,False,False,False,False,False
2025-11-04 16:49:33.179,Meezan Bank,Household,Bills,Bahria PTCL Bill,7780,Expense,,7780.0,PKR,False,False,False,False,False,False
2025-11-04 16:50:41.409,Meezan Bank,Abujan Loans,,Sahowari LESCO Bill #1,7250,Transfer-Out,,7250.0,PKR,False,False,False,False,False,False
2025-11-04 16:50:50.297,Meezan Bank,Abujan Loans,,Sahowari LESCO Bill #2,5262,Transfer-Out,,5262.0,PKR,False,False,False,False,False,False
2025-11-04 16:51:04.859,Meezan Bank,Abujan Loans,,Sahowari LESCO Bill #3,89,Transfer-Out,,89.0,PKR,False,False,False,False,False,False
2025-11-04 16:51:35.571,Abujan Loans,Family,Pocket Money,Abujan Pocket Money Nov 2025,35000,Expense,,35000.0,PKR,False,False,False,False,False,False
2025-11-04 17:09:20.445,Abujan Loans,Transportation,Parking,Sahowari car parking,4800,Expense,,4800.0,PKR,False,False,False,False,False,False
2025-11-04 19:42:45.680,Faysal Noor World,Household,General,Greek yogurt,216,Expense,,216.0,PKR,False,False,False,False,False,False
2025-11-04 22:29:14.059,Meezan Bank,Household,General,Fruits,590,Expense,,590.0,PKR,False,False,False,False,False,False
2025-11-05 04:27:36.849,Faysal Noor World,Technology,Purchases,Journey cloud accidental purchase,14200,Expense,Filed dispute on this through Faysal Bank on 07 Nov around 12:40pm,14200.0,PKR,False,False,False,False,False,False
2025-11-05 12:42:46.682,Faysal Noor World,Food,Unnecessary,FP Nashta,696,Expense,,696.0,PKR,False,False,False,False,False,False
2025-11-05 17:28:08.632,Meezan Bank,Tabish Loan,,Tabish qarz e hasana,17500,Transfer-Out,,17500.0,PKR,False,False,False,False,False,False
2025-11-05 17:57:38.124,Faysal Noor World,Family,Gift,Alishba Corvette Gift from Taara,3949,Expense,,3949.0,PKR,False,False,False,False,False,False
2025-11-05 18:17:24.935,Meezan Bank,Transportation,Taxi,Indrive from home to dolmen,2100,Expense,,2100.0,PKR,False,False,False,False,False,False
2025-11-05 21:59:49.331,Faysal Noor World,Culture,Books,Liberty Books Dolmen,1274,Expense,,1274.0,PKR,False,False,False,False,False,False
2025-11-05 22:26:34.372,Abujan Loans,Merge,,,15000,Transfer-Out,Aliyan took 15k from Abujan for Mama pocket money (30k). 15k he paid,15000.0,PKR,False,False,False,False,False,False
2025-11-05 22:40:50.477,Aliyan Loans,Merge,,,15000,Transfer-Out,Aliyan paid 15k to Mama for pocket money,15000.0,PKR,False,False,False,False,False,False
2025-11-05 22:41:25.597,Merge,Family,Pocket Money,Mama Pocket Money Nov 2025,30000,Expense,,30000.0,PKR,False,False,False,False,False,False
2025-11-05 22:42:05.156,Meezan Bank,Abujan Loans,,To Abujan for Mama Pocket Money and extra,30000,Transfer-Out,,30000.0,PKR,False,False,False,False,False,False
2025-11-05 22:42:21.033,Meezan Bank,Aliyan Loans,,To Aliyan for Mama Pocket Money,15000,Transfer-Out,,15000.0,PKR,False,False,False,False,False,False
2025-11-05 23:57:53.225,Meezan Bank,Household,Bills,Alishba household money,5000,Expense,,5000.0,PKR,False,False,False,False,False,False
2025-11-05 23:57:53.225,Meezan Bank,Household,Bills,Kaamwali cash,7000,Expense,,7000.0,PKR,False,False,False,False,False,False
2025-11-06 00:21:48.371,Faysal Noor World,Family,Gift,Areeba Birthday Cake & Stuff,3191,Expense,,3191.0,PKR,False,False,False,False,False,False
2025-11-06 12:32:21.721,Faysal Noor World,Technology,Purchases,Fake Airpods Pro 2 from Daraz,1963,Expense,,1963.0,PKR,False,False,False,False,False,False
2025-11-06 12:35:17.492,Faysal Noor World,Alishba Loans,,Alishba Extraction,892,Transfer-Out,Areeba's birthday,892.0,PKR,False,False,False,False,False,False
2025-11-06 13:50:46.384,Faysal Noor World,Split,,Extraction lunch with bhatti,3958,Transfer-Out,,3958.0,PKR,False,False,False,False,False,False
2025-11-06 13:50:46.384,Split,Food,Necessary,Extraction lunch my part,1979,Expense,,1979.0,PKR,False,False,False,False,False,False
2025-11-06 13:50:46.384,Split,Ahmad Bhatti Loans,,Extraction Lunch Bhatti's part,1979,Transfer-Out,,1979.0,PKR,False,False,False,False,False,False
2025-11-06 19:59:28.054,Meezan Bank,Miscellaneous,,Cash for wallet,3000,Expense,,3000.0,PKR,False,False,False,False,False,False
2025-11-06 19:59:59.879,Faysal Noor World,Transportation,Car,Yaris fuel ⛽,7922,Expense,Aramco hi,7922.0,PKR,False,False,False,False,False,False
2025-11-06 21:14:31.956,Faysal Noor World,Food,Necessary,FP Steakaway Dinner,2895,Expense,,2895.0,PKR,False,False,False,False,False,False
2025-11-07 12:34:34.532,Meezan Bank,Household,Bills,Bahria Electricity Bill Oct 2025,20620,Expense,,20620.0,PKR,False,False,False,False,False,False
2025-11-07 14:52:04.397,Meezan Bank,JazzCash,,For Abujan M-Tag,4000,Transfer-Out,,4000.0,PKR,False,False,False,False,False,False
2025-11-07 14:52:04.398,Meezan Bank,Bank Charges,,Fees,4,Expense,,4.0,PKR,False,False,False,False,False,False
2025-11-07 14:52:57.970,JazzCash,Abujan Loans,,Abujan M-Tag,1010,Transfer-Out,,1010.0,PKR,False,False,False,False,False,False
2025-11-07 15:00:37.543,Faysal Noor World,Household,Maintenance,Bismillah Sanitary Bahria IBFT,19400,Expense,"Exhuast fan, muslin shower, shower plate high pressure",19400.0,PKR,False,False,False,False,False,False
2025-11-07 15:10:56.080,Cash,Household,Maintenance,Muslin shower,2500,Expense,,2500.0,PKR,False,False,False,False,False,False
2025-11-07 15:28:51.428,Faysal Noor World,Household,General,FP Groceries for Biryani,3073,Expense,,3073.0,PKR,False,False,False,False,False,False
2025-11-07 15:42:38.335,EasyPaisa,Technology,Bills,Zong balance,400,Expense,,400.0,PKR,False,False,False,False,False,False
2025-11-07 20:28:29.323,Faysal Noor World,Family,Gift,Alishba halwa bundu khan bakery,492,Expense,,492.0,PKR,False,False,False,False,False,False
2025-11-07 20:49:32.639,Meezan Bank,Aliyan Loans,,Aliyan the poet restaurant discount,10902,Transfer-Out,,10902.0,PKR,False,False,False,False,False,False
2025-11-08 12:57:33.801,Mama Loan,Household,Kitchen,Greek Yogurt maker ordered to Sahowari,2900,Expense,,2900.0,PKR,False,False,False,False,False,False
2025-11-08 14:58:35.255,Aliyan Loans,Meezan Bank,,Aliyan returned for The Poet transaction,10900,Transfer-Out,,10900.0,PKR,False,False,False,False,False,False
2025-11-08 17:11:45.797,Faysal Noor World,Alishba Loans,,Alishba Ticketwala purchase,9458,Transfer-Out,,9458.0,PKR,False,False,False,False,False,False
2025-11-08 19:31:09.013,Faysal Noor World,Food,Unnecessary,Chaye Khana,5506,Expense,,5506.0,PKR,False,False,False,False,False,False
2025-11-08 22:36:41.088,Faysal Noor World,Technology,Bills,Google One subscription,419,Expense,,419.0,PKR,False,False,False,False,False,False
2025-11-08 22:48:26.388,Faysal Noor World,Aliyan Loans,,FP Aliyan JJ Order,1009,Transfer-Out,,1009.0,PKR,False,False,False,False,False,False
2025-11-08 23:08:27.933,Aliyan Loans,Meezan Bank,,Aliyan returned for JJ FP,1000,Transfer-Out,,1000.0,PKR,False,False,False,False,False,False
2025-11-09 16:06:06.900,Faysal Noor World,Food,Unnecessary,FP Nashta Bundu Khan Soup & Sandwich,3241,Expense,,3241.0,PKR,False,False,False,False,False,False
2025-11-09 16:38:13.764,Meezan Bank,Cash,,Mama Sajda Zakat,5000,Transfer-Out,,5000.0,PKR,False,False,False,False,False,False
2025-11-09 16:38:13.765,Meezan Bank,Bank Charges,,Fees,5,Expense,,5.0,PKR,False,False,False,False,False,False
2025-11-09 17:10:17.924,Cash,Donation,,Thalasemia,3000,Expense,,3000.0,PKR,False,False,False,False,False,False
2025-11-09 17:11:26.840,Faysal Noor World,Household,General,Euro Store Groceries,3734,Expense,"Eggs, bread, milk, yogurt, batteries",3734.0,PKR,False,False,False,False,False,False
2025-11-09 22:57:11.920,Meezan Bank,Food,Unnecessary,Dominos,1530,Expense,,1530.0,PKR,False,False,False,False,False,False
2025-11-10 01:33:35.752,Faysal Noor World,Installments,,OnePlus 13 Installment #2 of 12,19922,Transfer-Out,,19922.0,PKR,False,False,False,False,False,False
2025-11-10 10:22:31.143,Alishba Loans,Meezan Bank,,Alishba returned for ticketwala tickets,9000,Transfer-Out,,9000.0,PKR,False,False,False,False,False,False
2025-11-10 14:00:17.303,JazzCash,Abujan Loans,,Abujan Jazz Package,1300,Transfer-Out,,1300.0,PKR,False,False,False,False,False,False
2025-11-10 16:26:03.783,Faysal Noor World,Household,General,"Jhaaroo, detergent",1000,Expense,,1000.0,PKR,False,False,False,False,False,False
2025-11-10 18:20:37.325,Meezan Bank,Cash,,For plumber,4000,Transfer-Out,,4000.0,PKR,False,False,False,False,False,False
2025-11-10 18:20:49.236,Cash,Household,Maintenance,To Plumber mazdoori and exhuast repair,6500,Expense,,6500.0,PKR,False,False,False,False,False,False
2025-11-10 18:37:50.471,Meezan Bank,Faysal Noor World,,Faysal Noor Credit Card Advance Bill Payment,80000,Transfer-Out,,80000.0,PKR,False,False,False,False,False,False
2025-11-10 18:38:59.020,Faysal Noor Installments,Faysal Noor World,,Yokohama Tyre Installments 3mo,102000,Transfer-Out,"Principal amount 102k, 1500 processing, 2040 per month profit charge",102000.0,PKR,False,False,False,False,False,False
2025-11-10 18:38:59.021,Faysal Noor Installments,Bank Charges,,Fees,7620,Expense,,7620.0,PKR,False,False,False,False,False,False
2025-11-10 19:43:18.226,Faysal Noor World,Culture,Books,Qasim Kitabwadi for Bayan e Ghalib and Sher e Shor Angez,6100,Expense,,6100.0,PKR,False,False,False,False,False,False
2025-11-10 19:44:38.059,Parents Spring Loan,Spring Apartments,,Spring Oct 2025,404980,Transfer-Out,Paid by Abujan via BOP cheque,404980.0,PKR,False,False,False,False,False,False
2025-11-10 22:21:44.969,Meezan Bank,Alishba Loans,,Bundu Khan dinner treat by Alishba,7837,Transfer-Out,,7837.0,PKR,False,False,False,False,False,False
2025-11-10 22:21:44.969,Alishba Loans,Meezan Bank,,Bundu Khan dinner treat by Alishba returned,8000,Transfer-Out,,8000.0,PKR,False,False,False,False,False,False
2025-11-10 23:46:50.194,Mama Loan,Meezan Bank,,Mama rajgarh rent loan returned,100000,Transfer-Out,,100000.0,PKR,False,False,False,False,False,False
2025-11-11 14:15:48.873,Split,Ahmad Bhatti Loans,,Extraction Bhatti's part,830,Transfer-Out,"50% bhatti, rest half split",830.0,PKR,False,False,False,False,False,False
2025-11-11 14:15:48.873,Split,Food,Unnecessary,Extraction my part,415,Expense,"50% bhatti, rest half split",415.0,PKR,False,False,False,False,False,False
2025-11-11 14:15:48.873,Split,Office Loans,,Extraction Maryam's part,415,Transfer-Out,"50% bhatti, rest half split",415.0,PKR,False,False,False,False,False,False
2025-11-11 14:15:48.873,Faysal Noor World,Split,,Extraction Bhatti and Maryam,1659,Transfer-Out,"50% bhatti, rest half split",1659.0,PKR,False,False,False,False,False,False
2025-11-11 17:41:47.331,Cash,JazzCash,,Delivery fee for books from qasim kitabwadi returned,220,Transfer-Out,,220.0,PKR,False,False,False,False,False,False
2025-11-11 19:33:24.239,Faysal Noor World,Transportation,Car,Yaris fuel ⛽,7288,Expense,Aramco hi,7288.0,PKR,False,False,False,False,False,False
2025-11-11 22:14:26.637,Faysal Noor World,Family,Health/Medicine,Alishba Medicine Bashir Pharmacy,3276,Expense,,3276.0,PKR,False,False,False,False,False,False
2025-11-12 00:14:46.550,Faysal Noor World,Alishba Loans,,Alishba Skincare Products on Sale,14547,Transfer-Out,,14547.0,PKR,False,False,False,False,False,False
2025-11-12 00:20:35.060,Faysal Noor World,Technology,Purchases,Tasker android app purchase,590,Expense,,590.0,PKR,False,False,False,False,False,False
2025-11-12 13:09:56.184,Faysal Noor World,Family,Pet,Lily cat food & 3× litter,6110,Expense,Epets. Marinesse,6110.0,PKR,False,False,False,False,False,False
2025-11-12 20:31:30.410,Abujan Loans,Household,Appliances,Electric Instant Geyser Sahowari My Room,37500,Expense,,37500.0,PKR,False,False,False,False,False,False
2025-11-12 21:57:48.102,Meezan Bank,Beauty,,Tanveer Barber,1500,Expense,,1500.0,PKR,False,False,False,False,False,False
2025-11-13 10:31:41.749,Meezan Bank,Household,Bills,Bahria maintenance bill + maali tip + transfer fee,4204,Expense,4100 bill,4204.0,PKR,False,False,False,False,False,False
2025-11-13 13:16:21.115,Split,Ahmad Bhatti Loans,,Hardees lunch Bhatti's part,1600,Transfer-Out,50/50,1600.0,PKR,False,False,False,False,False,False
2025-11-13 13:16:21.115,Faysal Noor World,Split,,Hardees lunch with Bhatti,3200,Transfer-Out,50/50,3200.0,PKR,False,False,False,False,False,False
2025-11-13 13:16:21.115,Split,Food,Unnecessary,Hardees lunch my part,1600,Expense,50/50,1600.0,PKR,False,False,False,False,False,False
2025-11-13 16:53:48.551,Faysal Noor World,Education,,"Anees book Depot highlighter, pen",761,Expense,,761.0,PKR,False,False,False,False,False,False
2025-11-13 17:28:11.090,Faysal Noor World,Alishba Loans,,Google One subscription Alishba,786,Transfer-Out,,786.0,PKR,False,False,False,False,False,False
2025-11-13 23:13:06.356,Loans,Meezan Bank,,From Momina's father for Eman's salami,15000,Transfer-Out,,15000.0,PKR,False,False,False,False,False,False
2025-11-14 00:19:48.914,Faysal Noor World,Family,Clothing/Apparel,Alishba Sapphire Dolmen,24521,Expense,,24521.0,PKR,False,False,False,False,False,False
2025-11-14 00:20:23.791,Faysal Noor World,Apparel,Clothing,Monark Dolmen,18401,Expense,,18401.0,PKR,False,False,False,False,False,False
2025-11-14 01:20:27.776,Meezan Bank,Faysal Noor World,,Faysal Min Due Amount Bill Paid,35560,Transfer-Out,,35560.0,PKR,False,False,False,False,False,False
2025-11-14 13:08:29.956,Meezan Bank,HBL,,,2000,Transfer-Out,,2000.0,PKR,False,False,False,False,False,False
2025-11-14 13:37:39.516,Faysal Noor World,Apparel,Clothing,COUGAR Dolmen,1750,Expense,,1750.0,PKR,False,False,False,False,False,False
2025-11-14 13:37:39.516,Faysal Noor World,Apparel,Clothing,COUGAR Dolmen,3150,Expense,,3150.0,PKR,False,False,False,False,False,False
2025-11-14 13:37:39.516,Faysal Noor World,Apparel,Clothing,CHARCOAL Dolmen,17680,Expense,,17680.0,PKR,False,False,False,False,False,False
2025-11-14 13:37:39.516,Faysal Noor World,Apparel,Clothing,KIJI Dolmen,14910,Expense,,14910.0,PKR,False,False,False,False,False,False
2025-11-14 13:37:39.516,Faysal Noor World,Apparel,Clothing,WALKEAZE Dolmen,14910,Expense,,14910.0,PKR,False,False,False,False,False,False
2025-11-14 15:10:06.996,Faysal Noor World,Alishba Loans,,Alishba Ticketwala purchase,4253,Transfer-Out,,4253.0,PKR,False,False,False,False,False,False
2025-11-14 19:33:25.386,Faysal Noor World,Food,Necessary,Water,152,Expense,Haute Dolci,152.0,PKR,False,False,False,False,False,False
2025-11-14 23:39:24.429,Faysal Noor World,Food,Unnecessary,YUM Chinese Dolmen with Alishba,7396,Expense,After shopping,7396.0,PKR,False,False,False,False,False,False
2025-11-15 11:32:52.643,Split,Loans,,Eman's salami from Momina,15000,Transfer-Out,"5k my salami, 15k Momina's (sent by her father), 1k petty",15000.0,PKR,False,False,False,False,False,False
2025-11-15 11:32:52.643,Split,Social Life,Friend,Eman's wedding petty cash,1000,Expense,"5k my salami, 15k Momina's (sent by her father), 1k petty",1000.0,PKR,False,False,False,False,True,False
2025-11-15 11:32:52.643,Meezan Bank,Split,,Eman's wedding cash,21000,Transfer-Out,"5k my salami, 15k Momina's (sent by her father), 1k petty",21000.0,PKR,False,False,False,False,False,False
2025-11-15 11:32:52.643,Split,Social Life,Friend,Eman's salami from me,5000,Expense,"5k my salami, 15k Momina's (sent by her father), 1k petty",5000.0,PKR,False,False,False,False,False,False
2025-11-15 16:13:26.338,Cash,Tour/Travel,Transport,InDrive from airport (KHI),1200,Expense,,1200.0,PKR,False,False,False,False,False,False
2025-11-15 16:13:46.157,Meezan Bank,Tour/Travel,Hotels,LOKAL Hotel Rent (KHI),14375,Expense,,14375.0,PKR,False,False,False,False,False,False
2025-11-15 16:21:00.387,Faysal Noor World,Tour/Travel,Meals,Lunch Ghousia Biryani FP (KHI),729,Expense,,729.0,PKR,False,False,False,False,False,False
2025-11-15 22:30:55.646,Faysal Noor World,Social Life,Friend,Dominos for Tabish,2109,Expense,Celebrating his first implant,2109.0,PKR,False,False,False,False,False,False
2025-11-15 23:30:05.572,Meezan Bank,Donation,,Tip rider dominos,150,Expense,,150.0,PKR,False,False,False,False,False,False
2025-11-16 00:27:10.186,EasyPaisa,Tour/Travel,Transport,Indrive from PAF museum (KHI),682,Expense,,682.0,PKR,False,False,False,False,False,False
2025-11-16 00:29:29.724,Meezan Bank,Tour/Travel,Miscellaneous,Cash (KHI),1580,Expense,,1580.0,PKR,False,False,False,False,False,False
2025-11-16 08:23:52.123,EasyPaisa,Tour/Travel,Transport,InDrive to Airport (KHI),843,Expense,,843.0,PKR,False,False,False,False,False,False
2025-11-16 08:24:14.167,Cash,Tour/Travel,Meals,Hotel water and tea,400,Expense,,400.0,PKR,False,False,False,False,False,False
2025-11-16 08:55:48.653,Faysal Noor World,Tour/Travel,Meals,Airport Coffee Planet meal,673,Expense,,673.0,PKR,False,False,False,False,False,False
2025-11-16 18:35:37.648,Faysal Noor World,Transportation,Car,Yaris fuel ⛽,7997,Expense,Aramco hi,7997.0,PKR,False,False,False,False,False,False
2025-11-16 18:53:05.938,Faysal Noor World,Apparel,Clothing,Uniworth,3786,Expense,"Underwear, socks ",3786.0,PKR,False,False,False,False,False,False
2025-11-16 22:31:41.186,Faysal Noor World,Food,Unnecessary,Arcadian soup with Alishba and finger fish for her for tomorrow,2565,Expense,,2565.0,PKR,False,False,False,False,False,False
2025-11-16 22:32:00.942,Faysal Noor World,Donation,,Arcadian Tip,400,Expense,,400.0,PKR,False,False,False,False,False,False
2025-11-16 23:41:23.989,Faysal Noor World,Health,Medicine,Clinix Panadols and Kingtox Spray,1122,Expense,,1122.0,PKR,False,False,False,False,False,False
2025-11-16 23:41:40.290,Faysal Noor World,Household,General,"Milk, yogurt, bread, eggs Jalal Sons",1933,Expense,,1933.0,PKR,False,False,False,False,False,False
2025-11-17 15:17:39.657,Faysal Noor World,Food,Necessary,FP breakfast no gas,1561,Expense,,1561.0,PKR,False,False,False,False,False,False
2025-11-17 16:17:38.166,JazzCash,Technology,Bills,Jazz load,200,Expense,,200.0,PKR,False,False,False,False,False,False
2025-11-17 23:03:45.805,Meezan Bank,Work,,CWS The Cube,1500,Expense,Day pass ,1500.0,PKR,False,False,False,False,False,False
2025-11-17 23:03:59.309,Faysal Noor World,Food,Unnecessary,Daily Deli dinner,2536,Expense,,2536.0,PKR,False,False,False,False,False,False
2025-11-18 02:03:07.300,Faysal Noor World,Technology,Purchases,Bose Speakers,32556,Expense,Soundlink Flex 2 purchased,32556.0,PKR,False,False,False,False,False,False
2025-11-18 14:10:01.490,Split,Ahmad Bhatti Loans,,KFC Bhatti's part,890,Transfer-Out,"660+180 me, 440 wasiq",890.0,PKR,False,False,False,False,False,False
2025-11-18 14:10:01.490,Faysal Noor World,Split,,KFC wasiq and Bhatti,2170,Transfer-Out,"660+180 me, 440 wasiq",2170.0,PKR,False,False,False,False,False,False
2025-11-18 14:10:01.490,Split,Food,Necessary,KFC my part,840,Expense,"660+180 me, 440 wasiq",840.0,PKR,False,False,False,False,False,False
2025-11-18 14:10:01.490,Split,Wasiq Loan,,KFC Wasiq's part,440,Transfer-Out,"660+180 me, 440 wasiq",440.0,PKR,False,False,False,False,False,False
2025-11-18 16:40:18.322,Split,Food,Unnecessary,Extraction my part,510,Expense,60-40,510.0,PKR,False,False,False,False,False,False
2025-11-18 16:40:18.322,Split,Ahmad Bhatti Loans,,Extraction Bhatti's part,765,Transfer-Out,60-40,765.0,PKR,False,False,False,False,False,False
2025-11-18 16:40:18.322,Faysal Noor World,Split,,Extraction with Bhatti,1275,Transfer-Out,60-40,1275.0,PKR,False,False,False,False,False,False
2025-11-18 23:31:40.682,Meezan Bank,Family,Gift,Alishba cookies indrive rider,650,Expense,,650.0,PKR,False,False,False,False,False,False
2025-11-19 14:52:30.020,Faysal Noor World,Split,,Zoro with Bhatti,3127,Transfer-Out,"2088 Bhatti, rest me",3127.0,PKR,False,False,False,False,False,False
2025-11-19 14:52:30.020,Split,Food,Unnecessary,Zoro my part,1039,Expense,"2088 Bhatti, rest me",1039.0,PKR,False,False,False,False,False,False
2025-11-19 14:52:30.020,Split,Ahmad Bhatti Loans,,Zoro Bhatti's part,2088,Transfer-Out,"2088 Bhatti, rest me",2088.0,PKR,False,False,False,False,False,False
2025-11-19 21:59:48.865,Meezan Bank,Family,Health/Medicine,Mama Dental Fillings,2500,Expense,,2500.0,PKR,False,False,False,False,False,False
2025-11-20 00:28:47.869,Meezan Bank,Family,Pet,Pets stuff,8120,Expense,"Kitten food, avocado bed, treats, litter ",8120.0,PKR,False,False,False,False,False,False
2025-11-20 10:42:50.079,Faysal Noor World,Food,Unnecessary,Breakfast FP,677,Expense,,677.0,PKR,False,False,False,False,False,False
2025-11-20 13:01:05.056,Meezan Bank,Family,General,Alishba Convocation Extra Pass,6000,Expense,,6000.0,PKR,False,False,False,False,False,False
2025-11-20 13:01:18.460,Meezan Bank,Bank Charges,,,15,Expense,,15.0,PKR,False,False,False,False,False,False
2025-11-20 14:13:36.439,Split,Ahmad Bhatti Loans,,Arcadian Bhatti's part,1865,Transfer-Out,50/50 split (3330 bill + 400 tip),1865.0,PKR,False,False,False,False,False,False
2025-11-20 14:13:36.439,Faysal Noor World,Split,,Arcadian with Bhatti,3730,Transfer-Out,50/50 split (3330 bill + 400 tip),3730.0,PKR,False,False,False,False,False,False
2025-11-20 14:13:36.439,Split,Food,Unnecessary,Arcadian my part,1865,Expense,50/50 split (3330 bill + 400 tip),1865.0,PKR,False,False,False,False,False,False
2025-11-21 14:33:21.862,EasyPaisa,Transportation,Taxi,Indrive cancellation fee,100,Expense,,100.0,PKR,False,False,False,False,False,False
2025-11-21 16:35:08.834,Meezan Bank,Split,,Bundu Khan Lunch,6730,Transfer-Out,Split /3 (wasiq bhatti),6730.0,PKR,False,False,False,False,False,False
2025-11-21 16:35:08.834,Split,Ahmad Bhatti Loans,,Bundu Khan Bhatti's part,2243,Transfer-Out,Split /3 (wasiq bhatti),2243.0,PKR,False,False,False,False,False,False
2025-11-21 16:35:08.834,Split,Wasiq Loan,,Bundu Khan Wasiq's part,2243,Transfer-Out,Split /3 (wasiq bhatti),2243.0,PKR,False,False,False,False,False,False
2025-11-21 16:35:08.834,Split,Food,Unnecessary,Bundu Khan my part,2243,Expense,Split /3 (wasiq bhatti),2243.0,PKR,False,False,False,False,False,False
2025-11-21 17:52:03.784,Faysal Noor World,Household,Kitchen,Al Fatah Induction Cooker and Cookware,40366,Expense,,40366.0,PKR,False,False,False,False,False,False
2025-11-21 17:52:33.577,Faysal Noor World,Household,General,Al Fatah Groceries,8121,Expense,"Aata, oil, daalein, etc. ",8121.0,PKR,False,False,False,False,False,False
2025-11-21 20:07:47.276,Al Meezan Mutual Funds,Meezan Bank,,For Marina Sports City Payments,106000,Transfer-Out,,106000.0,PKR,False,False,False,False,False,False
2025-11-21 20:07:47.277,Al Meezan Mutual Funds,Bank Charges,,Fees,80,Expense,,80.0,PKR,False,False,False,False,False,False
2025-11-21 20:09:29.800,Meezan Bank,Marina,,Paid by me alone,106000,Transfer-Out,No Danish contribution. Before this point we were considered even. ,106000.0,PKR,False,False,False,False,False,False
2025-11-21 20:56:27.349,Meezan Bank,Abujan Loans,,To Shehzad Qadir for Abujan,15000,Transfer-Out,,15000.0,PKR,False,False,False,False,False,False
2025-11-21 20:56:38.214,Meezan Bank,Bank Charges,,,15,Expense,,15.0,PKR,False,False,False,False,False,False
2025-11-22 00:32:31.651,Faysal Noor World,Split,,McDonald's with Bhatti,2640,Transfer-Out,65% him,2640.0,PKR,False,False,False,False,False,False
2025-11-22 00:32:31.651,Split,Ahmad Bhatti Loans,,McDonald's Bhatti's part,1716,Transfer-Out,65% him,1716.0,PKR,False,False,False,False,False,False
2025-11-22 00:32:31.651,Split,Food,Unnecessary,McDonald's my part,924,Expense,35% me,924.0,PKR,False,False,False,False,False,False
2025-11-22 00:35:06.304,Meezan Bank,Miscellaneous,,Cash for car and petty,3000,Expense,,3000.0,PKR,False,False,False,False,False,False
2025-11-22 00:38:35.134,Faysal Noor World,Transportation,Car,Yaris fuel ⛽,6864,Expense,Aramco hi octane,6864.0,PKR,False,False,False,False,False,False
2025-11-22 14:16:50.043,Meezan Bank,Donation,,Stray cat food Sahowari,2950,Expense,,2950.0,PKR,False,False,False,False,False,False
2025-11-22 15:43:08.730,JazzCash,Technology,Bills,Zong Weekly Package,550,Expense,,550.0,PKR,False,False,False,False,False,False
2025-11-23 13:58:10.105,Faysal Noor World,Food,Unnecessary,FP KFC Breakfast w Areeba,2260,Expense,,2260.0,PKR,False,False,False,False,False,False
2025-11-23 22:01:30.483,Faysal Noor World,Food,Unnecessary,Extraction with Tabish,735,Expense,,735.0,PKR,False,False,False,False,False,False
2025-11-24 02:21:56.815,Al Meezan Mutual Funds,Meezan Bank,,For PTA Approval of OnePlus 13,114000,Transfer-Out,,114000.0,PKR,False,False,False,False,False,False
2025-11-24 02:21:56.816,Al Meezan Mutual Funds,Bank Charges,,Fees,80,Expense,,80.0,PKR,False,False,False,False,False,False
2025-11-24 11:39:30.852,Meezan Bank,JazzCash,,,5000,Transfer-Out,,5000.0,PKR,False,False,False,False,False,False
2025-11-24 11:39:30.853,Meezan Bank,Bank Charges,,Fees,4,Expense,,4.0,PKR,False,False,False,False,False,False
2025-11-24 12:13:39.928,Faysal Noor World,Merge,,Maryam Jahez Metro Electronics Bill Part 1,154300,Transfer-Out,Part 2 on Meezan.. 151k limit left in card out of 10 lacs ,154300.0,PKR,False,False,False,False,False,False
2025-11-24 12:14:39.928,Meezan Bank,Merge,,Maryam Jahez Metro Electronics Bill Part 2,184291,Transfer-Out,,184291.0,PKR,False,False,False,False,False,False
2025-11-24 12:15:45.630,Split,Wasiq Loan,,Maryam Jahez Wasiq's Half (1),94295,Transfer-Out,"Total 338,591, halved with Wasiq
See my half note for details. Basically this 75k is half of 150k that Umaid send me on 20 Dec. He paid that for Maryam and Mama returned it to me and Wasiq. ",94295.0,PKR,False,False,False,False,False,False
2025-11-24 12:15:45.630,Split,Wasiq Loan,,Maryam Jahez Wasiq's Half (1),75000,Transfer-Out,"Total 338,591, halved with Wasiq
See my half note for details. Basically this 75k is half of 150k that Umaid send me on 20 Dec. He paid that for Maryam and Mama returned it to me and Wasiq. ",75000.0,PKR,False,False,False,False,False,False
2025-11-24 12:15:45.630,Wasiq Loan,Loans,,Maryam Jahez Wasiq's Half (1),75000,Transfer-Out,"Total 338,591, halved with Wasiq
See my half note for details. Basically this 75k is half of 150k that Umaid send me on 20 Dec. He paid that for Maryam and Mama returned it to me and Wasiq. ",75000.0,PKR,False,False,False,False,False,False
2025-11-24 12:15:45.630,Split,Donation,,Maryam Jahez My Half,94296,Expense,"Total 338,591, halved with Wasiq. 
This is technically a loan 
150k returned on 20 Dec by a Umaid. Half sent to Wasiq. 
That's why I'm splitting this expense into two: 75k to the loan account that returns to meezan on 20 Dec. And the rest is donation category expense",94296.0,PKR,False,False,False,False,False,False
2025-11-24 12:15:45.630,Split,Loans,,Maryam Jahez My Half,75000,Transfer-Out,"Total 338,591, halved with Wasiq. 
This is technically a loan 
150k returned on 20 Dec by a Umaid. Half sent to Wasiq. 
That's why I'm splitting this expense into two: 75k to the loan account that returns to meezan on 20 Dec. And the rest is donation category expense",75000.0,PKR,False,False,False,False,False,False
2025-11-24 12:15:45.630,Merge,Split,,Maryam Jahez Wasiq's Half,169295,Transfer-Out,"Total 338,591, halved with Wasiq",169295.0,PKR,False,False,False,False,False,False
2025-11-24 12:15:45.630,Merge,Split,,Maryam Jahez My Half,169296,Transfer-Out,"Total 338,591, halved with Wasiq. 
This is technically a loan 
150k returned on 20 Dec by a Umaid. Half sent to Wasiq. 
That's why I'm splitting this expense into two: 75k to the loan account that returns to meezan on 20 Dec. And the rest is donation category expense",169296.0,PKR,False,False,False,False,False,False
2025-11-24 13:06:52.602,Meezan Bank,Salary,,FleetGlue Salary #1,347864,Income,First Week,347864.0,PKR,False,False,False,False,False,False
2025-11-24 19:09:38.946,Faysal Noor World,Household,Furniture,Laundry Basket purchase from Metro,3899,Expense,,3899.0,PKR,False,False,False,False,False,False
2025-11-24 23:22:53.364,Faysal Noor World,Food,Unnecessary,FP Paratha Roll Dinner,978,Expense,,978.0,PKR,False,False,False,False,False,False
2025-11-25 01:11:38.897,Provident Fund,Salary,,Beyond ONE Provident Fund #7 Nov 2025,154098,Income,,154098.0,PKR,False,False,False,False,False,False
2025-11-25 02:16:12.675,Meezan Bank,Family,Pocket Money,Alishba Pocket Money Dec 2025 Part 1,100000,Expense,,100000.0,PKR,False,False,False,False,False,False
2025-11-25 10:11:17.789,Meezan Bank,Salary,,Beyond ONE Salary #7 Nov 2025,712023,Income,,712023.0,PKR,False,False,False,False,False,False
2025-11-25 14:37:46.892,Split,Ahmad Bhatti Loans,,KFC Bhatti's part,945,Transfer-Out,Half,945.0,PKR,False,False,False,False,False,False
2025-11-25 14:37:46.892,Split,Food,Necessary,KFC my part,945,Expense,Half,945.0,PKR,False,False,False,False,False,False
2025-11-25 14:37:46.892,Faysal Noor World,Split,,KFC with Bhatti,1890,Transfer-Out,Half,1890.0,PKR,False,False,False,False,False,False
2025-11-25 14:44:20.188,Faysal Noor World,Split,,Extraction with Bhatti and Maryam,735,Transfer-Out,Equal,735.0,PKR,False,False,False,False,False,False
2025-11-25 14:44:20.188,Split,Ahmad Bhatti Loans,,Extraction Bhatti's part,368,Transfer-Out,Equal,368.0,PKR,False,False,False,False,False,False
2025-11-25 14:44:20.188,Split,Food,Unnecessary,Extraction my part,368,Expense,Equal,368.0,PKR,False,False,False,False,False,False
2025-11-26 11:44:44.615,Wasiq Loan,Meezan Bank,,Wasiq overpaid for Maryam Jahez,200000,Transfer-Out,He actually owed 169295,200000.0,PKR,False,False,False,False,False,False
2025-11-26 11:49:31.236,Meezan Bank,Wasiq Loan,,Returned excess to Wasiq for Maryam Jahez,30705,Transfer-Out,,30705.0,PKR,False,False,False,False,False,False
2025-11-26 19:08:56.820,Faysal Noor World,Bank Charges,,Bill payment charges faysal,31,Expense,,31.0,PKR,False,False,False,False,False,False
2025-11-26 19:08:56.820,Faysal Noor World,Bank Charges,,Bill payment charges faysal,31,Expense,,31.0,PKR,False,False,False,False,False,False
2025-11-26 19:08:56.820,Faysal Noor World,Bank Charges,,Bill payment charges faysal,31,Expense,,31.0,PKR,False,False,False,False,False,False
2025-11-26 19:09:46.533,Faysal Noor World,Family,Clothing/Apparel,Alishba Convocation Dress,14999,Expense,Parien Wapda Town,14999.0,PKR,False,False,False,False,False,False
2025-11-26 19:34:05.978,Faysal Noor World,Household,Water,C&B water,226,Expense,,226.0,PKR,False,False,False,False,False,False
2025-11-27 01:00:17.928,Faysal Noor World,Food,Necessary,C&B Breakfast before Alishba's Convocation,1106,Expense,,1106.0,PKR,False,False,False,False,False,False
2025-11-27 01:22:17.236,Faysal Noor World,Miscellaneous,,Helpline said current outstanding js 573k excluding installments,91029,Expense,,91029.0,PKR,False,False,False,False,False,False
2025-11-27 01:22:47.057,Meezan Bank,Faysal Noor World,,Wanted to transfer 573k but did 537k,537000,Transfer-Out,573k is current outstanding excluding installments,537000.0,PKR,False,False,False,False,False,False
2025-11-27 01:23:57.425,Meezan Bank,Faysal Noor World,,Remaining of 573k after 537k,36000,Transfer-Out,Faysal outstanding is clear now except installments,36000.0,PKR,False,False,False,False,False,False
2025-11-27 01:43:11.680,Alishba Loans,Meezan Bank,,Alishba Loan Clear,25673,Transfer-Out,,25673.0,PKR,False,False,False,False,False,False
2025-11-27 07:00:38.667,JazzCash,Miscellaneous,,,5361,Expense,,5361.0,PKR,False,False,False,False,False,False
2025-11-27 07:01:17.252,Meezan Bank,JazzCash,,,10000,Transfer-Out,,10000.0,PKR,False,False,False,False,False,False
2025-11-27 07:01:17.253,Meezan Bank,Bank Charges,,Fees,10,Expense,,10.0,PKR,False,False,False,False,False,False
2025-11-27 07:01:24.085,Meezan Bank,EasyPaisa,,,10000,Transfer-Out,,10000.0,PKR,False,False,False,False,False,False
2025-11-27 07:01:24.086,Meezan Bank,Bank Charges,,Fees,10,Expense,,10.0,PKR,False,False,False,False,False,False
2025-11-27 10:42:56.579,Meezan Bank,Al Meezan Mutual Funds,,MCF Investment,100000,Transfer-Out,,100000.0,PKR,False,False,False,False,False,False
2025-11-27 15:17:46.184,Meezan Bank,Abdul Sami Loans,,Abdul Sami Qarz e hasana,40000,Transfer-Out,,40000.0,PKR,False,False,False,False,False,False
2025-11-27 21:35:32.855,EasyPaisa,Household,Appliances,Al Fateh Lint Remover Delivery,2400,Expense,,2400.0,PKR,False,False,False,False,False,False
2025-11-27 23:36:59.254,Faysal Noor World,Food,Unnecessary,Pizza Hut dinner,2389,Expense,,2389.0,PKR,False,False,False,False,False,False
2025-11-28 00:03:48.948,JazzCash,Donation,,Tip,150,Expense,,150.0,PKR,False,False,False,False,False,False
2025-11-28 12:06:15.429,Faysal Noor World,Transportation,Car,Yaris fuel ⛽,2500,Expense,PSO Hi,2500.0,PKR,False,False,False,False,False,False
2025-11-28 15:05:24.492,Faysal Noor World,Split,,Chaye Khana,5329,Transfer-Out,"Coffee Fahad, the rest halved between me and Bhatti",5329.0,PKR,False,False,False,False,False,False
2025-11-28 15:05:24.492,Split,Fahad Loan,,Chaye khana Fahad's part,624,Transfer-Out,"Coffee Fahad, the rest halved between me and Bhatti",624.0,PKR,False,False,False,False,False,False
2025-11-28 15:05:24.492,Split,Ahmad Bhatti Loans,,Chaye Khana Bhatti's part,2353,Transfer-Out,"Coffee Fahad, the rest halved between me and Bhatti",2353.0,PKR,False,False,False,False,False,False
2025-11-28 15:05:24.492,Split,Food,Unnecessary,Chaye Khana my part,2353,Expense,"Coffee Fahad, the rest halved between me and Bhatti",2353.0,PKR,False,False,False,False,False,False
2025-11-28 15:14:00.419,EasyPaisa,Donation,,,400,Expense,,400.0,PKR,False,False,False,False,False,False
2025-11-28 17:24:21.119,Faysal Noor World,Transportation,Car,Yaris fuel ⛽,8143,Expense,Aramco hi,8143.0,PKR,False,False,False,False,False,False
2025-11-28 19:02:37.385,Meezan Bank,Miscellaneous,,Petty cash,3000,Expense,,3000.0,PKR,False,False,False,False,True,False
2025-11-28 19:47:02.059,Faysal Noor World,Household,Kitchen,Al Fatah Induction Kitchenware,25401,Expense,Large wok and pot,25401.0,PKR,False,False,False,False,False,False
2025-11-28 21:03:02.104,Meezan Bank,Salary,,IGI Life Insurance Claims,19825,Income,Beyond ONE,19825.0,PKR,False,False,False,False,False,False
2025-11-28 21:04:29.931,Meezan Bank,Miscellaneous,,Hisaab clear,15399,Expense,,15399.0,PKR,False,False,False,False,True,False
2025-11-28 22:45:13.568,Faysal Noor World,Donation,,FRDP Hunger Donation,9869,Expense,,9869.0,PKR,False,False,False,False,False,False
2025-11-29 12:35:28.697,Faysal Noor World,Technology,Purchases,Lyft app yearly black friday subscription,468,Expense,,468.0,PKR,False,False,False,False,False,False
2025-11-29 23:12:25.227,Faysal Noor World,Social Life,Friend,Mehmaan Restaurant with Tabish,2189,Expense,Soup,2189.0,PKR,False,False,False,False,False,False
2025-11-29 23:18:17.980,Faysal Noor World,Tabish Loan,,Mahmood Pharmacy stuff for Murtaz,3583,Transfer-Out,,3583.0,PKR,False,False,False,False,False,False
2025-11-29 23:20:37.219,Faysal Noor World,Tabish Loan,,Eggs for Murtaz,508,Transfer-Out,,508.0,PKR,False,False,False,False,False,False
2025-11-30 11:14:45.301,Faysal Noor World,Alishba Loans,,FP Alishba Chai on Tayyaba Wedding,717,Transfer-Out,,717.0,PKR,False,False,False,False,False,False
2025-11-30 11:18:26.017,Faysal Noor World,Food,Unnecessary,FP Paratha Roll Nashta,515,Expense,,515.0,PKR,False,False,False,False,False,False
2025-11-30 14:14:49.017,Tabish Loan,Meezan Bank,,For pharmacy and jalal sons,4091,Transfer-Out,,4091.0,PKR,False,False,False,False,False,False
2025-11-30 15:14:03.345,Faysal Noor World,Food,Unnecessary,FP Bundu Khan lunch,2622,Expense,,2622.0,PKR,False,False,False,False,False,False
2025-11-30 15:44:36.674,HBL,Technology,Purchases,Netflix,1252,Expense,,1252.0,PKR,False,False,False,False,False,False
2025-11-30 15:46:18.748,HBL,Technology,Purchases,Spotify Duo,469,Expense,,469.0,PKR,False,False,False,False,False,False
2025-11-30 16:44:05.767,Faysal Noor World,Food,Unnecessary,FP Soft Swirl Dessert,726,Expense,,726.0,PKR,False,False,False,False,False,False
2025-11-30 17:42:48.058,Meezan Bank,Finqalab,,Finqalab Investment,10000,Transfer-Out,,10000.0,PKR,False,False,False,False,False,False
2025-11-30 17:45:20.860,Meezan Bank,Household,Maintenance,Bahria security sim balance,200,Expense,,200.0,PKR,False,False,False,False,False,False
2025-11-30 18:23:44.855,Meezan Bank,Family,Pocket Money,Alishba Pocket Money Dec 2025 Part 2,50000,Expense,,50000.0,PKR,False,False,False,False,False,False
2025-11-30 20:58:25.044,Meezan Bank,Merge,,,25000,Transfer-Out,,25000.0,PKR,False,False,False,False,False,False
2025-11-30 20:58:34.524,Meezan Bank,Merge,,,5000,Transfer-Out,,5000.0,PKR,False,False,False,False,False,False
2025-11-30 20:58:40.565,Merge,Family,Pocket Money,Mama Pocket Money Dec 2025,30000,Expense,,30000.0,PKR,False,False,False,False,False,False
2025-11-30 22:50:00.060,Faysal Noor World,Household,Water,C&B water,226,Expense,,226.0,PKR,False,False,False,False,False,False
2025-11-30 23:00:52.120,Faysal Noor World,Family,Gift,Alishba snacks,210,Expense,,210.0,PKR,False,False,False,False,False,False
2025-12-01 12:09:23.834,Meezan Bank,Transportation,Car Maintenance,Yaris coin box purchase,2100,Expense,,2100.0,PKR,False,False,False,False,False,False
2025-12-01 12:13:08.518,Faysal Noor World,Transportation,Car Maintenance,Yaris oil and filter change,15802,Expense,,15802.0,PKR,False,False,False,False,False,False
2025-12-01 12:15:50.092,Meezan Bank,Faysal Noor World,,Faysal Noor Credit Card Advance Bill Payment,85189,Transfer-Out,,85189.0,PKR,False,False,False,False,False,False
2025-12-01 13:37:19.980,Faysal Noor World,Food,Necessary,KFC with Bhatti,1250,Expense,Half split,1250.0,PKR,False,False,False,False,False,False
2025-12-01 14:18:37.988,Loans,Meezan Bank,,Zaeem temporary holding,7000000,Transfer-Out,,7000000.0,PKR,True,False,False,True,False,False
2025-12-01 14:57:22.497,Faysal Noor World,Split,,Extraction with Bhatti,736,Transfer-Out,Half,736.0,PKR,False,False,False,False,False,False
2025-12-01 14:57:22.497,Split,Ahmad Bhatti Loans,,Extraction Bhatti's part,368,Transfer-Out,Half,368.0,PKR,False,False,False,False,False,False
2025-12-01 14:57:22.497,Split,Food,Unnecessary,Extraction my part,368,Expense,Half,368.0,PKR,False,False,False,False,False,False
2025-12-01 16:56:41.745,Faysal Noor World,Alishba Loans,,Alishba FP order for Areeba,968,Transfer-Out,,968.0,PKR,False,False,False,False,False,False
2025-12-01 17:58:37.490,Meezan Bank,Household,Bills,Bahria Maali Salary,3500,Expense,,3500.0,PKR,False,False,False,False,False,False
2025-12-01 19:08:27.894,Meezan Bank,Technology,Purchases,To Irfan PTCL ex-Lineman for AAP,6000,Expense,Additional Access Point. 6k is advance. ,6000.0,PKR,False,False,False,False,False,False
2025-12-01 20:12:55.280,Meezan Bank,Loans,,Back to Zaeem (Part 1),239460,Transfer-Out,6760540 remaining,239460.0,PKR,False,False,False,False,False,False
2025-12-01 20:12:55.281,Meezan Bank,Bank Charges,,Fees,200,Expense,,200.0,PKR,False,False,False,False,False,False
2025-12-02 09:11:46.312,Loans,Meezan Bank,,Zaeem temporary holding,239460,Transfer-Out,,239460.0,PKR,True,False,False,True,False,False
2025-12-02 11:14:20.416,Faysal Noor World,Alishba Loans,,Alishba FP Breakfast,968,Transfer-Out,,968.0,PKR,False,False,False,False,False,False
2025-12-02 13:08:39.825,JazzCash,Technology,Bills,Jazz Package,1800,Expense,,1800.0,PKR,False,False,False,False,False,False
2025-12-02 13:38:09.258,Split,Food,Necessary,Hardees my part,1304,Expense,45% me,1304.0,PKR,False,False,False,False,False,False
2025-12-02 13:38:09.258,Split,Ahmad Bhatti Loans,,Hardees Bhatti's part,798,Transfer-Out,45% me,798.0,PKR,False,False,False,False,False,False
2025-12-02 13:38:09.258,Faysal Noor World,Split,,Hardees Bhatti and Wasiq,2900,Transfer-Out,45% me,2900.0,PKR,False,False,False,False,False,False
2025-12-02 13:38:09.258,Split,Wasiq Loan,,Hardees Wasiq's part,798,Transfer-Out,45% me,798.0,PKR,False,False,False,False,False,False
2025-12-02 13:38:40.793,JazzCash,Technology,Purchases,Golootlo 6mo subscription,2300,Expense,,2300.0,PKR,False,False,False,False,False,False
2025-12-02 14:57:18.008,Meezan Bank,Tax,,PTA Tax OnePlus 13,114000,Expense,To Zaeem,114000.0,PKR,False,False,False,False,False,False
2025-12-02 14:57:39.425,Meezan Bank,Bank Charges,,Bank Transfer Fee,114,Expense,,114.0,PKR,False,False,False,False,False,False
2025-12-02 21:25:30.079,Faysal Noor World,Food,Unnecessary,FP Alishba Finger Fish,3100,Expense,,3100.0,PKR,False,False,False,False,False,False
2025-12-03 13:06:51.021,EasyPaisa,Transportation,Car Maintenance,Yaris Pak Wheels Inspection,6950,Expense,,6950.0,PKR,False,False,False,False,False,False
2025-12-03 13:31:30.800,Faysal Noor World,Split,,Steakaway with Bhatti,5985,Transfer-Out,Half split,5985.0,PKR,False,False,False,False,False,False
2025-12-03 13:31:30.800,Split,Ahmad Bhatti Loans,,Steakaway Bhatti's part,2993,Transfer-Out,Half split,2993.0,PKR,False,False,False,False,False,False
2025-12-03 13:31:30.800,Split,Food,Necessary,Steakaway my part,2993,Expense,Half split,2993.0,PKR,False,False,False,False,False,False
2025-12-03 13:31:54.468,Cash,Donation,,Tip,500,Expense,,500.0,PKR,False,False,False,False,False,False
2025-12-03 15:02:19.001,Faysal Noor World,Food,Unnecessary,FP Alishba Lunch,919,Expense,,919.0,PKR,False,False,False,False,False,False
2025-12-03 15:53:47.585,Meezan Bank,Miscellaneous,,Petty cash,1000,Expense,,1000.0,PKR,False,False,False,False,True,False
2025-12-03 18:52:48.742,Umaid Loan,Meezan Bank,,Umaid gave me for Mama,30000,Transfer-Out,,30000.0,PKR,False,True,False,True,False,False
2025-12-03 20:57:31.684,Meezan Bank,Tabish Loan,,Tabish qarz e hasana,20000,Transfer-Out,,20000.0,PKR,False,False,False,False,False,False
2025-12-03 21:40:16.211,Faysal Noor World,Food,Unnecessary,FP Bundu Khan soup,926,Expense,,926.0,PKR,False,False,False,False,False,False
2025-12-03 23:02:02.850,Faysal Noor World,Food,Unnecessary,FP Soft Swirl Dessert,656,Expense,,656.0,PKR,False,False,False,False,False,False
2025-12-04 02:09:05.980,Meezan Bank,Household,Bills,SNGPL Bahria,1250,Expense,,1250.0,PKR,False,False,False,False,False,False
2025-12-04 02:09:25.461,Meezan Bank,Household,Bills,Bahria PTCL Bill,7770,Expense,,7770.0,PKR,False,False,False,False,False,False
2025-12-04 02:09:49.953,Meezan Bank,Abujan Loans,,Sahowari LESCO Bill #3,86,Transfer-Out,,86.0,PKR,False,False,False,False,False,False
2025-12-04 02:09:49.953,Meezan Bank,Abujan Loans,,Sahowari LESCO Bill #2,4621,Transfer-Out,,4621.0,PKR,False,False,False,False,False,False
2025-12-04 02:09:49.953,Meezan Bank,Abujan Loans,,Sahowari LESCO Bill #1,5326,Transfer-Out,,5326.0,PKR,False,False,False,False,False,False
2025-12-04 02:11:58.568,Abujan Loans,Transportation,Parking,Sahowari car parking,4800,Expense,,4800.0,PKR,False,False,False,False,False,False
2025-12-04 02:12:23.176,Abujan Loans,Family,Pocket Money,Abujan Pocket Money Dec 2025,35000,Expense,,35000.0,PKR,False,False,False,False,False,False
2025-12-04 02:22:54.120,JazzCash,Technology,Purchases,Tasdeeq report,200,Expense,,200.0,PKR,False,False,False,False,False,False
2025-12-04 13:21:00.459,Abujan Loans,Family,Pocket Money,To Abujan as remaining arrear pocket money of Apr-May 2025,23914,Expense,,23914.0,PKR,False,False,False,False,False,False
2025-12-04 13:39:11.495,Faysal Noor World,Food,Unnecessary,FP Paratha Roll Nashta,606,Expense,,606.0,PKR,False,False,False,False,False,False
2025-12-04 13:55:01.126,Cash,Transportation,Car Maintenance,Yaris detailer lunch,700,Expense,,700.0,PKR,False,False,False,False,False,False
2025-12-04 14:07:50.561,Meezan Bank,Family,Pet,Lint roller and refills from petspark,1600,Expense,,1600.0,PKR,False,False,False,False,False,False
2025-12-04 17:41:52.376,Meezan Bank,Transportation,Car Maintenance,Yaris detailing,5500,Expense,,5500.0,PKR,False,False,False,False,False,False
2025-12-04 21:13:41.902,Faysal Noor World,Food,Unnecessary,FP Alishba Finger Fish,3170,Expense,,3170.0,PKR,False,False,False,False,False,False
2025-12-05 01:37:32.665,Meezan Bank,Cash,,For bahria bills to be paid by Maali,42000,Transfer-Out,,42000.0,PKR,False,False,False,False,False,False
2025-12-05 01:38:22.967,Faysal Noor World,Split,,Clinix,1665,Transfer-Out,"Half on medicine, half household stuff",1665.0,PKR,False,False,False,False,False,False
2025-12-05 01:38:22.967,Split,Household,General,Clinix household stuff,833,Expense,"Half on medicine, half household stuff",833.0,PKR,False,False,False,False,False,False
2025-12-05 01:38:22.967,Split,Health,Medicine,Clinix meds,833,Expense,"Half on medicine, half household stuff",833.0,PKR,False,False,False,False,False,False
2025-12-05 12:50:08.150,Cash,Household,Bills,Bahria Electricity Bill Nov 2025,33160,Expense,Paid in cash to Maali,33160.0,PKR,False,False,False,False,False,False
2025-12-05 12:50:45.814,Cash,Household,Bills,Bahria Maintenance Bill Nov 2025,4100,Expense,Paid in cash to Maali,4100.0,PKR,False,False,False,False,False,False
2025-12-05 12:51:12.209,Cash,Donation,,Tip to Maali,240,Expense,,240.0,PKR,False,False,False,False,False,False
2025-12-05 13:02:55.119,Meezan Bank,Mama Loan,,Mama Sajda Zakat,5000,Transfer-Out,,5000.0,PKR,False,False,False,False,False,False
2025-12-05 13:02:55.120,Meezan Bank,Bank Charges,,Fees,5,Expense,,5.0,PKR,False,False,False,False,False,False
2025-12-05 15:29:04.986,EasyPaisa,Donation,,Mohsin pak wheels inspector tip,1000,Expense,,1000.0,PKR,False,False,False,False,False,False
2025-12-05 16:01:29.608,Meezan Bank,Ahmad Bhatti Loans,,For Bhatti Alsvin Purchase,1430000,Transfer-Out,,1430000.0,PKR,False,False,False,False,False,False
2025-12-05 16:01:29.609,Meezan Bank,Bank Charges,,Fees,200,Expense,,200.0,PKR,False,False,False,False,False,False
2025-12-05 16:04:38.515,Faysal Noor World,Split,,Prema Milk + snacks buscuits,800,Transfer-Out,40(milk)-60 split,800.0,PKR,False,False,False,False,False,False
2025-12-05 16:04:38.515,Split,Household,General,Prema Milk (approx),320,Expense,40(milk)-60 split,320.0,PKR,False,False,False,False,False,False
2025-12-05 16:04:38.515,Split,Food,Unnecessary,Snacks buscuits,480,Expense,40(milk)-60 split,480.0,PKR,False,False,False,False,False,False
2025-12-05 23:32:15.533,Faysal Noor World,Food,Unnecessary,Bundu Khan meetha for Alishba,1003,Expense,,1003.0,PKR,False,False,False,False,False,False
2025-12-06 00:53:17.202,Ahmad Bhatti Loans,Meezan Bank,,Bhatti returned Alsvin loan,1430000,Transfer-Out,,1430000.0,PKR,False,False,False,False,False,False
2025-12-06 14:17:11.707,Faysal Noor World,Technology,Bills,AWS bill FleetGlue,6495,Expense,,6495.0,PKR,False,False,False,False,False,False
2025-12-06 15:49:07.174,Split,Cash,,Chaaye Khana Momina's part paid in cash,2300,Transfer-Out,"2300 paid in cash by Momina, 300 paid in tip, 300 paid for parking guys",2300.0,PKR,False,False,False,False,False,False
2025-12-06 15:49:07.174,Split,Social Life,,Chaaye Khana my and Alishba's part,3563,Expense,"2300 paid in cash by Momina, 300 paid in tip, 300 paid for parking guys",3563.0,PKR,False,False,False,False,False,False
2025-12-06 15:49:07.174,Faysal Noor World,Split,,Chaaye Khana with Alishba and Momina,6463,Transfer-Out,"2300 paid in cash by Momina, 300 paid in tip, 300 paid for parking guys",6463.0,PKR,False,False,False,False,False,False
2025-12-06 15:49:07.174,Split,Donation,,Chaaye Khana waiter and parking tips,600,Expense,"2300 paid in cash by Momina, 300 paid in tip, 300 paid for parking guys",600.0,PKR,False,False,False,False,False,False
2025-12-06 20:30:41.265,Faysal Noor World,Split,,Bowling at Uptown LA,9000,Transfer-Out,,9000.0,PKR,False,False,False,False,False,False
2025-12-06 20:30:41.265,Split,Tabish Loan,,Bowling at Uptown LA Tabish & Zainab's part,3600,Transfer-Out,,3600.0,PKR,False,False,False,False,False,False
2025-12-06 20:30:41.265,Split,Social Life,,Bowling at Uptown LA my part,5400,Expense,"Alishba, Areeba, me",5400.0,PKR,False,False,False,False,False,False
2025-12-06 21:41:07.526,Faysal Noor World,Split,,Uptown LA snacks,2950,Transfer-Out,,2950.0,PKR,False,False,False,False,False,False
2025-12-06 21:41:07.526,Split,Tabish Loan,,Uptown LA snacks Tabish & Zainab's part,1180,Transfer-Out,,1180.0,PKR,False,False,False,False,False,False
2025-12-06 21:41:07.526,Split,Social Life,,Uptown LA snacks my part,1770,Expense,,1770.0,PKR,False,False,False,False,False,False
2025-12-06 23:21:57.512,Split,Social Life,,Dough Joe my part,4574,Expense,,4574.0,PKR,False,False,False,False,False,False
2025-12-06 23:21:57.512,Split,Tabish Loan,,Dough Joe Tabish & Zainab's part,3049,Transfer-Out,,3049.0,PKR,False,False,False,False,False,False
2025-12-06 23:21:57.512,Faysal Noor World,Split,,"Dough Joe with Tabish, Zainab, Alishba, Areeba",7623,Transfer-Out,,7623.0,PKR,False,False,False,False,False,False
2025-12-07 00:43:56.776,Faysal Noor World,Social Life,,Chaye Khana Alishba and Areeba,2462,Expense,,2462.0,PKR,False,False,False,False,False,False
2025-12-07 16:05:58.828,Meezan Bank,Abujan Loans,,To Shehzad Qadir for Abujan,15000,Transfer-Out,,15000.0,PKR,False,False,False,False,False,False
2025-12-07 16:05:58.829,Meezan Bank,Bank Charges,,Fees,15,Expense,,15.0,PKR,False,False,False,False,False,False
2025-12-07 17:17:09.628,Faysal Noor World,Family,Health/Medicine,iForest Air Purifier Replacement Filters,5000,Expense,IBFT,5000.0,PKR,False,False,False,False,False,False
2025-12-07 18:19:59.070,Faysal Noor World,Donation,,Maryam parlour advance,6000,Expense,,6000.0,PKR,False,False,False,False,False,False
2025-12-07 19:13:48.866,Faysal Noor World,Family,Gift,Maryam birthday gift from kebabjees bakers,1547,Expense,,1547.0,PKR,False,False,False,False,False,False
2025-12-07 20:16:17.832,Faysal Noor World,Family,Gift,Maryam Birthday Pizza,3050,Expense,,3050.0,PKR,False,False,False,False,False,False
2025-12-07 22:33:40.127,Mama Loan,Cash,,Mama Returned for Sajda Zakat,5000,Transfer-Out,,5000.0,PKR,False,False,False,False,False,False
2025-12-08 11:47:28.303,Umaid Loan,Meezan Bank,,From Haider for Umaid's Spring Apartments,1160000,Transfer-Out,10% down payment ,1160000.0,PKR,False,True,False,True,False,False
2025-12-08 12:03:12.548,Meezan Bank,Umaid Loan,,Umaid Spring 10% down payment,1160000,Transfer-Out,Sent to Haroon,1160000.0,PKR,False,True,False,True,False,False
2025-12-08 12:03:12.549,Meezan Bank,Bank Charges,,Fees,200,Expense,,200.0,PKR,False,False,False,False,False,False
2025-12-08 13:23:37.656,Meezan Bank,Split,,Parcel Alishba & Areeba suits from Roheenas,29900,Transfer-Out,Raast transfer,29900.0,PKR,False,False,False,False,False,False
2025-12-08 13:24:17.622,Split,Family,Gift,Alishba suit from Roheenas,16000,Expense,,16000.0,PKR,False,False,False,False,False,False
2025-12-08 13:24:44.729,Split,Alishba Loans,,Areeba's suit from Roheenas,13900,Transfer-Out,,13900.0,PKR,False,False,False,False,False,False
2025-12-08 13:32:51.748,Faysal Noor World,Ahmad Bhatti Loans,,Cat Bed for Bhatti,4180,Transfer-Out,,4180.0,PKR,False,False,False,False,False,False
2025-12-08 14:16:17.283,JazzCash,Transportation,Subway,M-Tag,500,Expense,,500.0,PKR,False,False,False,False,False,False
2025-12-08 17:16:03.958,Faysal Noor World,Transportation,Car,Yaris fuel ⛽,2000,Expense,Attock hi,2000.0,PKR,False,False,False,False,False,False
2025-12-08 17:19:11.766,Cash,Transportation,Car Maintenance,Yaris tyre air,50,Expense,,50.0,PKR,False,False,False,False,False,False
2025-12-08 17:28:28.206,Faysal Noor World,Household,General,Jalal Sons groceries,1540,Expense,"Milk, k&n's thunder fillet",1540.0,PKR,False,False,False,False,False,False
2025-12-08 18:49:07.875,Meezan Bank,HBL,,For sundas donation,5000,Transfer-Out,,5000.0,PKR,False,False,False,False,False,False
2025-12-08 18:49:07.876,Meezan Bank,Bank Charges,,Fees,5,Expense,,5.0,PKR,False,False,False,False,False,False
2025-12-08 19:02:14.982,HBL,Donation,,Sundas foundation donation,5000,Expense,,5000.0,PKR,False,False,False,False,False,False
2025-12-08 19:54:44.451,JazzCash,Family,Health/Medicine,iForest Air Purifier Replacement Filters Indrive,1000,Expense,,1000.0,PKR,False,False,False,False,False,False
2025-12-08 21:04:18.294,Office Loans,Meezan Bank,,Maryam Rashid paid her loan,1694,Transfer-Out,,1694.0,PKR,False,False,False,False,False,False
2025-12-08 21:28:08.176,Faysal Noor World,Food,Unnecessary,FP Al Khan Fish,3100,Expense,,3100.0,PKR,False,False,False,False,False,False
2025-12-09 14:50:22.171,Faysal Noor World,Household,Kitchen,FP Alishba Groceries,2366,Expense,,2366.0,PKR,False,False,False,False,False,False
2025-12-09 15:59:02.418,Faysal Noor World,Split,,Extraction with Bhatti and Maryam,1470,Transfer-Out,Equal,1470.0,PKR,False,False,False,False,False,False
2025-12-09 15:59:02.418,Split,Ahmad Bhatti Loans,,Extraction Bhatti's part,490,Transfer-Out,Equal,490.0,PKR,False,False,False,False,False,False
2025-12-09 15:59:02.418,Split,Office Loans,,Extraction Maryam's part,490,Transfer-Out,Equal,490.0,PKR,False,False,False,False,False,False
2025-12-09 15:59:02.418,Split,Food,Unnecessary,Extraction my part,490,Expense,Equal,490.0,PKR,False,False,False,False,False,False
2025-12-09 16:46:47.723,Meezan Bank,Loans,,Zaeem partial temporary holding returned,2000000,Transfer-Out,,2000000.0,PKR,True,False,False,True,False,False
2025-12-09 16:46:47.724,Meezan Bank,Bank Charges,,Fees,200,Expense,,200.0,PKR,False,False,False,False,False,False
2025-12-09 18:51:16.480,Meezan Bank,Umaid Loan,,"Umaid gave me for Mama, I sent to Aliyan",30000,Transfer-Out,,30000.0,PKR,False,True,False,True,False,False
2025-12-09 19:10:51.973,Alishba Loans,Family,Pet,Cat foods from petsone.pk,11500,Expense,,11500.0,PKR,False,False,False,False,False,False
2025-12-09 19:11:13.668,Alishba Loans,Household,Bills,Alishba paid kaamwali aunty,3000,Expense,,3000.0,PKR,False,False,False,False,False,False
2025-12-09 20:16:37.329,Meezan Bank,Family,Pocket Money,Mama Pocket Money Dec 2025 Extra,10000,Expense,,10000.0,PKR,False,False,False,False,False,False
2025-12-10 07:29:10.583,Meezan Bank,Salary,,FleetGlue Salary #2 05 Dec 2025,694115,Income,,694115.0,PKR,False,False,False,False,False,False
2025-12-10 07:31:51.318,Meezan Bank,Tabish Loan,,Tabish qarz e hasana,40000,Transfer-Out,,40000.0,PKR,False,False,False,False,False,False
2025-12-10 10:15:02.011,JazzCash,Abujan Loans,,Abujan Jazz Package,1600,Transfer-Out,,1600.0,PKR,False,False,False,False,False,False
2025-12-10 10:50:25.548,Faysal Noor World,Food,Unnecessary,FP Nashta,536,Expense,,536.0,PKR,False,False,False,False,False,False
2025-12-10 10:50:25.548,Faysal Noor World,Food,Unnecessary,FP Nashta,426,Expense,,426.0,PKR,False,False,False,False,False,False
2025-12-10 11:41:31.703,Faysal Noor World,Faysal Noor Installments,,Yokohama Tyre Installment 1/3,34000,Transfer-Out,,34000.0,PKR,False,False,False,False,False,False
2025-12-10 11:46:02.888,Faysal Noor World,Installments,,OnePlus 13 Installment #3 of 12,19921,Transfer-Out,,19921.0,PKR,False,False,False,False,False,False
2025-12-10 14:05:57.290,Meezan Bank,Loans,,Zaeem partial temporary holding returned,2000000,Transfer-Out,,2000000.0,PKR,True,False,False,True,False,False
2025-12-10 14:05:57.291,Meezan Bank,Bank Charges,,Fees,200,Expense,,200.0,PKR,False,False,False,False,False,False
2025-12-10 14:16:59.063,Meezan Bank,Faysal Noor World,,Paid outstanding,90898,Transfer-Out,as per money manager app,90898.0,PKR,False,False,False,False,False,False
2025-12-10 14:19:14.058,Meezan Bank,Spring Apartments,,Spring Dec 2025,404980,Transfer-Out,,404980.0,PKR,False,False,False,False,False,False
2025-12-10 14:19:14.059,Meezan Bank,Bank Charges,,Fees,200,Expense,,200.0,PKR,False,False,False,False,False,False
2025-12-10 14:55:23.557,Meezan Bank,Household,General,Fruits,858,Expense,,858.0,PKR,False,False,False,False,False,False
2025-12-10 20:06:37.934,Faysal Noor World,Food,Unnecessary,FP my pizza dinner,1185,Expense,,1185.0,PKR,False,False,False,False,False,False
2025-12-10 20:06:49.892,Faysal Noor World,Food,Unnecessary,FP Alishba's pizza dinner,1512,Expense,,1512.0,PKR,False,False,False,False,False,False
2025-12-10 22:55:05.173,Faysal Noor World,Household,General,Jalal Sons Greek yogurt,231,Expense,,231.0,PKR,False,False,False,False,False,False
2025-12-10 23:19:22.750,Faysal Noor World,Food,Unnecessary,FP Bundu Khan Halwa for Alishba,1022,Expense,,1022.0,PKR,False,False,False,False,False,False
2025-12-11 02:07:35.829,Meezan Bank,EasyPaisa,,,5000,Transfer-Out,,5000.0,PKR,False,False,False,False,False,False
2025-12-11 02:07:35.830,Meezan Bank,Bank Charges,,Fees,5,Expense,,5.0,PKR,False,False,False,False,False,False
2025-12-11 02:08:10.918,EasyPaisa,Donation,,LUMS Medical Emergency Aid Email,1500,Expense,,1500.0,PKR,False,False,False,False,False,False
2025-12-11 13:01:04.804,Meezan Bank,Loans,,Zaeem partial temporary holding returned,1000000,Transfer-Out,,1000000.0,PKR,True,False,False,True,False,False
2025-12-11 13:01:04.805,Meezan Bank,Bank Charges,,Fees,200,Expense,,200.0,PKR,False,False,False,False,False,False
2025-12-11 23:49:56.733,JazzCash,Food,Unnecessary,Dinner malik spicy,2600,Expense,,2600.0,PKR,False,False,False,False,False,False
2025-12-12 00:50:52.650,Faysal Noor World,Food,Unnecessary,FP Dessert,766,Expense,,766.0,PKR,False,False,False,False,False,False
2025-12-12 01:52:28.367,Faysal Noor World,Split,,Epets order,3990,Transfer-Out,,3990.0,PKR,False,False,False,False,False,False
2025-12-12 01:52:28.367,Split,Ahmad Bhatti Loans,,Epets Bhatti's part,1000,Transfer-Out,,1000.0,PKR,False,False,False,False,False,False
2025-12-12 01:52:28.367,Split,Donation,,Epets order my part,2990,Expense,"Stray cats, rider tip 100",2990.0,PKR,False,False,False,False,False,False
2025-12-12 14:33:41.736,Faysal Noor World,Food,Unnecessary,FP Alishba Paye Shorba,346,Expense,,346.0,PKR,False,False,False,False,False,False
2025-12-12 14:39:54.014,Faysal Noor World,Family,Gift,Amazon Kobo Clara BW,37980,Expense,Alishba Anniversary Gift,37980.0,PKR,False,False,False,False,False,False
2025-12-12 14:39:54.014,Faysal Noor World,Family,Gift,Amazon Tax,273,Expense,Alishba Anniversary Gift,273.0,PKR,False,False,False,False,False,False
2025-12-12 14:39:54.014,Faysal Noor World,Family,Gift,Amazon Tax,185,Expense,Alishba Anniversary Gift,185.0,PKR,False,False,False,False,False,False
2025-12-12 14:39:54.014,Faysal Noor World,Family,Gift,Amazon Tax,1709,Expense,Alishba Anniversary Gift,1709.0,PKR,False,False,False,False,False,False
2025-12-12 14:39:54.014,Faysal Noor World,Family,Gift,Amazon Tax,30,Expense,Alishba Anniversary Gift,30.0,PKR,False,False,False,False,False,False
2025-12-12 20:33:40.880,Faysal Noor World,Split,,C&B water ×3 and halwa,1642,Transfer-Out,966 before tax was halwa,1642.0,PKR,False,False,False,False,False,False
2025-12-12 20:33:40.880,Split,Food,Unnecessary,C&B halwa,996,Expense,966 before tax was halwa,996.0,PKR,False,False,False,False,False,False
2025-12-12 20:33:40.880,Split,Household,Water,C&B water ×3 approx,646,Expense,966 before tax was halwa,646.0,PKR,False,False,False,False,False,False
2025-12-12 20:39:08.700,Faysal Noor World,Household,General,Jalal Sons milk + yogurt,603,Expense,230 prema yogurt unnecessary (pre GST),603.0,PKR,False,False,False,False,False,False
2025-12-13 02:15:04.642,Faysal Noor World,Family,Gift,Alishba Apple Store Alto's Odyssey Game Purchase,1300,Expense,,1300.0,PKR,False,False,False,False,False,False
2025-12-13 16:23:00.327,Meezan Bank,Abdul Sami Loans,,Abdul Sami Qarz e hasana,10000,Transfer-Out,,10000.0,PKR,False,False,False,False,False,False
2025-12-13 16:29:44.889,Ahmad Bhatti Loans,Food,Unnecessary,"Chaaye Khana with Bhatti, my part",2026,Expense,Saturday morning,2026.0,PKR,False,False,False,False,False,False
2025-12-13 17:09:16.048,Faysal Noor World,Alishba Loans,,Alishba Google One subscription,750,Transfer-Out,,750.0,PKR,False,False,False,False,False,False
2025-12-13 18:09:31.665,Faysal Noor World,Household,General,Daraz.pk order,3054,Expense,"Car microfiber cloth, wire cutter tool, samsung tv remote",3054.0,PKR,False,False,False,False,False,False
2025-12-13 20:07:19.700,Faysal Noor World,Technology,Purchases,JC Buckman RejuvenateUS price lock advance dolmen mall,5000,Expense,,5000.0,PKR,False,False,False,False,False,False
2025-12-13 23:06:13.431,Split,Ahmad Bhatti Loans,,Baranh Bhatti's part,6207,Transfer-Out,,6207.0,PKR,False,False,False,False,False,False
2025-12-13 23:06:13.431,Split,Food,Unnecessary,Baranh my part,6207,Expense,,6207.0,PKR,False,False,False,False,False,False
2025-12-13 23:06:13.431,Faysal Noor World,Split,,Baranh with Bhatti and Aiman,12414,Transfer-Out,,12414.0,PKR,False,False,False,False,False,False
2025-12-14 14:27:15.333,Faysal Noor World,Food,Unnecessary,FP Yakhni Plao Breakfast,1120,Expense,,1120.0,PKR,False,False,False,False,False,False
2025-12-15 00:37:06.188,Faysal Noor World,Family,Health/Medicine,Clinix Medicine,1369,Expense,,1369.0,PKR,False,False,False,False,False,False
2025-12-15 10:38:36.239,Faysal Noor World,Family,Gift,Amazon Kobo Case,4111,Expense,Alishba Anniversary Gift,4111.0,PKR,False,False,False,False,False,False
2025-12-15 10:38:36.239,Faysal Noor World,Family,Gift,Amazon Tax,41,Expense,Alishba Anniversary Gift,41.0,PKR,False,False,False,False,False,False
2025-12-15 10:38:36.239,Faysal Noor World,Technology,Purchases,Amazon Tax,345,Expense,,345.0,PKR,False,False,False,False,False,False
2025-12-15 10:38:36.239,Faysal Noor World,Technology,Purchases,Amazon Tax,55,Expense,,55.0,PKR,False,False,False,False,False,False
2025-12-15 10:38:36.239,Faysal Noor World,Technology,Purchases,Amazon Phone Case,7662,Expense,,7662.0,PKR,False,False,False,False,False,False
2025-12-15 10:38:36.239,Faysal Noor World,Technology,Purchases,Amazon Phone Protectors,5674,Expense,,5674.0,PKR,False,False,False,False,False,False
2025-12-15 10:38:36.239,Faysal Noor World,Technology,Purchases,Amazon Tax,255,Expense,,255.0,PKR,False,False,False,False,False,False
2025-12-15 11:31:56.392,Cash,Donation,,Guard Baba Younas,3000,Expense,,3000.0,PKR,False,False,False,False,False,False
2025-12-15 11:47:26.381,Meezan Bank,Faysal Noor World,,Faysal Noor Credit Card min due amount paid,58543,Transfer-Out,,58543.0,PKR,False,False,False,False,False,False
2025-12-15 12:04:02.735,Faysal Noor World,Transportation,Taxi,InDrive to Bhatti's,1200,Expense,,1200.0,PKR,False,False,False,False,False,False
2025-12-15 13:43:35.690,Faysal Noor World,Food,Necessary,McDonald's lunch,1360,Expense,,1360.0,PKR,False,False,False,False,False,False
2025-12-15 14:13:19.948,Faysal Noor World,Split,,Extraction with Bhatti,735,Transfer-Out,Half split,735.0,PKR,False,False,False,False,False,False
2025-12-15 14:13:19.948,Split,Ahmad Bhatti Loans,,Extraction Bhatti's part,368,Transfer-Out,Half split,368.0,PKR,False,False,False,False,False,False
2025-12-15 14:13:19.948,Split,Food,Unnecessary,Extraction my part,368,Expense,Half split,368.0,PKR,False,False,False,False,False,False
2025-12-15 18:10:43.878,Faysal Noor World,Health,Health,Nutrifactor Supplements,2650,Expense,"Magnesium Glycinate, Oxytol",2650.0,PKR,False,False,False,False,False,False
2025-12-16 00:14:55.983,Faysal Noor World,Technology,Bills,HBO Max Subscription,549,Expense,,549.0,PKR,False,False,False,False,False,False
2025-12-16 12:22:30.373,Meezan Bank,Donation,,To Mama for Maryam's jahez,50000,Expense,Bed sheets etc. ,50000.0,PKR,False,False,False,False,False,False
2025-12-16 13:06:11.227,Al Meezan Mutual Funds,Meezan Bank,,For Maryam Jahez,50000,Transfer-Out,,50000.0,PKR,False,False,False,False,False,False
2025-12-16 13:06:11.228,Al Meezan Mutual Funds,Bank Charges,,Fees,70,Expense,,70.0,PKR,False,False,False,False,False,False
2025-12-16 13:44:06.750,Faysal Noor World,Food,Unnecessary,FP JJ,1019,Expense,,1019.0,PKR,False,False,False,False,False,False
2025-12-16 14:26:05.358,Faysal Noor World,Split,,Hardees with Ahmad and Maryam,4240,Transfer-Out,Equal split,4240.0,PKR,False,False,False,False,False,False
2025-12-16 14:26:05.358,Split,Ahmad Bhatti Loans,,Hardees Bhatti's part,1413,Transfer-Out,Equal split,1413.0,PKR,False,False,False,False,False,False
2025-12-16 14:26:05.358,Split,Office Loans,,Hardees Maryam's part,1413,Transfer-Out,Equal split,1413.0,PKR,False,False,False,False,False,False
2025-12-16 14:26:05.358,Split,Food,Unnecessary,Hardees my part,1413,Expense,Equal split,1413.0,PKR,False,False,False,False,False,False
2025-12-16 15:11:31.709,Split,Office Loans,,Extraction Maryam's part,375,Transfer-Out,"700 ki latte only me and Bhatti had, the rest equal split",375.0,PKR,False,False,False,False,False,False
2025-12-16 15:11:31.709,Split,Ahmad Bhatti Loans,,Extraction Bhatti's part,726,Transfer-Out,"700 ki latte only me and Bhatti had, the rest equal split",726.0,PKR,False,False,False,False,False,False
2025-12-16 15:11:31.709,Faysal Noor World,Split,,Extraction with Bhatti and Maryam,1827,Transfer-Out,"700 ki latte only me and Bhatti had, the rest equal split",1827.0,PKR,False,False,False,False,False,False
2025-12-16 15:11:31.709,Split,Ahmad Bhatti Loans,,Extraction my part,726,Transfer-Out,"700 ki latte only me and Bhatti had, the rest equal split",726.0,PKR,False,False,False,False,False,False
2025-12-16 21:09:58.176,Faysal Noor World,Food,Unnecessary,FP Alishba Wei Dao Noodles,2708,Expense,,2708.0,PKR,False,False,False,False,False,False
2025-12-17 13:42:55.633,Faysal Noor World,Household,General,FP Groceries,1219,Expense,,1219.0,PKR,False,False,False,False,False,False
2025-12-17 15:24:08.194,Faysal Noor World,Split,,Capri lunch with Bhatti,1219,Transfer-Out,Equal,1219.0,PKR,False,False,False,False,False,False
2025-12-17 15:24:08.194,Split,Food,Necessary,Capri lunch my part,610,Expense,Equal,610.0,PKR,False,False,False,False,False,False
2025-12-17 15:24:08.194,Split,Ahmad Bhatti Loans,,Capri lunch Bhatti's part,610,Transfer-Out,Equal,610.0,PKR,False,False,False,False,False,False
2025-12-17 15:39:26.306,Faysal Noor World,Split,,Extraction with Bhatti,735,Transfer-Out,Half,735.0,PKR,False,False,False,False,False,False
2025-12-17 15:39:26.306,Split,Food,Unnecessary,Extraction my part,368,Expense,Half,368.0,PKR,False,False,False,False,False,False
2025-12-17 15:39:26.306,Split,Ahmad Bhatti Loans,,Extraction Bhatti's part,368,Transfer-Out,Half,368.0,PKR,False,False,False,False,False,False
2025-12-17 15:39:39.439,Faysal Noor World,Food,Unnecessary,FP Alishba Nashta,725,Expense,,725.0,PKR,False,False,False,False,False,False
2025-12-17 18:11:58.370,JazzCash,Household,General,Tikka masala,150,Expense,,150.0,PKR,False,False,False,False,False,False
2025-12-17 18:12:24.020,Office Loans,Meezan Bank,,Maryam splitwise,905,Transfer-Out,,905.0,PKR,False,False,False,False,False,False
2025-12-17 21:00:50.145,Faysal Noor World,Technology,Purchases,TP Link C6 Dual Band Gigabit Router,11733,Expense,,11733.0,PKR,False,False,False,False,False,False
2025-12-18 14:16:59.472,Faysal Noor World,Food,Unnecessary,FP Nashta Karachi Paratha,937,Expense,,937.0,PKR,False,False,False,False,False,False
2025-12-18 17:24:39.532,Faysal Noor World,Food,Unnecessary,Cadbury Melt for Alishba from Artisan Bahria,1102,Expense,,1102.0,PKR,False,False,False,False,False,False
2025-12-18 18:06:17.019,Faysal Noor World,Apparel,Clothing,Jockey Inners and Socks,12597,Expense,,12597.0,PKR,False,False,False,False,False,False
2025-12-19 01:16:32.852,Faysal Noor World,Food,Unnecessary,FP Midnight Pizza Craving,1461,Expense,,1461.0,PKR,False,False,False,False,False,False
2025-12-19 12:42:03.141,Wasiq Loan,Danish Loan,,To Danish for his VISA amount,500000,Transfer-Out,"Wasiq gave him 500k, which I will give to Wasiq when my salary comes. Danish will return this to me in the distant future. ",500000.0,PKR,False,False,False,False,False,False
2025-12-19 13:11:07.864,Meezan Bank,Miscellaneous,,Petty cash,3000,Expense,,3000.0,PKR,False,False,False,False,True,False
2025-12-19 13:48:54.434,Ahmad Bhatti Loans,Miscellaneous,,"Ahmad gave me cash, petty",5000,Expense,,5000.0,PKR,False,False,False,False,False,False
2025-12-19 15:24:30.362,Meezan Bank,Split,,Bundu Khan (9265) + Tip,10265,Transfer-Out,"Bhatti, Maryam, me. Equal ",10265.0,PKR,False,False,False,False,False,False
2025-12-19 15:24:30.362,Meezan Bank,Split,,Bundu Khan weird transaction,2342,Transfer-Out,,2342.0,PKR,False,False,False,False,False,False
2025-12-19 15:24:30.362,Split,Food,Unnecessary,Bundu Khan my part,3422,Expense,"Bhatti, Maryam, me. Equal ",3422.0,PKR,False,False,False,False,False,False
2025-12-19 15:24:30.362,Split,Ahmad Bhatti Loans,,Bundu Khan Bhatti's part,3422,Transfer-Out,"Bhatti, Maryam, me. Equal ",3422.0,PKR,False,False,False,False,False,False
2025-12-19 15:24:30.362,Split,Office Loans,,Bundu Khan Maryam's part,3422,Transfer-Out,"Bhatti, Maryam, me. Equal ",3422.0,PKR,False,False,False,False,False,False
2025-12-19 15:35:32.043,Faysal Noor World,Split,,Extraction with Bhatti,735,Transfer-Out,Half,735.0,PKR,False,False,False,False,False,False
2025-12-19 15:35:32.043,Split,Food,Unnecessary,Extraction my part,368,Expense,Half,368.0,PKR,False,False,False,False,False,False
2025-12-19 15:35:32.043,Split,Ahmad Bhatti Loans,,Extraction Bhatti's part,368,Transfer-Out,Half,368.0,PKR,False,False,False,False,False,False
2025-12-19 18:40:00.604,Meezan Bank,Family,Gift,Koya 6th Anniversary Dinner Decor Payment,5000,Expense,,5000.0,PKR,False,False,False,False,False,False
2025-12-20 00:54:18.269,Split,Wasiq Loan,,Hardees Wasiq's part,700,Transfer-Out,700 Wasiq,700.0,PKR,False,False,False,False,False,False
2025-12-20 00:54:18.269,Faysal Noor World,Split,,Hardees with Wasiq,2160,Transfer-Out,700 Wasiq,2160.0,PKR,False,False,False,False,False,False
2025-12-20 00:54:18.269,Split,Food,Unnecessary,Hardees my part,1460,Expense,700 Wasiq,1460.0,PKR,False,False,False,False,False,False
2025-12-20 16:09:12.329,Cash,Household,General,Fruit,300,Expense,,300.0,PKR,False,False,False,False,False,False
2025-12-20 16:09:45.971,Cash,Household,Unnecessary,Moong Phalli,700,Expense,,700.0,PKR,False,False,False,False,False,False
2025-12-20 20:00:37.789,Loans,Meezan Bank,,From Umaid for Maryam's jahez,150000,Transfer-Out,Paid back to me and wasiq,150000.0,PKR,False,False,False,False,False,False
2025-12-20 20:01:33.217,Meezan Bank,Wasiq Loan,,Returned to Wasiq for Maryam Jahez (partial),75000,Transfer-Out,,75000.0,PKR,False,False,False,False,False,False
2025-12-20 20:18:12.086,Meezan Bank,Tabish Loan,,Tabish qarz e hasana,30000,Transfer-Out,,30000.0,PKR,False,False,False,False,False,False
2025-12-20 20:18:12.086,Meezan Bank,Abdul Sami Loans,,Abdul Sami Qarz e hasana,30000,Transfer-Out,,30000.0,PKR,False,False,False,False,False,False
2025-12-20 22:31:46.555,Faysal Noor World,Household,General,Anhaar low fat milk,361,Expense,,361.0,PKR,False,False,False,False,False,False
2025-12-20 23:24:06.838,Faysal Noor World,Food,Unnecessary,FP Johnny & Jugnu's,2172,Expense,,2172.0,PKR,False,False,False,False,False,False
2025-12-21 11:41:42.959,Meezan Bank,JazzCash,,For M-Tag ig,4000,Transfer-Out,,4000.0,PKR,False,False,False,False,False,False
2025-12-21 11:42:39.259,JazzCash,Transportation,,M-Tag,4000,Expense,,4000.0,PKR,False,False,False,False,False,False
2025-12-21 13:16:21.835,Faysal Noor World,Transportation,Car,Yaris fuel ⛽,7047,Expense,,7047.0,PKR,False,False,False,False,False,False
2025-12-21 13:27:20.970,Faysal Noor World,Apparel,,"Uniworth Thermals, Vest, Socks",10295,Expense,,10295.0,PKR,False,False,False,False,False,False
2025-12-21 14:59:11.310,Faysal Noor World,Family,Health/Medicine,Chughtai Testosterone Level Tests,4250,Expense,Total Testosterone and Free Testosterone,4250.0,PKR,False,False,False,False,False,False
2025-12-21 16:08:59.854,Cash,Donation,,"To Amjad, he asked",5000,Expense,,5000.0,PKR,False,False,False,False,False,False
2025-12-21 17:20:04.985,Meezan Bank,Aun Loan,,Aun needed temporarily for committee,60000,Transfer-Out,Sent to Alishba,60000.0,PKR,False,False,False,False,False,False
2025-12-21 19:29:21.949,JazzCash,Social Life,Friend,Tabish Matilda Cake Gift,665,Expense,,665.0,PKR,False,False,False,False,False,False
2025-12-21 19:33:09.295,Faysal Noor World,Meezan Bank,,Paid for someone at kebabjees,900,Transfer-Out,,900.0,PKR,False,False,False,False,False,False
2025-12-21 21:30:49.931,Al Meezan Mutual Funds,Meezan Bank,,"Salary late, Alishba needs",120000,Transfer-Out,,120000.0,PKR,False,False,False,False,False,False
2025-12-21 21:30:49.932,Al Meezan Mutual Funds,Bank Charges,,Fees,80,Expense,,80.0,PKR,False,False,False,False,False,False
2025-12-21 21:31:52.548,Meezan Bank,Family,Pocket Money,Alishba Pocket Money Jan 2026 Partial,60000,Expense,,60000.0,PKR,False,False,False,False,False,False
2025-12-21 22:34:18.932,Faysal Noor World,Food,Unnecessary,Soft Swirl Dessert,231,Expense,,231.0,PKR,False,False,False,False,False,False
2025-12-22 00:50:50.223,EasyPaisa,Food,Unnecessary,DUMx Dinner,1750,Expense,,1750.0,PKR,False,False,False,False,False,False
2025-12-22 01:18:43.191,Faysal Noor World,Entertainment,,Steam Games,1678,Expense,"Batman, Control",1678.0,PKR,False,False,False,False,False,False
2025-12-22 01:41:04.540,Faysal Noor World,Entertainment,,Steam Games,1689,Expense,"Amnesia, Darkwood, Short Hike",1689.0,PKR,False,False,False,False,False,False
2025-12-22 01:41:04.540,Faysal Noor World,Entertainment,,Steam Games tax,12,Expense,,12.0,PKR,False,False,False,False,False,False
2025-12-22 01:41:04.540,Faysal Noor World,Entertainment,,Steam Games tax,76,Expense,,76.0,PKR,False,False,False,False,False,False
2025-12-22 01:41:04.540,Faysal Noor World,Entertainment,,Steam Games tax,83,Expense,,83.0,PKR,False,False,False,False,False,False
2025-12-22 01:41:04.540,Faysal Noor World,Entertainment,,Steam Games tax,12,Expense,,12.0,PKR,False,False,False,False,False,False
2025-12-22 01:41:04.540,Faysal Noor World,Entertainment,,Steam Games tax,75,Expense,,75.0,PKR,False,False,False,False,False,False
2025-12-22 01:41:04.540,Faysal Noor World,Entertainment,,Steam Games tax,84,Expense,,84.0,PKR,False,False,False,False,False,False
2025-12-22 10:18:10.916,Meezan Bank,Salary,,FleetGlue Salary #3 21 Dec 2025,694115,Income,,694115.0,PKR,False,False,False,False,False,False
2025-12-22 11:18:50.979,Meezan Bank,Family,Pocket Money,Alishba Pocket Money Jan 2026 Partial,90000,Expense,,90000.0,PKR,False,False,False,False,False,False
2025-12-22 11:27:11.994,Meezan Bank,Self-development,,Flute lessons Dec 2025,3000,Expense,"1 class, new rate",3000.0,PKR,False,False,False,False,False,False
2025-12-22 11:28:33.932,Meezan Bank,Household,Bills,Bahria Maali Salary,3500,Expense,,3500.0,PKR,False,False,False,False,False,False
2025-12-22 14:36:12.403,Split,Office Loans,,Extraction Maryam's part,368,Transfer-Out,Half,368.0,PKR,False,False,False,False,False,False
2025-12-22 14:36:12.403,Faysal Noor World,Split,,Extraction with Maryam,735,Transfer-Out,Half,735.0,PKR,False,False,False,False,False,False
2025-12-22 14:36:12.403,Split,Food,Unnecessary,Extraction my part,368,Expense,Half,368.0,PKR,False,False,False,False,False,False
2025-12-22 14:36:33.295,Faysal Noor World,Family,Gift,Gift card for 6th Anniversary from Extraction,341,Expense,,341.0,PKR,False,False,False,False,False,False
2025-12-22 21:09:55.941,JazzCash,Technology,Bills,Zong package,700,Expense,,700.0,PKR,False,False,False,False,False,False
2025-12-22 21:33:11.775,Meezan Bank,Family,Gift,Solli's Dinner with Alishba,5391,Expense,,5391.0,PKR,False,False,False,False,False,False
2025-12-23 01:07:22.690,Faysal Noor World,Alishba Loans,,OnePlus Watch 3 (46mm) Amazon UK,58119,Transfer-Out,Via Danish (like new),58119.0,PKR,False,False,False,False,False,False
2025-12-23 11:30:51.898,Meezan Bank,Faysal Noor World,,Faysal Noor Credit Card Advance Bill Payment,193798,Transfer-Out,,193798.0,PKR,False,False,False,False,False,False
2025-12-23 12:35:17.702,Meezan Bank,Family,Pet,Lily and JJ nail trimming and checkup,850,Expense,,850.0,PKR,False,False,False,False,False,False
2025-12-23 12:35:32.007,Meezan Bank,Family,Pet,Lily and JJ Leash and extensions,1800,Expense,,1800.0,PKR,False,False,False,False,False,False
2025-12-23 17:07:27.499,Aun Loan,Meezan Bank,,Aun loan returned by Alishba,60000,Transfer-Out,,60000.0,PKR,False,False,False,False,False,False
2025-12-23 17:09:48.262,Meezan Bank,Aun Loan,,I accidentally returned 50k to Alishba,50000,Transfer-Out,,50000.0,PKR,False,False,False,False,False,False
2025-12-23 17:10:07.274,Aun Loan,Meezan Bank,,Alishba sent Aun loan returned amount back,50000,Transfer-Out,,50000.0,PKR,False,False,False,False,False,False
2025-12-23 17:10:26.618,Alishba Loans,Meezan Bank,,Alishba sent me for OnePlus Watch anniversary gift,58119,Transfer-Out,,58119.0,PKR,False,False,False,False,False,False
2025-12-23 17:58:43.134,Meezan Bank,Tabish Loan,,Tabish qarz e hasana,20000,Transfer-Out,,20000.0,PKR,False,False,False,False,False,False
2025-12-23 17:58:52.363,Meezan Bank,Abdul Sami Loans,,Abdul Sami Qarz e hasana,20000,Transfer-Out,,20000.0,PKR,False,False,False,False,False,False
2025-12-23 19:00:00.279,Faysal Noor World,Family,General,Alishba stall bread,946,Expense,,946.0,PKR,False,False,False,False,False,False
2025-12-23 19:30:49.866,Faysal Noor World,Family,General,Euro Store Alishba Stall Shopping,3114,Expense,,3114.0,PKR,False,False,False,False,False,False
2025-12-23 19:35:40.760,Meezan Bank,Family,Health/Medicine,Alishba med,588,Expense,,588.0,PKR,False,False,False,False,False,False
2025-12-23 22:38:41.855,Faysal Noor World,Family,Gift,Koya 6th Anniversary Dinner,9718,Expense,,9718.0,PKR,False,False,False,False,False,False
2025-12-23 23:20:10.556,Faysal Noor World,Family,Gift,Aylanto Dessert on 6th Anniversary,2215,Expense,,2215.0,PKR,False,False,False,False,False,False
2025-12-24 00:01:11.042,EasyPaisa,Donation,,Tip,1000,Expense,,1000.0,PKR,False,False,False,False,False,False
2025-12-24 00:01:22.023,Cash,Transportation,Parking,,250,Expense,,250.0,PKR,False,False,False,False,False,False
2025-12-24 13:27:57.152,Faysal Noor World,Family,General,Alishba stall disposible plates and cups,641,Expense,,641.0,PKR,False,False,False,False,False,False
2025-12-24 18:24:43.606,Faysal Noor World,Family,General,FP JJ for fam,6342,Expense,"Alishba, Areeba, Kashaf, Misha, Sunny, Mama",6342.0,PKR,False,False,False,False,False,False
2025-12-24 19:46:00.985,Faysal Noor World,Donation,,Donates through I-CARE,10000,Expense,5000 to LAS (Legal Aid Society) and 5000 to Panah Shelter,10000.0,PKR,False,False,False,False,False,False
2025-12-24 19:48:45.471,Meezan Bank,Donation,,Donates via Wardah Noor,10000,Expense,,10000.0,PKR,False,False,False,False,False,False
2025-12-24 20:42:30.752,Meezan Bank,Family,Gift,Truba dress for Alishba,14500,Expense,,14500.0,PKR,False,False,False,False,False,False
2025-12-24 22:48:56.549,Meezan Bank,Miscellaneous,,ATM cash petty,5000,Expense,,5000.0,PKR,False,False,False,False,False,False
2025-12-24 23:24:26.408,Meezan Bank,Loans,,Zaeem partial temporary holding returned,2000000,Transfer-Out,100% returned now,2000000.0,PKR,True,False,False,True,False,False
2025-12-24 23:24:26.409,Meezan Bank,Bank Charges,,Fees,200,Expense,,200.0,PKR,False,False,False,False,False,False
2025-12-25 13:06:06.595,Meezan Bank,Al Meezan Mutual Funds,,MCF Investment,178370,Transfer-Out,,178370.0,PKR,False,False,False,False,False,False
2025-12-25 14:01:54.360,Faysal Noor World,Food,Unnecessary,FP Daily Deli for me,1174,Expense,,1174.0,PKR,False,False,False,False,False,False
2025-12-25 14:40:26.329,Meezan Bank,Donation,,MBM Staff Christmas Drive Donation,1000,Expense,,1000.0,PKR,False,False,False,False,False,False
2025-12-25 14:45:44.239,Faysal Noor World,Self-development,,Fidget Cube from Daraz.pk,1019,Expense,,1019.0,PKR,False,False,False,False,False,False
2025-12-25 14:46:29.647,Meezan Bank,Faysal Noor World,,Faysal Noor Credit Card Advance Bill Payment,71406,Transfer-Out,,71406.0,PKR,False,False,False,False,False,False
2025-12-25 15:32:08.656,Meezan Bank,Abujan Loans,,To Abujan's UBL account,10000,Transfer-Out,To keep it from becoming dormant,10000.0,PKR,False,False,False,False,False,False
2025-12-25 15:43:19.343,Meezan Bank,JazzCash,,To JazzCash for Yaris Token Tax,38415,Transfer-Out,,38415.0,PKR,False,False,False,False,False,False
2025-12-25 15:43:19.344,Meezan Bank,Bank Charges,,Fees,39,Expense,,39.0,PKR,False,False,False,False,False,False
2025-12-25 15:43:37.505,JazzCash,Transportation,Car Maintenance,Yaris token tax,38415,Expense,,38415.0,PKR,False,False,False,False,False,False
2025-12-25 15:45:24.612,Meezan Bank,JazzCash,,No reason,10000,Transfer-Out,,10000.0,PKR,False,False,False,False,False,False
2025-12-25 15:45:24.613,Meezan Bank,Bank Charges,,Fees,10,Expense,,10.0,PKR,False,False,False,False,False,False
2025-12-25 15:45:49.274,Meezan Bank,EasyPaisa,,No reason,10000,Transfer-Out,,10000.0,PKR,False,False,False,False,False,False
2025-12-25 15:45:49.275,Meezan Bank,Bank Charges,,Fees,10,Expense,,10.0,PKR,False,False,False,False,False,False
2025-12-25 18:26:40.908,Meezan Bank,Social Life,Friend,Jade Cafe with Umar Cheema,2209,Expense,,2209.0,PKR,False,False,False,False,False,False
2025-12-25 20:49:14.816,Meezan Bank,Household,Unnecessary,Fruits,1060,Expense,,1060.0,PKR,False,False,False,False,False,False
2025-12-25 20:49:14.816,Meezan Bank,Household,Unnecessary,Fruits,40,Expense,,40.0,PKR,False,False,False,False,False,False
2025-12-25 20:52:03.152,Meezan Bank,Household,General,Milk,380,Expense,,380.0,PKR,False,False,False,False,False,False
2025-12-25 21:06:17.342,Faysal Noor World,Technology,Purchases,Steam LIMBO Game $0.54,205,Expense,,205.0,PKR,False,False,False,False,False,False
2025-12-26 15:31:49.225,Meezan Bank,Technology,Purchases,Prints of salary slips,60,Expense,,60.0,PKR,False,False,False,False,False,False
2025-12-26 19:52:28.618,Faysal Noor World,Technology,Purchases,ZAH Computers Lenovo Monitor,59694,Expense,"P32p-20 31.5"" 4K",59694.0,PKR,False,False,False,False,False,False
2025-12-26 20:19:12.857,Meezan Bank,Technology,Purchases,ZAH Computers monitor arm extra cost,9000,Expense,MXG HMA-12R,9000.0,PKR,False,False,False,False,False,False
2025-12-26 20:53:17.949,Faysal Noor World,Food,Unnecessary,Arcadian with Tabish,6410,Expense,,6410.0,PKR,False,False,False,False,False,False
2025-12-26 21:37:04.186,Faysal Noor World,Social Life,Friend,Double Shot Dessert with Tabish,1392,Expense,,1392.0,PKR,False,False,False,False,False,False
2025-12-26 21:37:33.444,JazzCash,Donation,,Parking boy,150,Expense,,150.0,PKR,False,False,False,False,False,False
2025-12-26 21:57:12.191,Faysal Noor World,Food,Unnecessary,Halwa for Alishba,578,Expense,,578.0,PKR,False,False,False,False,False,False
2025-12-27 01:18:49.732,Meezan Bank,Tabish Loan,,Tabish qarz e hasana,15000,Transfer-Out,,15000.0,PKR,False,False,False,False,False,False
2025-12-27 01:27:19.386,JazzCash,Social Life,Friend,Masks from airport for Danish,68,Expense,,68.0,PKR,False,False,False,False,False,False
2025-12-27 02:01:34.097,Ahmad Bhatti Loans,Food,Unnecessary,Hardees my part with Bhatti,1300,Expense,,1300.0,PKR,False,False,False,False,False,False
2025-12-27 10:55:35.231,Al Meezan Mutual Funds,Meezan Bank,,Transferred so I can loan money to Tabish for his school principal's father's hospital emergency,68000,Transfer-Out,,68000.0,PKR,False,False,False,False,False,False
2025-12-27 10:55:35.232,Al Meezan Mutual Funds,Bank Charges,,Fees,75,Expense,,75.0,PKR,False,False,False,False,False,False
2025-12-27 10:56:34.381,Meezan Bank,Tabish Loan,,Sent to Tabish for his school principal's father's hospital emergency,150000,Transfer-Out,Loan,150000.0,PKR,False,False,False,False,False,False
2025-12-27 13:40:24.296,Faysal Noor World,Family,Gift,Alishba 717 Salon with her friends,17850,Expense,,17850.0,PKR,False,False,False,False,False,False
2025-12-27 16:21:38.221,Faysal Noor World,Food,Unnecessary,FP Paratha Roll Lunch,607,Expense,,607.0,PKR,False,False,False,False,False,False
2025-12-27 20:35:43.371,Meezan Bank,Technology,Purchases,Raspberry PI Power Supply,950,Expense,,950.0,PKR,False,False,False,False,False,False
2025-12-27 21:25:08.387,Faysal Noor World,Family,Gift,Kebabjees Cake for Parents' Anniversary,2001,Expense,,2001.0,PKR,False,False,False,False,False,False
2025-12-27 21:32:30.089,Faysal Noor World,Abujan Loans,,Arcadian Dinner for Parents' Anniversary,10892,Transfer-Out,Abujan said to mark this as to be paid by him,10892.0,PKR,False,False,False,False,False,False
2025-12-27 21:33:26.568,Faysal Noor World,Transportation,Car,Yaris fuel ⛽,4000,Expense,PSO Hi,4000.0,PKR,False,False,False,False,False,False
2025-12-27 21:33:47.726,Cash,Donation,,Tip at Arcadian,1000,Expense,,1000.0,PKR,False,False,False,False,False,False
2025-12-27 21:34:01.889,Cash,Donation,,Parking guy tip,100,Expense,,100.0,PKR,False,False,False,False,False,False
2025-12-28 00:34:27.527,Meezan Bank,Food,Unnecessary,Dominos later night,1800,Expense,,1800.0,PKR,False,False,False,False,False,False
2025-12-28 01:02:41.251,Faysal Noor World,Food,Unnecessary,FP Soft Swirl Dessert,666,Expense,,666.0,PKR,False,False,False,False,False,False
2025-12-28 21:52:57.557,Faysal Noor World,Family,Gift,C&B Alishba Cake,1301,Expense,,1301.0,PKR,False,False,False,False,False,False
2025-12-28 23:47:45.243,Meezan Bank,Transportation,Taxi,InDrive courier to get house keys from Bhatti,640,Expense,,640.0,PKR,False,False,False,False,False,False
2025-12-29 02:02:16.208,Ahmad Bhatti Loans,Food,Unnecessary,Extraction my part,250,Expense,,250.0,PKR,False,False,False,False,False,False
2025-12-29 11:35:23.562,Faysal Noor World,Office Loans,,Colabs Dec-Jan 2026 payment,41677,Transfer-Out,3 days payment for Dec and full month of January,41677.0,PKR,False,False,False,False,False,False
2025-12-29 14:22:36.222,Meezan Bank,Split,,Extraction with Bhatti and Maryam,1145,Transfer-Out,"390 rupees Maryam's brownie, Ahmad and me half the remaining. Maryam no coffee. ",1145.0,PKR,False,False,False,False,False,False
2025-12-29 14:22:36.222,Split,Ahmad Bhatti Loans,,Extraction my part,378,Transfer-Out,"390 rupees Maryam's brownie, Ahmad and me half the remaining. Maryam no coffee. ",378.0,PKR,False,False,False,False,False,False
2025-12-29 14:22:36.222,Split,Ahmad Bhatti Loans,,Extraction Bhatti's part,378,Transfer-Out,"390 rupees Maryam's brownie, Ahmad and me half the remaining. Maryam no coffee. ",378.0,PKR,False,False,False,False,False,False
2025-12-29 14:22:36.222,Split,Office Loans,,Extraction Bhatti's part,389,Transfer-Out,"390 rupees Maryam's brownie, Ahmad and me half the remaining. Maryam no coffee. ",389.0,PKR,False,False,False,False,False,False
2025-12-29 15:13:15.806,Faysal Noor World,Split,,Arcadian with Bhatti and Maryam,5179,Transfer-Out,Equal split,5179.0,PKR,False,False,False,False,False,False
2025-12-29 15:13:15.806,Split,Food,Unnecessary,Arcadian my part,1726,Expense,Equal split,1726.0,PKR,False,False,False,False,False,False
2025-12-29 15:13:15.806,Split,Ahmad Bhatti Loans,,Arcadian Bhatti's part,1726,Transfer-Out,Equal split,1726.0,PKR,False,False,False,False,False,False
2025-12-29 15:13:15.806,Split,Office Loans,,Arcadian Maryam's part,1726,Transfer-Out,Equal split,1726.0,PKR,False,False,False,False,False,False
2025-12-29 15:16:50.537,Umaid Loan,Meezan Bank,,Umaid sent for his Spring Apartment,800000,Transfer-Out,,800000.0,PKR,False,True,False,True,False,False
2025-12-29 18:24:42.426,Faysal Noor World,Technology,Purchases,Google One subscription,419,Expense,100Gb,419.0,PKR,False,False,False,False,False,False
2025-12-29 23:06:06.987,Faysal Noor World,Alishba Loans,,Alishba Ticketwala,6335,Transfer-Out,,6335.0,PKR,False,False,False,False,False,False
2025-12-29 23:25:31.445,Faysal Noor World,Technology,Purchases,WD-40 Lubricant Purchase from daraz,1539,Expense,For trying to fix logitech mouse,1539.0,PKR,False,False,False,False,False,False
2025-12-30 09:56:14.659,Faysal Noor World,Transportation,Car,Yaris fuel ⛽,3500,Expense,Pso hi,3500.0,PKR,False,False,False,False,False,False
2025-12-30 12:33:32.725,Office Loans,Meezan Bank,,Idk where this came from,28929,Transfer-Out,"Says Cheque transfer from GHALIB MARKET BR LHR
Maybe it's Beyond ONE reimbursement for team lunch etc.? ",28929.0,PKR,False,False,False,False,True,False
2025-12-30 13:52:22.352,Meezan Bank,Split,,Extraction coffee with Bhatti and Wasiq,735,Transfer-Out,Equal,735.0,PKR,False,False,False,False,False,False
2025-12-30 13:52:22.352,Split,Food,Unnecessary,Extraction my part,245,Expense,Equal,245.0,PKR,False,False,False,False,False,False
2025-12-30 13:52:22.352,Split,Ahmad Bhatti Loans,,Extraction Bhatti's part,245,Transfer-Out,Equal,245.0,PKR,False,False,False,False,False,False
2025-12-30 13:52:22.352,Split,Wasiq Loan,,Extraction Wasiq's part,245,Transfer-Out,Equal,245.0,PKR,False,False,False,False,False,False
2025-12-30 14:31:32.120,Faysal Noor World,Food,Unnecessary,FP Alishba Breakfast,936,Expense,,936.0,PKR,False,False,False,False,False,False
2025-12-30 16:24:04.240,Meezan Bank,Umaid Loan,,Sent to Spring for Umaid,800000,Transfer-Out,,800000.0,PKR,False,True,False,True,False,False
2025-12-30 16:30:29.614,Meezan Bank,Miscellaneous,,Petty cash,1000,Expense,,1000.0,PKR,False,False,False,False,True,False
2025-12-30 19:48:41.621,Faysal Noor World,Split,,Epets order,5990,Transfer-Out,"2400 Bhatti bonnie, 2500 bonnie kitten for strays, 1000 bonnie adult for strays",5990.0,PKR,False,False,False,False,False,False
2025-12-30 19:48:41.621,Split,Ahmad Bhatti Loans,,Epets order Bhatti's part,2400,Transfer-Out,"2400 Bhatti bonnie, 2500 bonnie kitten for strays, 1000 bonnie adult for strays",2400.0,PKR,False,False,False,False,False,False
2025-12-30 19:48:41.621,Split,Donation,,Epets order my part (for strays),3590,Expense,"2400 Bhatti bonnie, 2500 bonnie kitten for strays, 1000 bonnie adult for strays",3590.0,PKR,False,False,False,False,False,False
2025-12-30 22:57:14.481,Meezan Bank,HBL,,To HBL for tech payments,5000,Transfer-Out,,5000.0,PKR,False,False,False,False,False,False
2025-12-30 22:57:14.482,Meezan Bank,Bank Charges,,Fees,5,Expense,,5.0,PKR,False,False,False,False,False,False
2025-12-30 22:59:19.452,Faysal Noor World,Food,Unnecessary,FP Alishba Coffee,1504,Expense,,1504.0,PKR,False,False,False,False,False,False
2025-12-30 23:08:15.806,HBL,Technology,Purchases,Spotify Duo,449,Expense,,449.0,PKR,False,False,False,False,False,False
2025-12-30 23:21:46.977,HBL,Technology,Purchases,Netflix,1103,Expense,,1103.0,PKR,False,False,False,False,False,False
2025-12-31 01:40:08.826,Meezan Bank,Household,General,"Bread, milk, biscuits",255,Expense,,255.0,PKR,False,False,False,False,False,False
2025-12-31 01:42:09.100,Meezan Bank,Household,General,Eggs,165,Expense,,165.0,PKR,False,False,False,False,False,False
2025-12-31 13:01:38.143,Faysal Noor World,Meezan Bank,,For Mama Abujan pocket moneys,40000,Transfer-Out,,40000.0,PKR,False,False,False,False,False,False
2025-12-31 13:02:44.882,Meezan Bank,Split,,Mama pocket money partial (30k) and Abujan 2025 hisaab clear,69000,Transfer-Out,Sent to Aliyan,69000.0,PKR,False,False,False,False,True,False
2025-12-31 13:03:55.509,Split,Abujan Loans,,Abujan 2025 Hisaab Clear,38600,Transfer-Out,,38600.0,PKR,False,False,False,False,True,False
2025-12-31 13:05:12.596,Split,Family,Pocket Money,Mama Pocket Money Jan 2026 Partial,30400,Expense,Total 50k ,30400.0,PKR,False,False,False,False,False,False
2025-12-31 13:06:20.432,Abujan Loans,Miscellaneous,,Hisaab clear 0/0,67,Expense,,67.0,PKR,False,False,False,False,True,False
2025-12-31 13:49:40.437,Al Meezan Mutual Funds,Meezan Bank,,For MCB Savings Account Initial Deposit,50000,Transfer-Out,,50000.0,PKR,False,False,False,False,False,False
2025-12-31 13:49:40.438,Al Meezan Mutual Funds,Bank Charges,,Fees,70,Expense,,70.0,PKR,False,False,False,False,False,False
2025-12-31 18:39:40.716,Faysal Noor World,Food,Unnecessary,FP New Year's Eve,1872,Expense,,1872.0,PKR,False,False,False,False,False,False
2025-12-31 22:23:46.803,Meezan Bank,Household,General,C&B water and patties,721,Expense,,721.0,PKR,False,False,False,False,False,False
2025-12-31 22:31:28.847,Faysal Noor World,Household,General,Jalal Sons Groceries,1043,Expense,,1043.0,PKR,False,False,False,False,False,False
2025-12-31 22:34:13.290,Faysal Noor World,Transportation,Car,Yaris fuel ⛽,4000,Expense,Pso hi,4000.0,PKR,False,False,False,False,False,False
2025-12-31 23:54:54.148,Faysal Noor World,Food,Unnecessary,FP New Year's Eve Dinner,5774,Expense,,5774.0,PKR,False,False,False,False,False,False
2026-01-01 12:23:19.140,JazzCash,Technology,Bills,Jazz family we5 package,2699,Expense,,2699.0,PKR,False,False,False,False,False,False
2026-01-01 13:45:07.042,Meezan Bank,Salary,,FleetGlue Salary #4 02 Jan 2025,693619,Income,,693619.0,PKR,False,False,False,False,False,False
2026-01-01 15:50:05.067,Meezan Bank,HBL,,For bistro,10000,Transfer-Out,,10000.0,PKR,False,False,False,False,False,False
2026-01-01 15:50:05.068,Meezan Bank,Bank Charges,,Fees,10,Expense,,10.0,PKR,False,False,False,False,False,False
2026-01-01 15:50:18.414,HBL,Split,,Bistro 201 with Bhatti & Maryam,8563,Transfer-Out,Unequal,8563.0,PKR,False,False,False,False,False,False
2026-01-01 15:51:18.414,Split,Ahmad Bhatti Loans,,Bistro 201 Bhatti's 1/4 part,2141,Transfer-Out,Unequal,2141.0,PKR,False,False,False,False,False,False
2026-01-01 15:51:18.414,Split,Office Loans,,Bistro 201 Maryam's 1/4 part,2141,Transfer-Out,Unequal,2141.0,PKR,False,False,False,False,False,False
2026-01-01 15:51:18.414,Split,Food,Unnecessary,Bistro 201 my 1/4 part,2141,Expense,Unequal,2141.0,PKR,False,False,False,False,False,False
2026-01-01 15:51:18.414,Split,Food,Unnecessary,Bistro 201 1/4 I took home for Alishba,2141,Expense,Unequal,2141.0,PKR,False,False,False,False,False,False
2026-01-01 16:05:56.482,Faysal Noor World,Split,,Extraction with Bhatti,735,Transfer-Out,Half,735.0,PKR,False,False,False,False,False,False
2026-01-01 16:05:56.482,Split,Ahmad Bhatti Loans,,Extraction Bhatti's part,368,Transfer-Out,Half,368.0,PKR,False,False,False,False,False,False
2026-01-01 16:05:56.482,Split,Food,Unnecessary,Extraction my part,368,Expense,Half,368.0,PKR,False,False,False,False,False,False
2026-01-01 19:43:33.540,Meezan Bank,Social Life,Friend,Hardees with Danish,3850,Expense,,3850.0,PKR,False,False,False,False,False,False
2026-01-01 20:29:29.662,Faysal Noor World,Family,Health/Medicine,Alishba Chughtai test,6150,Expense,,6150.0,PKR,False,False,False,False,False,False
2026-01-01 20:30:07.842,Faysal Noor World,Social Life,Friend,Cardamom for Danish,250,Expense,,250.0,PKR,False,False,False,False,False,False
2026-01-01 23:27:08.763,Meezan Bank,Faysal Noor World,,Faysal Noor Credit Card Advance Bill Payment,190822,Transfer-Out,,190822.0,PKR,False,False,False,False,False,False
2026-01-02 01:01:21.298,Faysal Noor World,Food,Unnecessary,FP Doughnuts,1556,Expense,,1556.0,PKR,False,False,False,False,False,False
2026-01-02 01:07:27.054,JazzCash,Technology,Bills,Jazz load,150,Expense,,150.0,PKR,False,False,False,False,False,False
2026-01-02 04:57:20.671,Meezan Bank,Wasiq Loan,,For Danish visa fee,150000,Transfer-Out,,150000.0,PKR,False,False,False,False,False,False
2026-01-02 12:27:55.301,Ahmad Bhatti Loans,Food,Unnecessary,Extraction my part,250,Expense,,250.0,PKR,False,False,False,False,False,False
2026-01-02 15:05:51.150,Faysal Noor World,Food,Unnecessary,FP Alishba Breakfast and my coffee,3488,Expense,,3488.0,PKR,False,False,False,False,False,False
2026-01-02 15:51:23.466,HBL,Technology,Bills,Google AI Plus (200Gb),700,Expense,,700.0,PKR,False,False,False,False,False,False
2026-01-02 17:59:52.424,Faysal Noor World,Split,,"FP (50% snacks, rest household)",776,Transfer-Out,,776.0,PKR,False,False,False,False,False,False
2026-01-02 17:59:52.424,Split,Household,General,FP household,388,Expense,,388.0,PKR,False,False,False,False,False,False
2026-01-02 17:59:52.424,Split,Food,Unnecessary,FP snacks,388,Expense,,388.0,PKR,False,False,False,False,False,False
2026-01-03 01:05:21.962,Meezan Bank,Food,Unnecessary,Cafè Bedaar dinner with Alishba,3879,Expense,Younus Enterprises,3879.0,PKR,False,False,False,False,False,False
2026-01-03 01:06:20.604,Faysal Noor World,Loans,,Faysal Wrong Charge at Bedaar,3880,Transfer-Out,,3880.0,PKR,False,False,False,False,False,False
2026-01-03 01:21:54.812,Faysal Noor World,Food,Unnecessary,Soft Swirl,378,Expense,,378.0,PKR,False,False,False,False,False,False
2026-01-03 01:52:23.764,Loans,Faysal Noor World,,Bedaar wrong charge auto refunded,3880,Transfer-Out,,3880.0,PKR,False,False,False,False,False,False
2026-01-03 02:07:31.585,Meezan Bank,Household,Bills,SNGPL Bahria,1000,Expense,,1000.0,PKR,False,False,False,False,False,False
2026-01-03 02:08:41.531,Meezan Bank,Abujan Loans,,Sahowari LESCO Bill #1,5369,Transfer-Out,,5369.0,PKR,False,False,False,False,False,False
2026-01-03 02:08:57.661,Meezan Bank,Abujan Loans,,Sahowari LESCO Bill #2,4409,Transfer-Out,,4409.0,PKR,False,False,False,False,False,False
2026-01-03 02:09:09.304,Meezan Bank,Abujan Loans,,Sahowari LESCO Bill #3,89,Transfer-Out,,89.0,PKR,False,False,False,False,False,False
2026-01-03 12:02:18.002,Alishba Loans,Transportation,Car,Yaris fuel ⛽,6000,Expense,"Shell hi-octane. From Mughalpura pump. Paid using Mama's cash, Mama owed 11k to Alishba, Mama said consider this 6k as part of that. So now I need to give this to Alishba. ",6000.0,PKR,False,False,False,False,False,False
2026-01-03 22:53:38.841,Faysal Noor World,Food,Unnecessary,FP Hardees Dinner,3710,Expense,,3710.0,PKR,False,False,False,False,False,False
2026-01-04 01:23:34.246,Faysal Noor World,Transportation,Car,Yaris fuel ⛽,4924,Expense,Aramco hi,4924.0,PKR,False,False,False,False,False,False
2026-01-04 01:54:07.842,Meezan Bank,Split,,"7k kaamwali, 1k petty",8000,Transfer-Out,,8000.0,PKR,False,False,False,False,False,False
2026-01-04 01:54:07.842,Split,Miscellaneous,,Petty cash,1000,Expense,,1000.0,PKR,False,False,False,False,True,False
2026-01-04 01:54:07.842,Split,Household,Bills,Kaamwali salary,7000,Expense,,7000.0,PKR,False,False,False,False,False,False
2026-01-04 02:22:45.073,Faysal Noor World,Health,Supplements,Triple strength Omega-3 fish oil,13900,Expense,,13900.0,PKR,False,False,False,False,False,False
2026-01-04 16:28:07.362,Faysal Noor World,Family,Gift,Layers cake for Aliyan rishta meeting,2101,Expense,,2101.0,PKR,False,False,False,False,False,False
2026-01-04 16:28:31.323,JazzCash,Family,Gift,Aliyan rishta biscuits from Kebabjees,1416,Expense,,1416.0,PKR,False,False,False,False,False,False
2026-01-04 19:39:21.075,Faysal Noor World,Food,Unnecessary,Extraction alone,735,Expense,,735.0,PKR,False,False,False,False,False,False
2026-01-04 20:03:17.102,Meezan Bank,Faysal Noor World,,Faysal Noor Credit Card Advance Bill Payment,73245,Transfer-Out,,73245.0,PKR,False,False,False,False,False,False
2026-01-04 20:03:29.202,Meezan Bank,Miscellaneous,,Hisaab,7401,Expense,,7401.0,PKR,False,False,False,False,True,False
2026-01-04 20:09:06.482,Meezan Bank,Tabish Loan,,Tabish qarz e hasana,16000,Transfer-Out,He asked for it while he was shopping at Dolmen,16000.0,PKR,False,False,False,False,False,False
2026-01-05 15:22:01.316,Faysal Noor World,Food,Unnecessary,FP Alishba Nashta,956,Expense,,956.0,PKR,False,False,False,False,False,False
2026-01-06 00:17:15.919,Faysal Noor World,Food,Unnecessary,FP Dinner DD,2427,Expense,,2427.0,PKR,False,False,False,False,False,False
2026-01-06 10:23:08.121,Split,Wasiq Loan,,Goga Wasiq's part,333,Transfer-Out,Equal,333.0,PKR,False,False,False,False,False,False
2026-01-06 10:23:08.121,Split,Food,Necessary,Goga my part,333,Expense,Equal,333.0,PKR,False,False,False,False,False,False
2026-01-06 10:23:08.121,Split,Ahmad Bhatti Loans,,Goga Bhatti's part,333,Transfer-Out,Equal,333.0,PKR,False,False,False,False,False,False
2026-01-06 10:23:08.121,Cash,Split,,Lunch from Goga with Wasiq & Bhatti,1000,Transfer-Out,Equal,1000.0,PKR,False,False,False,False,False,False
2026-01-06 12:19:19.860,Meezan Bank,Transportation,Insurance,Yaris insurance,135100,Expense,Depreciation clause removed. Without this removal it would cost 66k. ,135100.0,PKR,False,False,False,False,False,False
2026-01-06 14:43:37.453,Split,Ahmad Bhatti Loans,,Extraction Bhatti's part,245,Transfer-Out,Equal,245.0,PKR,False,False,False,False,False,False
2026-01-06 14:43:37.453,Split,Food,Unnecessary,Extraction my part,245,Expense,Equal,245.0,PKR,False,False,False,False,False,False
2026-01-06 14:43:37.453,Faysal Noor World,Split,,Extraction with Bhatti and Wasiq,735,Transfer-Out,Equal,735.0,PKR,False,False,False,False,False,False
2026-01-06 14:43:37.453,Split,Wasiq Loan,,Extraction Wasiq's part,245,Transfer-Out,Equal,245.0,PKR,False,False,False,False,False,False
2026-01-06 18:22:43.271,Loans,Meezan Bank,,Zaeem temporary holding,2900000,Transfer-Out,,2900000.0,PKR,True,False,False,True,False,False
2026-01-07 08:50:36.509,Loans,Meezan Bank,,Zaeem temporary holding,3000000,Transfer-Out,This makes it 59 lacs,3000000.0,PKR,True,False,False,True,False,False
2026-01-07 08:54:39.779,Meezan Bank,Technology,Purchases,To Abdullah Shahzad for Macbook Pro M3 Pro Purchase,50000,Expense,Abdullah son of Saima Shahzad. Total 410k. Remaining 360k.,50000.0,PKR,False,False,False,False,False,False
2026-01-07 10:23:52.968,Meezan Bank,Cash,,Petty,1000,Transfer-Out,,1000.0,PKR,False,False,False,False,False,False
2026-01-07 12:21:56.913,Meezan Bank,Split,,To Nadeem Maali for Bills,17300,Transfer-Out,"12700 electricity, 4100 maintenance, 500 maali tip",17300.0,PKR,False,False,False,False,False,False
2026-01-07 12:21:56.913,Meezan Bank,Loans,,Accidentally sent duplicate To Nadeem Maali for Bills,17300,Transfer-Out,,17300.0,PKR,False,False,False,False,False,False
2026-01-07 12:21:56.913,Split,Household,Bills,Bahria Electricity Bill Dec 2025,12700,Expense,"12700 electricity, 4100 maintenance, 500 maali tip",12700.0,PKR,False,False,False,False,False,False
2026-01-07 12:21:56.913,Split,Household,Bills,Bahria Maintenance Bill Dec 2025,4100,Expense,"12700 electricity, 4100 maintenance, 500 maali tip",4100.0,PKR,False,False,False,False,False,False
2026-01-07 12:21:56.913,Split,Donation,,Maali tip,500,Expense,"12700 electricity, 4100 maintenance, 500 maali tip",500.0,PKR,False,False,False,False,False,False
2026-01-07 12:21:56.914,Meezan Bank,Bank Charges,,Fees,17,Expense,,17.0,PKR,False,False,False,False,False,False
2026-01-07 12:21:56.914,Meezan Bank,Bank Charges,,Fees,200,Expense,,200.0,PKR,False,False,False,False,False,False
2026-01-07 13:50:28.594,Split,Food,Unnecessary,Hardees my part,1490,Expense,"Low carb angus for me only small drink (1490) me
Grilled Chicken Wrap medium meal curly fries (Maryam)
Rest Ahmad (swiss mushroom non angus plain fries medium meal)",1490.0,PKR,False,False,False,False,False,False
2026-01-07 13:50:28.594,Split,Ahmad Bhatti Loans,,Hardees Bhatti's part,1780,Transfer-Out,"Low carb angus for me only small drink (1490) me
Grilled Chicken Wrap medium meal curly fries (Maryam)
Rest Ahmad (swiss mushroom non angus plain fries medium meal)",1780.0,PKR,False,False,False,False,False,False
2026-01-07 13:50:28.594,Faysal Noor World,Split,,Hardees with Ahmad and Maryam,4849,Transfer-Out,"Low carb angus for me only small drink (1490) me
Grilled Chicken Wrap medium meal curly fries (Maryam)
Rest Ahmad (swiss mushroom non angus plain fries medium meal)",4849.0,PKR,False,False,False,False,False,False
2026-01-07 13:50:28.594,Split,Office Loans,,Hardees Maryam's part,1579,Transfer-Out,"Low carb angus for me only small drink (1490) me
Grilled Chicken Wrap medium meal curly fries (Maryam)
Rest Ahmad (swiss mushroom non angus plain fries medium meal)",1579.0,PKR,False,False,False,False,False,False
2026-01-07 14:34:47.617,Split,Ahmad Bhatti Loans,,Extraction Bhatti's part,245,Transfer-Out,Equal,245.0,PKR,False,False,False,False,False,False
2026-01-07 14:34:47.617,Split,Office Loans,,Extraction Maryam's part,245,Transfer-Out,Equal,245.0,PKR,False,False,False,False,False,False
2026-01-07 14:34:47.617,Split,Food,Unnecessary,Extraction my part,245,Expense,Equal,245.0,PKR,False,False,False,False,False,False
2026-01-07 14:34:47.617,Faysal Noor World,Split,,Extraction with Bhatti and Maryam,735,Transfer-Out,Equal,735.0,PKR,False,False,False,False,False,False
2026-01-07 16:36:09.475,Faysal Noor World,Health,Supplements,Nutrifactor Supplements,9650,Expense,Ibft,9650.0,PKR,False,False,False,False,False,False
2026-01-07 18:24:20.716,Faysal Noor World,Family,Gift,Alishba Yum Chinese Dolmen with Hira,7194,Expense,,7194.0,PKR,False,False,False,False,False,False
2026-01-07 18:43:01.306,Faysal Noor World,Food,Unnecessary,FP Soup for me,754,Expense,,754.0,PKR,False,False,False,False,False,False
2026-01-07 19:25:26.485,Loans,Meezan Bank,,Returned JC Buckman RejuvenateUS price lock advance dolmen mall,4750,Transfer-Out,"I think, not sure",4750.0,PKR,False,False,False,False,False,False
2026-01-07 20:46:03.426,Faysal Noor World,Food,Unnecessary,FP Halwa and Rasmalai,1497,Expense,,1497.0,PKR,False,False,False,False,False,False
2026-01-08 14:01:44.274,Split,Office Loans,,Solli's Maryam's part,1113,Transfer-Out,"Divide by 4, 2 for me and Alishba. ",1113.0,PKR,False,False,False,False,False,False
2026-01-08 14:01:44.274,JazzCash,Split,,Solli's Ahmad and Maryam,4452,Transfer-Out,"Divide by 4, 2 for me and Alishba. ",4452.0,PKR,False,False,False,False,False,False
2026-01-08 14:01:44.274,Split,Food,Unnecessary,Solli's my part,2226,Expense,"Divide by 4, 2 for me and Alishba. ",2226.0,PKR,False,False,False,False,False,False
2026-01-08 14:01:44.274,Split,Ahmad Bhatti Loans,,Solli's Bhatti's part,1113,Transfer-Out,"Divide by 4, 2 for me and Alishba. ",1113.0,PKR,False,False,False,False,False,False
2026-01-08 14:20:26.176,Split,Ahmad Bhatti Loans,,Extraction Bhatti's part,368,Transfer-Out,,368.0,PKR,False,False,False,False,False,False
2026-01-08 14:20:26.176,Faysal Noor World,Split,,Extraction with Bhatti,735,Transfer-Out,,735.0,PKR,False,False,False,False,False,False
2026-01-08 14:20:26.176,Split,Food,Unnecessary,Extraction my part,368,Expense,,368.0,PKR,False,False,False,False,False,False
2026-01-08 16:42:48.108,Faysal Noor World,Beauty,,"Shelby's hairwash, cutting, beard",4200,Expense,,4200.0,PKR,False,False,False,False,False,False
2026-01-08 17:42:27.879,Faysal Noor World,Food,Unnecessary,FP Chaye Khana Qeema Paratha Bahria,2040,Expense,,2040.0,PKR,False,False,False,False,False,False
2026-01-08 18:30:09.845,Meezan Bank,Loans,,Zaeem partial temporary holding returned,1450000,Transfer-Out,Total 59 lacs,1450000.0,PKR,True,False,False,True,False,False
2026-01-08 18:30:09.846,Meezan Bank,Bank Charges,,Fees,200,Expense,,200.0,PKR,False,False,False,False,False,False
2026-01-08 18:31:44.970,Faysal Noor World,Food,Unnecessary,FP Soft Swirl Dessert for me,756,Expense,,756.0,PKR,False,False,False,False,False,False
2026-01-08 22:41:57.377,Faysal Noor World,Family,Gift,Advance to @wonderwoolpk for Crochet Gift for Alishba,500,Expense,Duck with knife ,500.0,PKR,False,False,False,False,False,False
2026-01-08 23:57:11.550,Faysal Noor World,Food,Unnecessary,FP Pizza,1622,Expense,,1622.0,PKR,False,False,False,False,False,False
2026-01-09 12:01:37.654,Meezan Bank,Loans,,Zaeem partial temporary holding returned,1400000,Transfer-Out,,1400000.0,PKR,True,False,False,True,False,False
2026-01-09 12:01:37.655,Meezan Bank,Bank Charges,,Fees,200,Expense,,200.0,PKR,False,False,False,False,False,False
2026-01-09 12:18:38.233,Faysal Noor World,Family,Gift,Alishba parcel from Maylara Beauty,6600,Expense,,6600.0,PKR,False,False,False,False,False,False
2026-01-09 12:22:54.146,Meezan Bank,Abujan Loans,,To Shehzad Qadir for Abujan,15000,Transfer-Out,,15000.0,PKR,False,False,False,False,False,False
2026-01-09 12:22:54.147,Meezan Bank,Bank Charges,,Fees,15,Expense,,15.0,PKR,False,False,False,False,False,False
2026-01-09 12:33:04.000,Meezan Bank,Split,,Madina Mart Prema & Chips,540,Transfer-Out,Check prema price ,540.0,PKR,False,False,False,False,False,False
2026-01-09 12:33:04.000,Split,Household,General,Madina Mart Prema + fee,397,Expense,Check prema price ,397.0,PKR,False,False,False,False,False,False
2026-01-09 12:33:04.000,Split,Food,Unnecessary,Madina Mart Chips,143,Expense,Check prema price ,143.0,PKR,False,False,False,False,False,False
2026-01-09 12:33:04.001,Meezan Bank,Bank Charges,,Fees,17,Expense,,17.0,PKR,False,False,False,False,False,False
2026-01-09 13:00:14.422,Meezan Bank,Mama Loan,,Mama Sajda Zakat,5000,Transfer-Out,,5000.0,PKR,False,False,False,False,False,False
2026-01-09 13:00:14.423,Meezan Bank,Bank Charges,,Fees,5,Expense,,5.0,PKR,False,False,False,False,False,False
2026-01-09 14:37:27.058,Faysal Noor World,Family,Gift,FP Groceries for Aliyan Sasural Dawat,4931,Expense,,4931.0,PKR,False,False,False,False,False,False
2026-01-09 16:29:04.638,Office Loans,Meezan Bank,,Maryam Rashid returned,9466,Transfer-Out,,9466.0,PKR,False,False,False,False,False,False
2026-01-09 17:43:53.320,Meezan Bank,Family,General,To Amjad for lights installation for Aliyan,1100,Expense,,1100.0,PKR,False,False,False,False,False,False
2026-01-09 18:06:27.447,Meezan Bank,Abujan Loans,,Abujan asked me to send to M. Wasif,5000,Transfer-Out,,5000.0,PKR,False,False,False,False,False,False
2026-01-10 02:26:45.333,Faysal Noor World,Transportation,Car,Yaris fuel ⛽,7395,Expense,,7395.0,PKR,False,False,False,False,False,False
2026-01-10 11:41:31.703,Faysal Noor World,Faysal Noor Installments,,Yokohama Tyre Installment 2/3,34000,Transfer-Out,,34000.0,PKR,False,False,False,False,False,False
2026-01-10 11:46:02.888,Faysal Noor World,Installments,,OnePlus 13 Installment #4 of 12,19921,Transfer-Out,,19921.0,PKR,False,False,False,False,False,False
2026-01-10 15:39:28.633,Meezan Bank,Family,Health/Medicine,Mama Recumbent Bike mover rickshaw,6000,Expense,Irshad,6000.0,PKR,False,False,False,False,False,False
2026-01-10 20:08:20.904,Meezan Bank,Split,,Bahria ATM Cash,10000,Transfer-Out,"5k gift for Yasir kids birthday, 1k car petty , the rest is family gift for Aliyan rishta dawat",10000.0,PKR,False,False,False,False,False,False
2026-01-10 20:08:20.904,Split,Family,Gift,Yasir kids birthday gift cash,5000,Expense,"5k gift for Yasir kids birthday, 1k car petty , the rest is family gift for Aliyan rishta dawat",5000.0,PKR,False,False,False,False,False,False
2026-01-10 20:08:20.904,Split,Miscellaneous,,Car petty cash,1000,Expense,"5k gift for Yasir kids birthday, 1k car petty , the rest is family gift for Aliyan rishta dawat",1000.0,PKR,False,False,False,False,True,False
2026-01-10 20:08:20.904,Split,Family,Gift,Aliyan Rishta Dawat in Bahria stuff,4000,Expense,"5k gift for Yasir kids birthday, 1k car petty , the rest is family gift for Aliyan rishta dawat",4000.0,PKR,False,False,False,False,False,False
2026-01-10 20:41:04.688,Meezan Bank,Loans,,Zaeem partial temporary holding returned,1480000,Transfer-Out,,1480000.0,PKR,True,False,False,True,False,False
2026-01-10 20:41:04.689,Meezan Bank,Bank Charges,,Fees,200,Expense,,200.0,PKR,False,False,False,False,False,False
2026-01-10 23:26:20.810,Loans,Family,Health/Medicine,Mama Recumbent Bike,75000,Expense,,75000.0,PKR,False,False,False,False,False,False
2026-01-10 23:28:04.343,Mama Loan,Cash,,Mama Sajda Zakat,5000,Transfer-Out,Mama repaid in cash,5000.0,PKR,False,False,False,False,False,False
2026-01-10 23:29:06.843,Cash,Gift,,Umaid gave to me for Anniversary,5000,Income,5k also for Alishba that I haven't recorded,5000.0,PKR,False,False,False,False,False,False
2026-01-11 11:43:35.644,Faysal Noor World,Family,Gift,FP Aliyan rishta dawat,1002,Expense,,1002.0,PKR,False,False,False,False,False,False
2026-01-11 11:43:35.644,Faysal Noor World,Family,Gift,FP Aliyan rishta dawat,2909,Expense,,2909.0,PKR,False,False,False,False,False,False
2026-01-11 12:22:42.858,Faysal Noor World,Household,Unnecessary,Daraz.pk order,2355,Expense,"Emergency light, charcoal for bonfire ",2355.0,PKR,False,False,False,False,False,False
2026-01-11 12:37:42.782,Loans,JazzCash,,Returned duplicate transaction from Maali,17300,Transfer-Out,,17300.0,PKR,False,False,False,False,False,False
2026-01-12 02:56:57.685,Cash,Split,,DUMx delivery + rider tip,3800,Transfer-Out,3200 food (unnecessary),3800.0,PKR,False,False,False,False,False,False
2026-01-12 02:56:57.685,Split,Food,Unnecessary,DUMx delivery,3200,Expense,3200 food (unnecessary),3200.0,PKR,False,False,False,False,False,False
2026-01-12 02:56:57.685,Split,Donation,,DUMx rider tip,600,Expense,3200 food (unnecessary),600.0,PKR,False,False,False,False,False,False
2026-01-12 13:22:17.989,Meezan Bank,Loans,,Zaeem partial temporary holding returned,1400000,Transfer-Out,170k left,1400000.0,PKR,True,False,False,True,False,False
2026-01-12 13:22:17.990,Meezan Bank,Bank Charges,,Fees,200,Expense,,200.0,PKR,False,False,False,False,False,False
2026-01-12 14:19:37.908,Faysal Noor World,Technology,Purchases,HP victus high wattage charger for gaming,8340,Expense,,8340.0,PKR,False,False,False,False,False,False
2026-01-12 14:52:48.355,Faysal Noor World,Family,Pet,Lily vet visit,1000,Expense,,1000.0,PKR,False,False,False,False,False,False
2026-01-12 14:53:00.857,Cash,Family,Health/Medicine,Alishba Medicine,140,Expense,,140.0,PKR,False,False,False,False,False,False
2026-01-12 17:42:09.771,Al Meezan Mutual Funds,Meezan Bank,,Withdrawn from Mutual Funds,60000,Transfer-Out,,60000.0,PKR,False,False,False,False,False,False
2026-01-12 17:42:09.772,Al Meezan Mutual Funds,Bank Charges,,Fees,75,Expense,,75.0,PKR,False,False,False,False,False,False
2026-01-12 17:43:15.010,Meezan Bank,Family,Pocket Money,Alishba Pocket Money Jan 2026 Extra,15000,Expense,She ran out of money. She didn't ask for more. ,15000.0,PKR,False,False,False,False,False,False
2026-01-12 18:51:54.106,Faysal Noor World,Household,General,FP Groceries,5771,Expense,,5771.0,PKR,False,False,False,False,False,False
2026-01-12 18:54:12.896,Faysal Noor World,Loans,,To Apex pets vet for stray kitten injured,3500,Transfer-Out,,3500.0,PKR,False,False,False,False,False,False
2026-01-12 22:43:56.945,JazzCash,Social Life,Friend,TLT Dolmen with Talha Wahid,10,Expense,,10.0,PKR,False,False,False,False,False,False
2026-01-12 22:43:56.945,JazzCash,Social Life,Friend,TLT Dolmen with Talha Wahid,9221,Expense,,9221.0,PKR,False,False,False,False,False,False
2026-01-13 13:50:37.517,Meezan Bank,Loans,,Zaeem partial temporary holding returned,170000,Transfer-Out,All 590k returned,170000.0,PKR,True,False,False,True,False,False
2026-01-13 13:50:37.518,Meezan Bank,Bank Charges,,Fees,170,Expense,,170.0,PKR,False,False,False,False,False,False
2026-01-13 14:43:06.377,Faysal Noor World,Split,,Extraction with Bhatti and Wasiq,1396,Transfer-Out,"Coffee split between me and Bhatti, croissant for me only",1396.0,PKR,False,False,False,False,False,False
2026-01-13 14:43:06.377,Split,Ahmad Bhatti Loans,,Extraction Bhatti's part,368,Transfer-Out,"Coffee split between me and Bhatti, croissant for me only",368.0,PKR,False,False,False,False,False,False
2026-01-13 14:43:06.377,Split,Food,Unnecessary,Extraction my part,1028,Expense,"Coffee split between me and Bhatti, croissant for me only",1028.0,PKR,False,False,False,False,False,False
2026-01-13 17:08:40.281,Faysal Noor World,Family,General,Alishba Google One subscription,750,Expense,,750.0,PKR,False,False,False,False,False,False
2026-01-14 12:26:04.413,Faysal Noor World,Food,Unnecessary,FP Alishba Breakfast,706,Expense,,706.0,PKR,False,False,False,False,False,False
2026-01-14 12:43:03.358,Umaid Loan,Meezan Bank,,Umaid sent for his Spring Apartment,500000,Transfer-Out,,500000.0,PKR,False,True,False,True,False,False
2026-01-14 12:47:48.757,Meezan Bank,Household,Bills,Bahria PTCL Bill,8190,Expense,,8190.0,PKR,False,False,False,False,False,False
2026-01-14 16:46:01.492,Faysal Noor World,Split,,Extraction with Bhatti,735,Transfer-Out,Equal,735.0,PKR,False,False,False,False,False,False
2026-01-14 16:46:01.492,Split,Ahmad Bhatti Loans,,Extraction Bhatti's part,368,Transfer-Out,Equal,368.0,PKR,False,False,False,False,False,False
2026-01-14 16:46:01.492,Split,Food,Unnecessary,Extraction my part,368,Expense,Equal,368.0,PKR,False,False,False,False,False,False
2026-01-14 20:27:20.640,Meezan Bank,Work,,Meeting room at The Cubicle for standup and 1:1,4125,Expense,,4125.0,PKR,False,False,False,False,False,False
2026-01-14 22:45:06.069,Faysal Noor World,Transportation,Car,Yaris fuel ⛽,5872,Expense,Aramco hi octane ,5872.0,PKR,False,False,False,False,False,False
2026-01-15 15:12:51.660,Split,Ahmad Bhatti Loans,,Tenerife Cafè Bhatti's part,3456,Transfer-Out,35 (me)-35 (bhatti) -30 (maryam),3456.0,PKR,False,False,False,False,False,False
2026-01-15 15:12:51.660,Split,Food,Unnecessary,Tenerife Cafè my part,3456,Expense,35 (me)-35 (bhatti) -30 (maryam),3456.0,PKR,False,False,False,False,False,False
2026-01-15 15:12:51.660,Split,Office Loans,,Tenerife Cafè Maryam's part,2963,Transfer-Out,35 (me)-35 (bhatti) -30 (maryam),2963.0,PKR,False,False,False,False,False,False
2026-01-15 15:12:51.660,Faysal Noor World,Split,,Tenerife Cafè with Bhatti and Maryam,9875,Transfer-Out,35 (me)-35 (bhatti) -30 (maryam),9875.0,PKR,False,False,False,False,False,False
2026-01-15 20:18:26.288,Abujan Loans,Meezan Bank,,Some Junaid sent me,10000,Transfer-Out,,10000.0,PKR,False,False,False,False,False,False
2026-01-15 20:35:29.717,Faysal Noor World,Family,Gift,Bundu Khan Bakery Sweets and Snacks for Alishba,1451,Expense,,1451.0,PKR,False,False,False,False,False,False
2026-01-16 00:17:07.292,Faysal Noor World,Technology,Bills,HBO Max Subscription,549,Expense,,549.0,PKR,False,False,False,False,False,False
2026-01-16 00:17:24.391,Faysal Noor World,Food,Unnecessary,FP JJ,1642,Expense,,1642.0,PKR,False,False,False,False,False,False
2026-01-16 11:25:24.554,Meezan Bank,Salary,,FleetGlue Salary #5 16 Jan 2025,740008,Income,$2687.39. $148 of that is reimbursement for workspace. ,740008.0,PKR,False,False,False,False,False,False
2026-01-16 11:39:53.039,Faysal Noor World,Household,Maintenance,Daraz.pk steel tape measure,1540,Expense,,1540.0,PKR,False,False,False,False,False,False
2026-01-16 11:56:38.143,Meezan Bank,Al Meezan Mutual Funds,,Mutual Funds Investment MCF,300000,Transfer-Out,,300000.0,PKR,False,False,False,False,False,False
2026-01-16 12:05:44.929,Meezan Bank,Family,Pocket Money,Alishba Pocket Money Jan 2026 Extra,60000,Expense,for her Teen Musafir Skiing tour + ooper ke expenses,60000.0,PKR,False,False,False,False,False,False
2026-01-16 12:48:35.367,Meezan Bank,Faysal Noor World,,Faysal Noor Credit Card Bill Payment,110709,Transfer-Out,,110709.0,PKR,False,False,False,False,False,False
2026-01-16 13:32:08.468,Meezan Bank,Loans,,Paid Hira for Mama Recumbent Bike,75000,Transfer-Out,,75000.0,PKR,False,False,False,False,False,False
2026-01-16 13:32:08.469,Meezan Bank,Bank Charges,,Fees,75,Expense,,75.0,PKR,False,False,False,False,False,False
2026-01-16 13:45:42.120,Faysal Noor World,Food,Unnecessary,FP Breakfast Bundu Khan,2706,Expense,,2706.0,PKR,False,False,False,False,False,False
2026-01-16 14:44:01.237,Meezan Bank,Tabish Loan,,Tabish qarz e hasana,40000,Transfer-Out,,40000.0,PKR,False,False,False,False,False,False
2026-01-16 14:53:04.890,Faysal Noor World,Household,General,Prema,380,Expense,,380.0,PKR,False,False,False,False,False,False
2026-01-16 15:33:51.815,Cash,Household,General,Fruits and vegetables,400,Expense,,400.0,PKR,False,False,False,False,False,False
2026-01-16 21:24:55.893,Faysal Noor World,Food,Unnecessary,For The Table dinner date with Alishba,5723,Expense,,5723.0,PKR,False,False,False,False,False,False
2026-01-16 21:25:16.704,Cash,Donation,,Waiter tip,500,Expense,,500.0,PKR,False,False,False,False,False,False
2026-01-16 22:10:55.861,Faysal Noor World,Food,Unnecessary,Rinas,1306,Expense,,1306.0,PKR,False,False,False,False,False,False
2026-01-17 00:38:33.006,Meezan Bank,Food,Unnecessary,Dominos craving,1338,Expense,,1338.0,PKR,False,False,False,False,False,False
2026-01-17 01:30:03.808,Meezan Bank,Wasiq Loan,,Wasiq partial loan return for Danish visa fee,100000,Transfer-Out,,100000.0,PKR,False,False,False,False,False,False
2026-01-17 17:06:38.410,Faysal Noor World,Loans,,To Apex pets vet for stray kitten injured,7500,Transfer-Out,,7500.0,PKR,False,False,False,False,False,False
2026-01-17 17:55:26.314,Meezan Bank,Spring Apartments,,Spring Jan 2026,404980,Transfer-Out,,404980.0,PKR,False,False,False,False,False,False
2026-01-17 17:55:26.315,Meezan Bank,Bank Charges,,Fees,200,Expense,,200.0,PKR,False,False,False,False,False,False
2026-01-17 20:17:35.082,Faysal Noor World,Family,Gift,Alishba Ethnic Dress from Emporium,15021,Expense,,15021.0,PKR,False,False,False,False,False,False
2026-01-17 20:17:47.973,Faysal Noor World,Family,Gift,Abujan 1st Step Shoes Emporium,8720,Expense,Anniversary gift,8720.0,PKR,False,False,False,False,False,False
2026-01-17 21:29:57.664,Faysal Noor World,Family,Gift,Al Khan dinner with family,16101,Expense,,16101.0,PKR,False,False,False,False,False,False
2026-01-17 23:25:13.004,Faysal Noor World,Office Loans,,Advance to The Cubicle coworking space,15000,Transfer-Out,"53100 security, 53100 first month payment",15000.0,PKR,False,False,False,False,False,False
2026-01-18 16:12:16.117,Split,Food,Unnecessary,Chaaaye Khana Bahria nashta with Alishba,4431,Expense,"500 rupees tip (using card machine), the rest is food",4431.0,PKR,False,False,False,False,False,False
2026-01-18 16:12:16.117,Split,Donation,,Tip,500,Expense,"500 rupees tip (using card machine), the rest is food",500.0,PKR,False,False,False,False,False,False
2026-01-18 16:12:16.117,Faysal Noor World,Split,,Chaaaye Khana Bahria nashta with Alishba,4931,Transfer-Out,"500 rupees tip (using card machine), the rest is food",4931.0,PKR,False,False,False,False,False,False
2026-01-18 16:18:21.506,Al Meezan Mutual Funds,Meezan Bank,,For Umaid Spring Jan payment,250000,Transfer-Out,,250000.0,PKR,False,False,False,False,False,False
2026-01-18 16:18:21.506,Al Meezan Mutual Funds,Meezan Bank,,For Umaid Spring Jan payment,60000,Transfer-Out,,60000.0,PKR,False,False,False,False,False,False
2026-01-18 16:18:21.507,Al Meezan Mutual Funds,Bank Charges,,Fees,100,Expense,,100.0,PKR,False,False,False,False,False,False
2026-01-18 16:18:21.507,Al Meezan Mutual Funds,Bank Charges,,Fees,75,Expense,,75.0,PKR,False,False,False,False,False,False
2026-01-18 16:19:58.024,Meezan Bank,Umaid Loan,,Umaid January 2026 Spring Payment,500000,Transfer-Out,,500000.0,PKR,False,True,False,True,False,False
2026-01-18 16:19:58.025,Meezan Bank,Bank Charges,,Fees,200,Expense,,200.0,PKR,False,False,False,False,False,False
2026-01-18 17:05:10.874,Faysal Noor World,Loans,,[REFUND] JJ Josera Kitten food and toy,8000,Transfer-Out,Petspark,8000.0,PKR,False,False,False,False,False,False
2026-01-18 17:22:44.937,Faysal Noor World,Loans,,[REFUNDED] Daraz.pk charcoal starter electric burner,4764,Transfer-Out,Found cheaper,4764.0,PKR,False,False,False,False,False,False
2026-01-18 17:22:44.937,Loans,Faysal Noor World,,[REFUNDED] Daraz.pk charcoal starter electric burner,4764,Transfer-Out,Found cheaper,4764.0,PKR,False,False,False,False,False,False
2026-01-18 17:30:30.514,Faysal Noor World,Household,Unnecessary,Daraz.pk charcoal starter electric burner,3629,Expense,,3629.0,PKR,False,False,False,False,False,False
2026-01-18 22:08:17.847,Faysal Noor World,Food,Unnecessary,FP Hardees Dinner,2721,Expense,,2721.0,PKR,False,False,False,False,False,False
2026-01-19 13:39:35.816,Meezan Bank,Split,,Extraction with Bhatti,1522,Transfer-Out,Half,1522.0,PKR,False,False,False,False,False,False
2026-01-19 13:39:35.816,Split,Food,Unnecessary,Extraction my part,761,Expense,Half,761.0,PKR,False,False,False,False,False,False
2026-01-19 13:39:35.816,Split,Ahmad Bhatti Loans,,Extraction Bhatti's part,761,Transfer-Out,Half,761.0,PKR,False,False,False,False,False,False
2026-01-19 13:41:03.395,Faysal Noor World,Food,Unnecessary,McDonald's lunch,1430,Expense,,1430.0,PKR,False,False,False,False,False,False
2026-01-19 13:41:13.692,Faysal Noor World,Food,Unnecessary,FP Alishba Nashta,986,Expense,,986.0,PKR,False,False,False,False,False,False
2026-01-19 14:59:21.208,Loans,Meezan Bank,,Returned from Apex Vets for stray cat lost,11000,Transfer-Out,,11000.0,PKR,False,False,False,False,False,False
2026-01-19 15:14:24.281,Faysal Noor World,Family,Pet,Epets order,7080,Expense,"Lily cat food, wet foods for both",7080.0,PKR,False,False,False,False,False,False
2026-01-19 19:38:12.729,EasyPaisa,Meezan Bank,,For Waseem Jewellers,10000,Transfer-Out,For Aun's engagement ring,10000.0,PKR,False,False,False,False,False,False
2026-01-19 19:38:12.730,EasyPaisa,Bank Charges,,Fees,2,Expense,,2.0,PKR,False,False,False,False,False,False
2026-01-19 19:56:14.830,Split,Miscellaneous,,Petty cash,1000,Expense,Aun engagement ring withdrawal,1000.0,PKR,False,False,False,False,True,False
2026-01-19 19:56:14.830,Split,Family,General,For Aun engagement ring,35000,Expense,1k petty,35000.0,PKR,False,False,False,False,False,False
2026-01-19 19:56:14.830,Meezan Bank,Split,,ATM Withdrawal for Aun engagement ring,36000,Transfer-Out,1k petty,36000.0,PKR,False,False,False,False,False,False
2026-01-20 12:59:26.300,Faysal Noor World,Miscellaneous,,Petty cash,500,Expense,,500.0,PKR,False,False,False,False,True,False
2026-01-20 13:52:43.206,Meezan Bank,Family,Gift,Alishba crochette duck gift,1051,Expense,,1051.0,PKR,False,False,False,False,False,False
2026-01-20 14:26:24.829,Faysal Noor World,Split,,CBTL,1538,Transfer-Out,,1538.0,PKR,False,False,False,False,False,False
2026-01-20 14:26:24.829,Split,Ahmad Bhatti Loans,,CBTL Bhatti's part,390,Transfer-Out,,390.0,PKR,False,False,False,False,False,False
2026-01-20 14:26:24.829,Split,Office Loans,,CBTL Maryam's part,390,Transfer-Out,,390.0,PKR,False,False,False,False,False,False
2026-01-20 14:26:24.829,Split,Food,Unnecessary,CBTL my part,758,Expense,,758.0,PKR,False,False,False,False,False,False
2026-01-20 20:16:02.339,Faysal Noor World,Food,Unnecessary,Al Khan Bakery Sweets,1208,Expense,,1208.0,PKR,False,False,False,False,False,False
2026-01-20 21:58:30.324,Ahmad Bhatti Loans,Meezan Bank,,Bhatti Loan Clear 0/0,56331,Transfer-Out,,56331.0,PKR,False,False,False,False,False,False
2026-01-20 21:58:49.699,Ahmad Bhatti Loans,Miscellaneous,,Hisaab clear,11653,Expense,,11653.0,PKR,False,False,False,False,True,False
2026-01-21 11:02:39.653,Meezan Bank,Family,Pet,JJ food epets,5040,Expense,,5040.0,PKR,False,False,False,False,False,False
2026-01-21 14:10:57.722,Wasiq Loan,Food,Necessary,Golden Restaurant Lunch,1056,Expense,,1056.0,PKR,False,False,False,False,False,False
2026-01-21 14:24:48.859,Split,Food,Unnecessary,Extraction my part,368,Expense,Half,368.0,PKR,False,False,False,False,False,False
2026-01-21 14:24:48.859,Split,Ahmad Bhatti Loans,,Extraction Bhatti's part,368,Transfer-Out,Half,368.0,PKR,False,False,False,False,False,False
2026-01-21 14:24:48.859,Faysal Noor World,Split,,Extraction with Bhatti,735,Transfer-Out,Half,735.0,PKR,False,False,False,False,False,False
2026-01-21 20:20:54.630,Faysal Noor World,Transportation,Car,Yaris fuel ⛽,8471,Expense,Aramco hi,8471.0,PKR,False,False,False,False,False,False
2026-01-21 21:03:51.854,Faysal Noor World,Food,Unnecessary,Jalal sons opa fries,617,Expense,,617.0,PKR,False,False,False,False,False,False
2026-01-21 21:04:08.317,Faysal Noor World,Household,Water,C&B water,241,Expense,,241.0,PKR,False,False,False,False,False,False
2026-01-22 00:00:36.038,Faysal Noor World,Food,Unnecessary,FP JJ Dinner and Bhatti,2212,Expense,,2212.0,PKR,False,False,False,False,False,False
2026-01-22 12:17:32.448,Meezan Bank,Family,Gift,Alishba parcel,2000,Expense,,2000.0,PKR,False,False,False,False,False,False
2026-01-22 15:05:56.564,Meezan Bank,Miscellaneous,,Petty cash,500,Expense,,500.0,PKR,False,False,False,False,True,False
2026-01-22 15:06:06.815,Faysal Noor World,Social Life,Friend,IHOP with Tabish,5094,Expense,,5094.0,PKR,False,False,False,False,False,False
2026-01-22 15:06:21.576,Split,Ahmad Bhatti Loans,,Hardees Bhatti's part,1385,Transfer-Out,Equal split,1385.0,PKR,False,False,False,False,False,False
2026-01-22 15:06:21.576,Split,Food,Unnecessary,Hardees my part,1385,Expense,Equal split,1385.0,PKR,False,False,False,False,False,False
2026-01-22 15:06:21.576,Faysal Noor World,Split,,Hardees with Bhatti,2770,Transfer-Out,Equal split,2770.0,PKR,False,False,False,False,False,False
2026-01-22 15:06:41.526,Faysal Noor World,Food,Unnecessary,Extraction with Bhatti,787,Expense,Equal split,787.0,PKR,False,False,False,False,False,False
2026-01-22 16:42:12.860,Faysal Noor World,Technology,Purchases,Ugreen cables,7000,Expense,"Type c to type c short for desk, 3.5mm to type c adaptor",7000.0,PKR,False,False,False,False,False,False
2026-01-22 17:50:19.378,Faysal Noor World,Abujan Loans,,Alishba ECS Purchase,9200,Transfer-Out,"Alishba owed me for ecs, Abujan owed her for shadi shopping. So consider deducted from Abujan's pocket money. ",9200.0,PKR,False,False,False,False,False,False
2026-01-23 14:05:39.049,Meezan Bank,Donation,,Stray cat food Sahowari,2950,Expense,,2950.0,PKR,False,False,False,False,False,False
2026-01-23 14:06:02.364,Faysal Noor World,Alishba Loans,,FB Ads Alishba,424,Transfer-Out,,424.0,PKR,False,False,False,False,False,False
2026-01-23 14:07:22.355,Meezan Bank,Family,Pocket Money,Alishba Pocket Money Jan 2026 Extra,15000,Expense,,15000.0,PKR,False,False,False,False,False,False
2026-01-23 15:09:30.983,Faysal Noor World,Family,Gift,Alishba Cosa Nostra with Zarmeen,5918,Expense,,5918.0,PKR,False,False,False,False,False,False
2026-01-23 16:23:30.530,Faysal Noor World,Food,Unnecessary,Extraction with Bhatti,735,Expense,Equal,735.0,PKR,False,False,False,False,False,False
2026-01-23 18:57:44.341,Faysal Noor World,Food,Unnecessary,Alishba Coffee with Zarmeen,3360,Expense,,3360.0,PKR,False,False,False,False,False,False
2026-01-24 13:35:10.522,Faysal Noor World,Culture,Books,Kobo Firefly in the Dark book,1679,Expense,$5.99,1679.0,PKR,False,False,False,False,False,False
2026-01-24 14:07:33.458,Faysal Noor World,Household,General,Dawn parathas,250,Expense,,250.0,PKR,False,False,False,False,False,False
2026-01-24 15:29:30.471,Faysal Noor World,Food,Unnecessary,FP Croissant 🥐,792,Expense,,792.0,PKR,False,False,False,False,False,False
2026-01-24 16:57:08.733,Faysal Noor World,Family,Gift,Bundu Khan Sweets for Aliyan Rishta,4145,Expense,,4145.0,PKR,False,False,False,False,False,False
2026-01-24 17:02:20.581,Meezan Bank,Split,,Bahria ATM Cash,11000,Transfer-Out,"10k Aliyan rishta meetup salami pre ramazan, 1k petty",11000.0,PKR,False,False,False,False,False,False
2026-01-24 17:02:20.581,Split,Family,Gift,Aliyan rishta meetup salami,10000,Expense,"10k Aliyan rishta meetup salami pre ramazan, 1k petty",10000.0,PKR,False,False,False,False,False,False
2026-01-24 17:02:20.581,Split,Miscellaneous,,Petty cash,1000,Expense,"10k Aliyan rishta meetup salami pre ramazan, 1k petty",1000.0,PKR,False,False,False,False,True,False
2026-01-24 20:46:33.972,Abujan Loans,Family,Pocket Money,Abujan Pocket Money Jan 2026,80000,Expense,,80000.0,PKR,False,False,False,False,False,False
2026-01-25 00:58:25.276,Faysal Noor World,Food,Unnecessary,McDonald's drive thru with Bhatti,380,Expense,80% me,380.0,PKR,False,False,False,False,False,False
2026-01-25 01:41:15.550,Faysal Noor World,Transportation,Car,Yaris fuel ⛽,5960,Expense,Aramco hi,5960.0,PKR,False,False,False,False,False,False
2026-01-25 16:38:35.162,Ahmad Bhatti Loans,Food,Unnecessary,Chaaye Khana Bahria Nashta with Bhatti and Fahad,2637,Expense,My part,2637.0,PKR,False,False,False,False,False,False
2026-01-25 16:48:48.829,Faysal Noor World,Family,Gift,Kebabjees Bakery cake for Aun Rishta meeting,2701,Expense,,2701.0,PKR,False,False,False,False,False,False
2026-01-25 17:01:01.181,Meezan Bank,Family,Gift,Bouquet for Aun Rishta meetup,1500,Expense,,1500.0,PKR,False,False,False,False,False,False
2026-01-26 21:15:57.063,Faysal Noor World,Food,Unnecessary,FP Alishba Finger Fish,3200,Expense,,3200.0,PKR,False,False,False,False,False,False
2026-01-27 09:26:19.531,HBL,Technology,Bills,Netflix,1263,Expense,,1263.0,PKR,False,False,False,False,False,False
2026-01-27 09:38:00.452,Abdul Wahab Loan,Meezan Bank,,Took Loan from Wahab,100000,Transfer-Out,,100000.0,PKR,False,False,False,False,False,False
2026-01-27 09:38:16.936,Wasiq Loan,Meezan Bank,,Took Loan from Wasiq,150000,Transfer-Out,,150000.0,PKR,False,False,False,False,False,False
2026-01-27 14:06:28.725,Meezan Bank,Finqalab,,Finqalab Investment,5000,Transfer-Out,,5000.0,PKR,False,False,False,False,False,False
2026-01-27 14:06:47.344,Finqalab,Profit,,Finqalab Profit,664,Income,Nishat,664.0,PKR,False,False,False,False,False,False
2026-01-27 14:08:40.103,Faysal Noor World,Split,,Extraction with Bhatti and Maryam,735,Transfer-Out,Equal,735.0,PKR,False,False,False,False,False,False
2026-01-27 14:08:40.103,Split,Ahmad Bhatti Loans,,Extraction Bhatti's part,245,Transfer-Out,Equal,245.0,PKR,False,False,False,False,False,False
2026-01-27 14:08:40.103,Split,Office Loans,,Extraction Maryam's part,245,Transfer-Out,Equal,245.0,PKR,False,False,False,False,False,False
2026-01-27 14:08:40.103,Split,Food,Unnecessary,Extraction my part,245,Expense,Equal,245.0,PKR,False,False,False,False,False,False
2026-01-27 15:08:29.502,Tabish Loan,Meezan Bank,,Borrowed from Tabish,50000,Transfer-Out,,50000.0,PKR,False,False,False,False,False,False
2026-01-27 15:08:53.332,Ahmad Bhatti Loans,Meezan Bank,,Borrowed from Bhatti,250000,Transfer-Out,,250000.0,PKR,False,False,False,False,False,False
2026-01-27 15:21:42.300,Meezan Bank,Technology,Purchases,To Abdullah Shahzad for Macbook Pro M3 Pro Purchase,360000,Expense,"Total 410k, all clear now",360000.0,PKR,False,False,False,False,False,False
2026-01-27 16:13:05.229,Danish Loan,Meezan Bank,,Borrowed from Danish,175000,Transfer-Out,For Azam Uncle emergency ,175000.0,PKR,False,False,False,False,False,False
2026-01-27 19:47:03.961,Faysal Noor World,Family,Health/Medicine,Alishba Papa CMH Dr. Irfan visit,2035,Expense,,2035.0,PKR,False,False,False,False,False,False
2026-01-27 20:31:11.117,Faysal Noor World,Family,Health/Medicine,IDC CT Scan for Alishba's Father,26500,Expense,,26500.0,PKR,False,False,False,False,False,False
2026-01-27 20:51:22.535,Faysal Noor World,Family,Health/Medicine,IDC CT Scan for Alishba's Father,18000,Expense,Additional charge for full aorta,18000.0,PKR,False,False,False,False,False,False
2026-01-27 22:46:47.921,Faysal Noor World,Family,Gift,"Arcadian dinner with Alishba, Areeba, Azam Uncle",6473,Expense,,6473.0,PKR,False,False,False,False,False,False
2026-01-27 22:51:37.357,Cash,Donation,,Arcadian tip and beggar donation,1000,Expense,,1000.0,PKR,False,False,False,False,False,False
2026-01-28 12:51:22.112,Meezan Bank,Cash,,Petty cash,1000,Transfer-Out,,1000.0,PKR,False,False,False,False,True,False
2026-01-28 13:45:19.403,Faysal Noor World,Split,,MEG with Ahmad and Maryam,4582,Transfer-Out,"Maryam had single patty, Ahmad and I had double. All else identical. Maryam will pay for Ahmad. ",4582.0,PKR,False,False,False,False,False,False
2026-01-28 13:45:19.403,Split,Food,Unnecessary,MEG my part,1661,Expense,"Maryam had single patty, Ahmad and I had double. All else identical. Maryam will pay for Ahmad. ",1661.0,PKR,False,False,False,False,False,False
2026-01-28 13:45:19.403,Split,Office Loans,,MEG Maryam's part,2921,Transfer-Out,"Maryam had single patty, Ahmad and I had double. All else identical. Maryam will pay for Ahmad. ",2921.0,PKR,False,False,False,False,False,False
2026-01-28 15:18:51.137,Cash,Donation,,MEG Tip,500,Expense,,500.0,PKR,False,False,False,False,False,False
2026-01-28 15:49:04.300,Split,Salary,,Beyond ONE Salary #8 Dec 2025,880133,Income,Part of 2357733 final settlement received,880133.0,PKR,False,False,False,False,False,False
2026-01-28 15:50:42.357,Provident Fund,Split,,Beyond ONE Provident Fund Encashed,1477599,Transfer-Out,Part of 2357733 final settlement,1477599.0,PKR,False,False,False,False,False,False
2026-01-28 15:51:29.987,Split,Merge,,B. One Last Salary,880133,Transfer-Out,,880133.0,PKR,False,False,False,False,False,False
2026-01-28 15:51:53.104,Split,Merge,,B. One provident fund,1477599,Transfer-Out,,1477599.0,PKR,False,False,False,False,False,False
2026-01-28 15:52:13.702,Merge,Meezan Bank,,Beyond ONE Final Settlement,2357732,Transfer-Out,,2357732.0,PKR,False,False,False,False,False,False
2026-01-28 15:52:39.361,Meezan Bank,Abdul Sami Loans,,Abdul Sami Qarz e hasana,50000,Transfer-Out,,50000.0,PKR,False,False,False,False,False,False
2026-01-28 15:53:58.610,Meezan Bank,Bank Charges,,,50,Expense,,50.0,PKR,False,False,False,False,False,False
2026-01-28 15:54:03.141,Meezan Bank,Wasiq Loan,,Wasiq Loan Return All Settled,400000,Transfer-Out,"Splitwise not settled. 
250k Danish visa loan remaining paid
150k loan that I took bcoz B. one final settlement was late",400000.0,PKR,False,False,False,False,False,False
2026-01-28 15:55:49.827,Meezan Bank,Ahmad Bhatti Loans,,Bhatti loan returned,250000,Transfer-Out,I borrowed because Beyond ONE final settlement was late,250000.0,PKR,False,False,False,False,False,False
2026-01-28 15:57:34.918,Meezan Bank,Tabish Loan,,Tabish loan returned,50000,Transfer-Out,I borrowed because Beyond ONE final settlement was late,50000.0,PKR,False,False,False,False,False,False
2026-01-28 16:07:38.555,Meezan Bank,Office Loans,,The Cubicle,91200,Transfer-Out,"53100 (security) + 53100 (feb fee)

Total = 106,200/-

I paid 15k advance

Remaining = 91,200/-",91200.0,PKR,False,False,False,False,False,False
2026-01-28 16:12:06.666,Meezan Bank,Abdul Wahab Loan,,Wahab loan return,100000,Transfer-Out,I borrowed because Beyond ONE final settlement was late,100000.0,PKR,False,False,False,False,False,False
2026-01-28 16:12:06.667,Meezan Bank,Bank Charges,,Fees,100,Expense,,100.0,PKR,False,False,False,False,False,False
2026-01-28 16:13:31.107,Meezan Bank,Danish Loan,,Danish loan returned,175000,Transfer-Out,I borrowed because Beyond ONE final settlement was late,175000.0,PKR,False,False,False,False,False,False
2026-01-28 16:20:46.711,Faysal Noor World,Miscellaneous,,Miscellaneous,25637,Expense,Helpline told me my current payable and this now matches that,25637.0,PKR,False,False,False,False,False,False
2026-01-28 16:21:53.725,Meezan Bank,Faysal Noor World,,Faysal Noor Credit Card Advance Bill Payment,305294,Transfer-Out,100% paid (except installments),305294.0,PKR,False,False,False,False,False,False
2026-01-28 16:25:39.519,Meezan Bank,Split,,Faysal Noor Installments 100% Cleared,193374,Transfer-Out,,193374.0,PKR,False,False,False,False,False,False
2026-01-28 16:26:29.196,Provident Fund,Salary,,Idk why Beyond ONE paid this extra,420701,Income,,420701.0,PKR,False,False,False,False,True,False
2026-01-28 16:27:11.339,Split,Faysal Noor Installments,,Faysal Noor Installments 100% Cleared,41620,Transfer-Out,,41620.0,PKR,False,False,False,False,False,False
2026-01-28 16:27:33.263,Split,Installments,,Faysal Noor Installments 100% Cleared,151754,Transfer-Out,,151754.0,PKR,False,False,False,False,False,False
2026-01-28 16:28:29.591,Installments,Miscellaneous,,Idk why Faysal asked for this amount less,7620,Income,"I asked their helpline how much I need to pay to clear all installments, they said 193,374 when my hisaab said 7620 more than that. ",7620.0,PKR,False,False,False,False,True,False
2026-01-28 16:52:19.988,Meezan Bank,Family,Pocket Money,Alishba Pocket Money Feb 2026,150000,Expense,,150000.0,PKR,False,False,False,False,False,False
2026-01-28 17:04:05.241,Meezan Bank,Danish Loan,,For Danish visa fee,500000,Transfer-Out,Total 10 lacs given till now,500000.0,PKR,False,False,False,False,False,False
2026-01-28 18:17:14.526,Meezan Bank,Miscellaneous,,Petty cash,1500,Expense,,1500.0,PKR,False,False,False,False,True,False
2026-01-28 18:39:01.050,Faysal Noor World,Apparel,,Uniworth socks,2671,Expense,,2671.0,PKR,False,False,False,False,False,False
2026-01-29 12:18:33.973,Split,Food,Unnecessary,KFC my part,780,Expense,Half,780.0,PKR,False,False,False,False,False,False
2026-01-29 12:18:33.973,Faysal Noor World,Split,,KFC Lunch with Bhatti,1560,Transfer-Out,Half,1560.0,PKR,False,False,False,False,False,False
2026-01-29 12:18:33.973,Split,Ahmad Bhatti Loans,,KFC Bhatti's part,780,Transfer-Out,Half,780.0,PKR,False,False,False,False,False,False
2026-01-29 20:09:21.074,Faysal Noor World,Family,Health/Medicine,Alishba Father Chughtai Tests pre-angioplasty,15855,Expense,"Echo, X-Ray, Blood, Urine, etc. ",15855.0,PKR,False,False,False,False,False,False
2026-01-29 23:47:12.206,Meezan Bank,Finqalab,,Finqalab Investment,15000,Transfer-Out,,15000.0,PKR,False,False,False,False,False,False
2026-01-30 11:24:14.465,Meezan Bank,Salary,,FleetGlue Salary #6 30 Jan 2026,693123,Income,,693123.0,PKR,False,False,False,False,False,False
2026-01-30 12:49:03.276,Meezan Bank,Al Meezan Mutual Funds,,Mutual Funds Investment MCF,200000,Transfer-Out,,200000.0,PKR,False,False,False,False,False,False
2026-01-30 13:31:12.585,Faysal Noor World,Family,Health/Medicine,Anesthesiologist consultation CMH for Azam Uncle,2035,Expense,,2035.0,PKR,False,False,False,False,False,False
2026-01-30 15:02:58.530,Split,Food,Unnecessary,Extraction my part,1758,Expense,"Pizza me, coffee split half",1758.0,PKR,False,False,False,False,False,False
2026-01-30 15:02:58.530,Faysal Noor World,Split,,Extraction with Bhatti,2152,Transfer-Out,"Pizza me, coffee split half",2152.0,PKR,False,False,False,False,False,False
2026-01-30 15:02:58.530,Split,Ahmad Bhatti Loans,,Extraction Bhatti's part,394,Transfer-Out,"Pizza me, coffee split half",394.0,PKR,False,False,False,False,False,False
2026-01-30 17:34:09.290,Meezan Bank,Loan,,Maryam returned for carpool,1955,Income,,1955.0,PKR,False,False,False,False,False,False
2026-01-30 19:04:21.979,Meezan Bank,Tabish Loan,,Tabish qarz e hasana,60000,Transfer-Out,,60000.0,PKR,False,False,False,False,False,False
2026-01-30 19:43:50.377,Meezan Bank,Technology,Bills,Jazz package fam,2500,Expense,,2500.0,PKR,False,False,False,False,False,False
2026-01-30 19:43:50.377,Meezan Bank,Technology,Bills,Jazz package fam,500,Expense,,500.0,PKR,False,False,False,False,False,False
2026-01-30 22:12:23.799,HBL,Technology,Bills,AWS,232,Expense,,232.0,PKR,False,False,False,False,False,False
2026-01-30 22:16:57.915,Meezan Bank,Alishba Loans,,Azam Uncle Angioplasty Materials from Supplier Habib,100000,Transfer-Out,Advance. Total 185k.,100000.0,PKR,False,False,False,False,False,False
2026-01-30 23:16:13.500,Faysal Noor World,Transportation,Car,Yaris fuel ⛽,8026,Expense,Aramco hi,8026.0,PKR,False,False,False,False,False,False
2026-01-30 23:20:07.844,Cash,Donation,,Flute seller,1000,Expense,,1000.0,PKR,False,False,False,False,False,False
2026-01-30 23:24:16.541,Faysal Noor World,Family,General,Jalal sons bread eggs for Alishfam,472,Expense,,472.0,PKR,False,False,False,False,False,False
2026-01-30 23:55:12.015,Alishba Loans,Meezan Bank,,Azam uncle sent 100k for his medical expenses,100000,Transfer-Out,,100000.0,PKR,False,False,False,False,False,False
2026-01-31 09:25:47.757,HBL,Technology,Bills,Spotify Duo,516,Expense,,516.0,PKR,False,False,False,False,False,False
2026-01-31 16:12:10.799,Meezan Bank,Family,Health/Medicine,Azam Uncle Angioplasty Materials from Supplier Habib,85000,Expense,Complete now ,85000.0,PKR,False,False,False,False,False,False
2026-01-31 16:12:26.886,Meezan Bank,Bank Charges,,,185,Expense,,185.0,PKR,False,False,False,False,False,False
2026-01-31 16:36:37.782,Meezan Bank,Food,Unnecessary,FP Nashta,1847,Expense,,1847.0,PKR,False,False,False,False,False,False
2026-01-31 17:24:26.881,Faysal Noor World,Food,Unnecessary,FP Dominos Nashta,1338,Expense,,1338.0,PKR,False,False,False,False,False,False
2026-01-31 19:38:35.209,Office Loans,Meezan Bank,,Maryam Rashid returned,6267,Transfer-Out,,6267.0,PKR,False,False,False,False,False,False
2026-01-31 19:41:22.506,Faysal Noor World,Technology,Purchases,Tasdeeq subscription,999,Expense,,999.0,PKR,False,False,False,False,False,False
2026-01-31 20:55:08.259,Faysal Noor World,Household,General,C&B,409,Expense,Water + eggs,409.0,PKR,False,False,False,False,False,False
2026-01-31 21:07:06.802,Faysal Noor World,Household,Unnecessary,"Opa fries, croissant, mehndi",2046,Expense,,2046.0,PKR,False,False,False,False,False,False
2026-02-01 01:31:07.761,Faysal Noor World,Food,Unnecessary,FP JJ Dinner,2113,Expense,,2113.0,PKR,False,False,False,False,False,False
2026-02-01 09:24:59.380,HBL,Technology,Bills,Google ONE,767,Expense,,767.0,PKR,False,False,False,False,False,False
2026-02-01 11:04:06.170,Faysal Noor World,Donation,,$1 Donation to Oceansofpdf,280,Expense,,280.0,PKR,False,False,False,False,False,False
2026-02-01 16:48:02.245,Faysal Noor World,Split,,Chaaye Khana Nashta with Bhatti in JT,6312,Transfer-Out,"500 tip, omelette was his, qeema paratha 75% me. Chaye half. ",6312.0,PKR,False,False,False,False,False,False
2026-02-01 16:48:02.245,Split,Ahmad Bhatti Loans,,Chaaye Khana Bhatti's part,2751,Transfer-Out,"500 tip, omelette was his, qeema paratha 75% me. Chaye half. ",2751.0,PKR,False,False,False,False,False,False
2026-02-01 16:48:02.245,Split,Food,Unnecessary,Chaaye Khana my part,3561,Expense,"500 tip, omelette was his, qeema paratha 75% me. Chaye half. ",3561.0,PKR,False,False,False,False,False,False
2026-02-01 18:01:30.801,Split,Culture,Movie,Cue cinemas my part,517,Expense,"Wasiq me and bhatti, equal",517.0,PKR,False,False,False,False,False,False
2026-02-01 18:01:30.801,Faysal Noor World,Split,,Cue cinemas,1550,Transfer-Out,"Wasiq me and bhatti, equal",1550.0,PKR,False,False,False,False,False,False
2026-02-01 18:01:30.801,Split,Ahmad Bhatti Loans,,Cue cinemas Bhatti's part,517,Transfer-Out,"Wasiq me and bhatti, equal",517.0,PKR,False,False,False,False,False,False
2026-02-01 18:01:30.801,Split,Wasiq Loan,,Cue cinemas Wasiq's part,517,Transfer-Out,"Wasiq me and bhatti, equal",517.0,PKR,False,False,False,False,False,False
2026-02-01 18:26:00.007,Ahmad Bhatti Loans,Entertainment,,Cue cinemas ticket avatar,2800,Expense,,2800.0,PKR,False,False,False,False,False,False
2026-02-01 18:26:00.007,Wasiq Loan,Entertainment,,Cue cinemas 3d glasses,400,Expense,,400.0,PKR,False,False,False,False,False,False
2026-02-01 19:01:18.903,Faysal Noor World,Household,General,FP Groceries,5557,Expense,,5557.0,PKR,False,False,False,False,False,False
2026-02-01 22:10:21.623,Faysal Noor World,Transportation,Car,Yaris fuel ⛽,2012,Expense,Aramco hi ,2012.0,PKR,False,False,False,False,False,False
2026-02-01 23:23:22.358,Faysal Noor World,Food,Unnecessary,FP Butt Karahi for me,1629,Expense,,1629.0,PKR,False,False,False,False,False,False
2026-02-01 23:23:34.772,Faysal Noor World,Food,Unnecessary,FP Al Khan Finger Fish for Alishba,3200,Expense,,3200.0,PKR,False,False,False,False,False,False
2026-02-02 01:17:27.414,Faysal Noor World,Technology,Purchases,Car phone holder,879,Expense,Daraz,879.0,PKR,False,False,False,False,False,False
2026-02-02 09:24:33.305,HBL,Technology,Bills,AWS Jan bill,223,Expense,,223.0,PKR,False,False,False,False,False,False
2026-02-02 09:46:05.633,Meezan Bank,Family,Pocket Money,Mama Pocket Money Feb 2026,50000,Expense,,50000.0,PKR,False,False,False,False,False,False
2026-02-02 10:08:27.190,Meezan Bank,Household,Bills,Bahria Maali Salary,3500,Expense,,3500.0,PKR,False,False,False,False,False,False
2026-02-02 10:08:37.813,Meezan Bank,Household,Bills,Bahria Electricity Bill Jan 2026,19420,Expense,,19420.0,PKR,False,False,False,False,False,False
2026-02-02 10:08:56.443,Meezan Bank,Household,Bills,Bahria Maintenance Bill Jan 2026,4600,Expense,,4600.0,PKR,False,False,False,False,False,False
2026-02-02 10:20:51.050,Meezan Bank,EasyPaisa,,Savings,20000,Transfer-Out,,20000.0,PKR,False,False,False,False,False,False
2026-02-02 10:20:51.051,Meezan Bank,Bank Charges,,Fees,40,Expense,,40.0,PKR,False,False,False,False,False,False
2026-02-02 13:01:48.494,Cash,Family,Pocket Money,Alishba spent the refund amount,66460,Expense,"100k Alishba sent me back. 
(45k Mamu, the rest Alishba)

100k Aun sent",66460.0,PKR,False,False,False,False,False,False
2026-02-02 13:01:48.494,Split,Family,Health/Medicine,Azam Uncle Angioplasty Surgery Advance Payment to CMH,59206,Expense,"100k Alishba sent me back. 
(45k Mamu, the rest Alishba)

100k Aun sent
66460 refunded",59206.0,PKR,False,False,False,False,False,False
2026-02-02 13:01:48.494,Split,Meezan Bank,,[Aun] Azam Uncle Angioplasty Surgery Advance Payment to CMH,100000,Transfer-Out,"100k Alishba sent me back. 
45k Mamu, the rest Alishba",100000.0,PKR,False,False,False,False,False,False
2026-02-02 13:01:48.494,Split,Meezan Bank,,[Alishba] Azam Uncle Angioplasty Surgery Advance Payment to CMH,100000,Transfer-Out,"100k Alishba sent me back. 
45k Mamu, the rest Alishba",100000.0,PKR,False,False,False,False,False,False
2026-02-02 13:01:48.494,Split,Cash,,[Refund] Azam Uncle Angioplasty Surgery Advance Payment to CMH,66460,Transfer-Out,"100k Alishba sent me back. 
(45k Mamu, the rest Alishba)

100k Aun sent",66460.0,PKR,False,False,False,False,False,False
2026-02-02 13:01:48.494,Faysal Noor World,Split,,Azam Uncle Angioplasty Surgery Advance Payment to CMH,325666,Transfer-Out,,325666.0,PKR,False,False,False,False,False,False
2026-02-02 14:46:31.432,Meezan Bank,Donation,,CMH donation to passerby,11500,Expense,,11500.0,PKR,False,False,False,False,False,False
2026-02-02 14:57:29.231,Meezan Bank,Family,Health/Medicine,Azam Uncle Angioplasty Materials from Supplier Habib,25000,Expense,,25000.0,PKR,False,False,False,False,False,False
2026-02-02 15:30:44.965,Faysal Noor World,Food,Necessary,Solli's outside CMH,4551,Expense,,4551.0,PKR,False,False,False,False,False,False
2026-02-02 15:31:04.139,Faysal Noor World,Donation,,Tip,500,Expense,,500.0,PKR,False,False,False,False,False,False
2026-02-02 15:33:03.186,Faysal Noor World,Food,Necessary,Alishba lush crush,394,Expense,,394.0,PKR,False,False,False,False,False,False
2026-02-02 20:05:59.279,Finqalab,Profit,,Finqalab Profit,1697,Income,Nishat,1697.0,PKR,False,False,False,False,False,False
2026-02-02 22:27:33.848,EasyPaisa,Family,Health/Medicine,Photocopy outside cmh,50,Expense,,50.0,PKR,False,False,False,False,False,False
2026-02-02 23:13:42.771,Faysal Noor World,Social Life,Friend,McDonald's with Tabish,2330,Expense,,2330.0,PKR,False,False,False,False,False,False
2026-02-02 23:58:15.532,Faysal Noor World,Social Life,Friend,McDonald's cone with Tabish,400,Expense,,400.0,PKR,False,False,False,False,False,False
2026-02-03 08:17:03.570,Meezan Bank,Family,Health/Medicine,Azam uncle Pre surgery stuff from pharmacy,450,Expense,,450.0,PKR,False,False,False,False,False,False
2026-02-03 09:05:48.061,Faysal Noor World,Entertainment,,Tekken 7 Steam,3800,Expense,$13.something,3800.0,PKR,False,False,False,False,False,False
2026-02-03 12:40:36.069,Al Meezan Mutual Funds,Profit,,Mutual Funds Profit,10898,Income,,10898.0,PKR,False,False,False,False,False,False
2026-02-03 14:14:39.520,Faysal Noor World,Food,Necessary,CMH Lunch during surgery,2312,Expense,,2312.0,PKR,False,False,False,False,False,False
2026-02-03 17:03:12.730,Faysal Noor World,Family,Health/Medicine,Leoprin for Azam Uncle,280,Expense,,280.0,PKR,False,False,False,False,False,False
2026-02-03 17:41:35.728,Faysal Noor World,Family,Health/Medicine,Azam Uncle post surgery medicines and supplies,16210,Expense,Probably for restocking,16210.0,PKR,False,False,False,False,False,False
2026-02-03 19:46:17.743,Faysal Noor World,Family,Health/Medicine,Azam Uncle post surgery medicines and supplies,12936,Expense,Alishba bought,12936.0,PKR,False,False,False,False,False,False
2026-02-03 19:46:17.743,Faysal Noor World,Family,Health/Medicine,Azam Uncle post surgery medicines and supplies,300,Expense,Alishba bought,300.0,PKR,False,False,False,False,False,False
2026-02-03 22:47:42.916,Meezan Bank,Cash,,For hospital CMH,4500,Transfer-Out,,4500.0,PKR,False,False,False,False,False,False
2026-02-03 22:47:53.216,Faysal Noor World,Family,Health/Medicine,C&b water and green tea for Azam Uncle,601,Expense,,601.0,PKR,False,False,False,False,False,False
2026-02-04 00:33:50.524,Faysal Noor World,Food,Necessary,FP Kebabjees at CMH,1260,Expense,,1260.0,PKR,False,False,False,False,False,False
2026-02-04 10:28:47.291,Cash,Family,Health/Medicine,Bran bread for Azam Uncle,200,Expense,,200.0,PKR,False,False,False,False,False,False
2026-02-04 10:29:03.981,Meezan Bank,Family,Health/Medicine,Insulin for Azam Uncle,1670,Expense,,1670.0,PKR,False,False,False,False,False,False
2026-02-04 10:36:55.946,Cash,Family,Health/Medicine,Insulin injections for Azam Uncle,100,Expense,,100.0,PKR,False,False,False,False,False,False
2026-02-04 12:58:31.335,Faysal Noor World,Family,Health/Medicine,Azam Uncle post surgery medicines,10284,Expense,Alishba bought ,10284.0,PKR,False,False,False,False,False,False
2026-02-05 00:14:32.392,Faysal Noor World,Food,Necessary,FP Alishba Dinner after hospital,1153,Expense,,1153.0,PKR,False,False,False,False,False,False
2026-02-05 00:55:14.160,Faysal Noor World,Food,Unnecessary,FP Zoro Burgers at CMH,1897,Expense,,1897.0,PKR,False,False,False,False,False,False
2026-02-05 09:06:55.810,Faysal Noor World,Family,Health/Medicine,Insulin for Azam Uncle,1768,Expense,with injections,1768.0,PKR,False,False,False,False,False,False
2026-02-05 09:19:04.871,Meezan Bank,Profit,,Mudarba,107,Income,,107.0,PKR,False,False,False,False,False,False
2026-02-05 10:15:38.306,Faysal Noor World,Family,Health/Medicine,Corn flakes for Azam Uncle,800,Expense,,800.0,PKR,False,False,False,False,False,False
2026-02-05 11:25:35.760,Meezan Bank,Household,Bills,Bahria PTCL Bill,8180,Expense,,8180.0,PKR,False,False,False,False,False,False
2026-02-05 11:25:57.562,Meezan Bank,Household,Bills,SNGPL Bahria,1000,Expense,,1000.0,PKR,False,False,False,False,False,False
2026-02-05 11:26:25.098,Meezan Bank,Abujan Loans,,Sahowari LESCO Bill #1,9329,Transfer-Out,,9329.0,PKR,False,False,False,False,False,False
2026-02-05 11:26:25.098,Meezan Bank,Abujan Loans,,Sahowari LESCO Bill #3,90,Transfer-Out,,90.0,PKR,False,False,False,False,False,False
2026-02-05 11:26:25.098,Meezan Bank,Abujan Loans,,Sahowari LESCO Bill #2,2398,Transfer-Out,,2398.0,PKR,False,False,False,False,False,False
2026-02-05 11:27:28.760,Abujan Loans,Family,Pocket Money,Abujan Pocket Money Feb 2026,80000,Expense,,80000.0,PKR,False,False,False,False,False,False
2026-02-05 12:00:17.903,Faysal Noor World,Family,Health/Medicine,Azam uncle medicine cmh,351,Expense,,351.0,PKR,False,False,False,False,False,False
2026-02-05 12:35:10.339,Faysal Noor World,Family,Health/Medicine,Azam uncle medicine cmh,3869,Expense,Alishba bought ,3869.0,PKR,False,False,False,False,False,False
2026-02-05 12:35:10.339,Faysal Noor World,Family,Health/Medicine,Azam uncle medicine cmh,251,Expense,Alishba bought ,251.0,PKR,False,False,False,False,False,False
2026-02-05 13:33:38.311,Meezan Bank,Faysal Noor World,,Faysal Noor Credit Card Advance Bill Payment,325666,Transfer-Out,Angioplasty Advance Payment paid back to card,325666.0,PKR,False,False,False,False,False,False
2026-02-05 13:35:08.592,Meezan Bank,Faysal Noor World,,Faysal Noor Credit Card Advance Bill Payment,127342,Transfer-Out,100% paid as per my record,127342.0,PKR,False,False,False,False,False,False
2026-02-05 14:20:04.873,JazzCash,Transportation,Subway,M-Tag,1000,Expense,,1000.0,PKR,False,False,False,False,False,False
2026-02-05 14:30:48.009,JazzCash,Tax,,,10,Expense,,10.0,PKR,False,False,False,False,False,False
2026-02-05 18:55:47.425,Meezan Bank,Abujan Loans,,To Shehzad Qadir for Abujan,18000,Transfer-Out,,18000.0,PKR,False,False,False,False,False,False
2026-02-05 22:45:05.309,Faysal Noor World,Food,Unnecessary,FP Bundu Khan Dinner,6076,Expense,,6076.0,PKR,False,False,False,False,False,False
2026-02-06 14:14:50.799,Faysal Noor World,Food,Unnecessary,Chaaye Khana solo breakfast,3014,Expense,,3014.0,PKR,False,False,False,False,False,False
2026-02-06 15:15:04.804,Faysal Noor World,Donation,,LUMS Donation,15000,Expense,Zakat,15000.0,PKR,False,False,False,False,False,False
2026-02-06 17:27:14.565,Meezan Bank,Donation,,To Nadeem Maali for cat burial,1000,Expense,Wasiq's in laws' cat,1000.0,PKR,False,False,False,False,False,False
2026-02-07 00:15:27.432,Faysal Noor World,Food,Unnecessary,FP Mei Kong dinner,6720,Expense,,6720.0,PKR,False,False,False,False,False,False
2026-02-07 14:18:26.350,Meezan Bank,Abujan Loans,,Abujan January 2026 Hisaab Cleared,50933,Transfer-Out,,50933.0,PKR,False,False,False,False,True,False
2026-02-07 14:18:26.351,Meezan Bank,Bank Charges,,Fees,82,Expense,,82.0,PKR,False,False,False,False,False,False
2026-02-07 14:33:28.659,Meezan Bank,Family,Pocket Money,Alishba Pocket Money Feb 2026 Extra,25000,Expense,"I gave her 150k before, of which she sent me back 100k for her father's surgery. So I'm sending her more. ",25000.0,PKR,False,False,False,False,False,False
2026-02-07 16:41:50.268,Faysal Noor World,Food,Unnecessary,FP Soft Swirl,826,Expense,,826.0,PKR,False,False,False,False,False,False
2026-02-07 16:43:57.153,Meezan Bank,Marina,,Marina Payment,42000,Transfer-Out,"Dec 2025, Jan 2026, Feb 2026",42000.0,PKR,False,False,False,False,False,False
2026-02-08 00:23:39.257,JazzCash,Culture,,Pinni,6500,Expense,,6500.0,PKR,False,False,False,False,False,False
2026-02-08 01:03:04.481,Faysal Noor World,Transportation,Car,Yaris fuel ⛽,7772,Expense,PSO hi,7772.0,PKR,False,False,False,False,False,False
2026-02-08 02:15:58.119,Faysal Noor World,Culture,,Kites and pinni,16100,Expense,Basant,16100.0,PKR,False,False,False,False,False,False
2026-02-08 12:36:18.061,Faysal Noor World,HBL,,,5000,Transfer-Out,,5000.0,PKR,False,False,False,False,False,False
2026-02-08 12:36:21.900,HBL,Technology,Purchases,Journal (Diarium) Purchase,4250,Expense,,4250.0,PKR,False,False,False,False,False,False
2026-02-08 13:27:18.916,Meezan Bank,Family,Gift,Aun engagement,5000,Expense,,5000.0,PKR,False,False,False,False,False,False
2026-02-09 12:32:07.539,Meezan Bank,JazzCash,,,20000,Transfer-Out,,20000.0,PKR,False,False,False,False,False,False
2026-02-09 12:33:50.585,JazzCash,Donation,,Donation to Saad Basheer LinkedIn,10000,Expense,,10000.0,PKR,False,False,False,False,False,False
2026-02-09 13:36:23.747,Ahmad Bhatti Loans,Food,Unnecessary,Extraction my part,368,Expense,,368.0,PKR,False,False,False,False,False,False
2026-02-09 13:36:49.670,Ahmad Bhatti Loans,Food,Unnecessary,Hardees my part,2170,Expense,,2170.0,PKR,False,False,False,False,False,False
2026-02-09 14:45:36.763,Faysal Noor World,Technology,Purchases,Monitor for office (The Cubicle),47595,Expense,,47595.0,PKR,False,False,False,False,False,False
2026-02-09 19:54:05.554,Meezan Bank,Al Meezan Mutual Funds,,MCF Investment,150000,Transfer-Out,,150000.0,PKR,False,False,False,False,False,False
2026-02-09 23:57:48.174,Faysal Noor World,Food,Unnecessary,FP Daily Deli,1069,Expense,,1069.0,PKR,False,False,False,False,False,False
2026-02-10 01:02:59.241,Faysal Noor World,Technology,Purchases,Soundiiz subscription,1667,Expense,Spotify to YouTube transfer,1667.0,PKR,False,False,False,False,False,False
2026-02-10 12:07:42.977,Meezan Bank,Mama Loan,,Mama Sajda Zakat,5000,Transfer-Out,,5000.0,PKR,False,False,False,False,False,False
2026-02-10 12:07:42.978,Meezan Bank,Bank Charges,,Fees,5,Expense,,5.0,PKR,False,False,False,False,False,False
2026-02-10 14:54:17.777,Faysal Noor World,Split,,Extraction with Bhatti and Maryam,1155,Transfer-Out,Three way split,1155.0,PKR,False,False,False,False,False,False
2026-02-10 14:54:17.777,Split,Office Loans,,Extraction Maryam's part,385,Transfer-Out,Three way split,385.0,PKR,False,False,False,False,False,False
2026-02-10 14:54:17.777,Split,Ahmad Bhatti Loans,,Extraction Bhatti's part,385,Transfer-Out,Three way split,385.0,PKR,False,False,False,False,False,False
2026-02-10 14:54:17.777,Split,Food,Unnecessary,Extraction my part,385,Expense,Three way split,385.0,PKR,False,False,False,False,False,False
2026-02-10 14:54:35.471,Faysal Noor World,Food,Unnecessary,FP Alishba Breakfast,1952,Expense,,1952.0,PKR,False,False,False,False,False,False
2026-02-10 14:55:06.059,Ahmad Bhatti Loans,Food,Necessary,Lunch kebabjees,780,Expense,,780.0,PKR,False,False,False,False,False,False
2026-02-11 12:16:44.963,Faysal Noor World,Household,General,FP Groceries for Biryani,3275,Expense,,3275.0,PKR,False,False,False,False,False,False
2026-02-11 13:35:55.642,Faysal Noor World,Technology,Purchases,HP Printer M26nw 79A toner,1765,Expense,,1765.0,PKR,False,False,False,False,False,False
2026-02-11 16:43:23.211,Faysal Noor World,Household,General,Chef Imran Bahria,1000,Expense,Biryani,1000.0,PKR,False,False,False,False,False,False
2026-02-11 23:59:19.879,Faysal Noor World,Food,Unnecessary,FP Pizza Extra Dinner,1805,Expense,,1805.0,PKR,False,False,False,False,False,False
2026-02-12 01:26:16.242,Faysal Noor World,Technology,Purchases,Isopropyl alcohol daraz,516,Expense,To fix M585,516.0,PKR,False,False,False,False,False,False
2026-02-12 12:10:33.421,Faysal Noor World,Work,,Scissors for office,250,Expense,,250.0,PKR,False,False,False,False,False,False
2026-02-12 13:53:32.626,Faysal Noor World,Split,,Arcadian,3814,Transfer-Out,Equal,3814.0,PKR,False,False,False,False,False,False
2026-02-12 13:53:32.626,Split,Ahmad Bhatti Loans,,Arcadian Bhatti's part,1907,Transfer-Out,Equal,1907.0,PKR,False,False,False,False,False,False
2026-02-12 13:53:32.626,Split,Food,Unnecessary,Arcadian my part,1907,Expense,Equal,1907.0,PKR,False,False,False,False,False,False
2026-02-12 15:35:07.356,Faysal Noor World,Household,General,FP Groceries,3359,Expense,,3359.0,PKR,False,False,False,False,False,False
2026-02-12 19:38:28.529,Faysal Noor World,Transportation,Car,Yaris fuel ⛽,5397,Expense,Aramco hi,5397.0,PKR,False,False,False,False,False,False
2026-02-12 20:15:07.440,Faysal Noor World,Household,General,Punjab Beef,10352,Expense,,10352.0,PKR,False,False,False,False,False,False
2026-02-13 01:38:10.206,Merge,Salary,,FleetGlue Pure Salary 13 Feb 2026,691967,Income,"Total amount actually received in bank was 7,44,333.64/-. Includes The Cubicle workspace office reimbursement. 

2.60918% tax",691967.0,PKR,False,False,False,False,False,False
2026-02-13 01:40:04.173,Office Loans,Merge,,FleetGlue office reimbursement 13 Feb 2026,51656,Transfer-Out,"Total amount actually received in bank was 7,44,333.64/-. Includes The Cubicle workspace office reimbursement. ",51656.0,PKR,False,False,True,True,False,False
2026-02-13 12:47:18.172,Meezan Bank,Donation,,Laiba Donation,10000,Expense,,10000.0,PKR,False,False,False,False,False,False
2026-02-13 12:51:15.254,Faysal Noor World,Family,General,FP Groceries for Aliyan Sasural Dawat,1669,Expense,,1669.0,PKR,False,False,False,False,False,False
2026-02-13 14:01:25.228,Faysal Noor World,Family,General,"Milk, cream for Aliyan rishta dawat",1070,Expense,,1070.0,PKR,False,False,False,False,False,False
2026-02-13 15:29:47.210,JazzCash,Abujan Loans,,Abujan M-Tag,1000,Transfer-Out,,1000.0,PKR,False,False,False,False,False,False
2026-02-13 15:29:47.211,JazzCash,Bank Charges,,Fees,10,Expense,,10.0,PKR,False,False,False,False,False,False
2026-02-13 15:35:28.628,Umaid Loan,Meezan Bank,,Umaid sent for his Spring Apartment,400000,Transfer-Out,,400000.0,PKR,False,True,False,True,False,False
2026-02-13 15:35:40.392,Meezan Bank,Umaid Loan,,For Umaid Spring advance payment,400000,Transfer-Out,,400000.0,PKR,False,True,False,True,False,False
2026-02-13 15:35:40.393,Meezan Bank,Bank Charges,,Fees,200,Expense,,200.0,PKR,False,False,False,False,False,False
2026-02-13 15:40:41.402,Merge,Meezan Bank,,FleetGlue Salary #7 13 Feb 2026,744333,Transfer-Out,".97390% of usd amount, rest tax",744333.0,PKR,False,False,False,False,False,False
2026-02-13 18:03:43.474,Faysal Noor World,Miscellaneous,,,8185,Expense,,8185.0,PKR,False,False,False,False,False,False
2026-02-13 18:51:57.935,Faysal Noor World,Food,Unnecessary,Strawberries from Sir Moeen,4425,Expense,,4425.0,PKR,False,False,False,False,False,False
2026-02-13 19:58:17.120,Meezan Bank,Alishba Loans,,Alishba Evermore Shopify Subscription,75000,Transfer-Out,She returned it on 16 Feb 2026,75000.0,PKR,False,False,False,False,False,False
2026-02-13 20:03:02.811,Meezan Bank,Faysal Noor World,,Faysal Noor Card Outstanding Amount 100% Cleared,160828,Transfer-Out,as per helpline,160828.0,PKR,False,False,False,False,False,False
2026-02-13 20:06:06.130,Meezan Bank,Wasiq Loan,,Wasiq Umra loan,100000,Transfer-Out,,100000.0,PKR,False,False,False,False,False,False
2026-02-13 20:07:12.184,Meezan Bank,Al Meezan Mutual Funds,,MCF Investment,179594,Transfer-Out,,179594.0,PKR,False,False,False,False,False,False
2026-02-14 01:24:11.408,Faysal Noor World,Split,,"DD Wasiq, Bhatti, Me",2478,Transfer-Out,"1/2 Wasiq

2/3 of the rest me
",2478.0,PKR,False,False,False,False,False,False
2026-02-14 01:24:11.408,Split,Wasiq Loan,,DD Wasiq's part,1239,Transfer-Out,"1/2 Wasiq

2/3 of the rest me
",1239.0,PKR,False,False,False,False,False,False
2026-02-14 01:24:11.408,Split,Ahmad Bhatti Loans,,DD Bhatti's part,413,Transfer-Out,"1/2 Wasiq

2/3 of the rest me
",413.0,PKR,False,False,False,False,False,False
2026-02-14 01:24:11.408,Split,Food,Unnecessary,DD my part,826,Expense,"1/2 Wasiq

2/3 of the rest me
",826.0,PKR,False,False,False,False,False,False
2026-02-14 12:18:37.856,Faysal Noor World,Household,General,FP Grocery,938,Expense,,938.0,PKR,False,False,False,False,False,False
2026-02-14 14:36:05.024,Meezan Bank,Spring Apartments,,Spring Apartment April 2026 Partial,100000,Transfer-Out,"Total due by end of April is 474,301/-. Now 373,301/- is left. ",100000.0,PKR,False,False,False,False,False,False
2026-02-14 14:36:05.025,Meezan Bank,Bank Charges,,Fees,100,Expense,,100.0,PKR,False,False,False,False,False,False
2026-02-14 16:22:10.665,Faysal Noor World,Split,,Chaaye Khana with Bhatti,5876,Transfer-Out,"500 tip, the rest half split",5876.0,PKR,False,False,False,False,False,False
2026-02-14 16:22:10.665,Split,Ahmad Bhatti Loans,,Chaaye Khana Bhatti's part,2938,Transfer-Out,"500 tip, the rest half split",2938.0,PKR,False,False,False,False,False,False
2026-02-14 16:22:10.665,Split,Food,Unnecessary,Chaaye Khana my part,2938,Expense,"500 tip, the rest half split",2938.0,PKR,False,False,False,False,False,False
2026-02-14 17:49:45.439,Faysal Noor World,Transportation,Car Maintenance,Yaris maintenance,66804,Expense,At 101k km,66804.0,PKR,False,False,False,False,False,False
2026-02-14 21:47:23.245,Ahmad Bhatti Loans,Meezan Bank,,Flowers for Aliyan Girl Valentine,2500,Transfer-Out,,2500.0,PKR,False,False,False,False,False,False
2026-02-15 00:58:38.466,Wasiq Loan,Meezan Bank,,Wasiq returned umra amount,100000,Transfer-Out,,100000.0,PKR,False,False,False,False,False,False
2026-02-15 01:13:16.717,Wasiq Loan,Meezan Bank,,Wasiq loan clear,107,Transfer-Out,Splitwise clear ,107.0,PKR,False,False,False,False,False,False
2026-02-15 01:13:38.147,Wasiq Loan,Miscellaneous,,,9112,Expense,,9112.0,PKR,False,False,False,False,False,False
2026-02-15 01:43:40.891,Meezan Bank,HBL,,,1000,Transfer-Out,,1000.0,PKR,False,False,False,False,False,False
2026-02-15 03:16:34.952,Meezan Bank,Donation,,Sadqa,2000,Expense,,2000.0,PKR,False,False,False,False,False,False
2026-02-15 18:23:28.276,Faysal Noor World,Alishba Loans,,Alishba Ticketwala purchase,14142,Transfer-Out,Hassan Raheem concert,14142.0,PKR,False,False,False,False,False,False
2026-02-15 19:11:24.807,Faysal Noor World,Food,Unnecessary,FP Croissant 🥐 ×2,842,Expense,,842.0,PKR,False,False,False,False,False,False
2026-02-15 21:18:44.362,Faysal Noor World,Food,Unnecessary,FP Beef Chilli Dry from Mei Kong,1572,Expense,,1572.0,PKR,False,False,False,False,False,False
2026-02-15 21:29:59.336,Meezan Bank,Tabish Loan,,Tabish qarz e hasana,25000,Transfer-Out,,25000.0,PKR,False,False,False,False,False,False
2026-02-16 00:29:01.510,HBL,Technology,Bills,HBO Max Subscription,1155,Expense,,1155.0,PKR,False,False,False,False,False,False
2026-02-16 14:41:32.088,Faysal Noor World,Split,,Extraction with Bhatti,735,Transfer-Out,Half,735.0,PKR,False,False,False,False,False,False
2026-02-16 14:41:32.088,Split,Ahmad Bhatti Loans,,Extraction Bhatti's part,368,Transfer-Out,Half,368.0,PKR,False,False,False,False,False,False
2026-02-16 14:41:32.088,Split,Food,Unnecessary,Extraction my part,368,Expense,Half,368.0,PKR,False,False,False,False,False,False
2026-02-16 14:41:44.838,Faysal Noor World,Food,Unnecessary,Alishba FP Nashta,988,Expense,,988.0,PKR,False,False,False,False,False,False
2026-02-16 16:17:29.896,Faysal Noor World,Food,Unnecessary,Alishba FP Lunch,1334,Expense,,1334.0,PKR,False,False,False,False,False,False
2026-02-16 16:43:42.457,Faysal Noor World,Technology,Bills,M4 screws,240,Expense,,240.0,PKR,False,False,False,False,False,False
2026-02-16 18:24:25.879,Alishba Loans,Meezan Bank,,Alishba returned for shopify and hassan raheem ticketwala tickets,89142,Transfer-Out,75k shopify which she'll pay using credit card instead ,89142.0,PKR,False,False,False,False,False,False
2026-02-16 20:44:43.208,Meezan Bank,Household,General,Fruits and vegetables,208,Expense,,208.0,PKR,False,False,False,False,False,False
2026-02-17 13:40:22.803,Faysal Noor World,Family,General,Alishba Shopify Payment,63250,Expense,,63250.0,PKR,False,False,False,False,False,False
2026-02-17 14:14:19.688,Faysal Noor World,Split,,Arcadian with Bhatti and Maryam,5563,Transfer-Out,"3 parts, 1 me, 2 Bhatti (he'll pay for Maryam he said)",5563.0,PKR,False,False,False,False,False,False
2026-02-17 14:14:19.688,Split,Ahmad Bhatti Loans,,Arcadian Bhatti's part,3709,Transfer-Out,"3 parts, 1 me, 2 Bhatti (he'll pay for Maryam he said)",3709.0,PKR,False,False,False,False,False,False
2026-02-17 14:14:19.688,Split,Food,Unnecessary,Arcadian my part,1854,Expense,"3 parts, 1 me, 2 Bhatti (he'll pay for Maryam he said)",1854.0,PKR,False,False,False,False,False,False
2026-02-17 14:17:45.067,Ahmad Bhatti Loans,Food,Unnecessary,Extraction my part,452,Expense,,452.0,PKR,False,False,False,False,False,False
2026-02-17 14:43:21.276,Meezan Bank,Abujan Loans,,To Wasif for Abujan,5000,Transfer-Out,,5000.0,PKR,False,False,False,False,False,False
2026-02-18 11:37:53.424,Meezan Bank,Office Loans,,$290 delivery charges to Jawad for GMK Boxes for FleetGlue,82650,Transfer-Out,,82650.0,PKR,False,False,False,False,False,False
2026-02-18 11:37:53.425,Meezan Bank,Bank Charges,,Fees,82,Expense,,82.0,PKR,False,False,False,False,False,False
2026-02-18 12:46:57.014,Faysal Noor World,Office Loans,,"Siraj""s GMK and orion bubble wrap",500,Transfer-Out,,500.0,PKR,False,False,False,False,False,False
2026-02-18 14:14:20.571,Faysal Noor World,Split,,Extraction with Bhatti,787,Transfer-Out,Equal,787.0,PKR,False,False,False,False,False,False
2026-02-18 14:14:20.571,Split,Ahmad Bhatti Loans,,Extraction Bhatti's part,394,Transfer-Out,Equal,394.0,PKR,False,False,False,False,False,False
2026-02-18 14:14:20.571,Split,Food,Unnecessary,Extraction my part,394,Expense,Equal,394.0,PKR,False,False,False,False,False,False
2026-02-18 14:16:26.105,Faysal Noor World,Household,General,FP Groceries Ramazan,3425,Expense,Aata etc ,3425.0,PKR,False,False,False,False,False,False
2026-02-18 14:16:38.164,Faysal Noor World,Food,Unnecessary,FP Alishba Dominos Breakfast,2238,Expense,,2238.0,PKR,False,False,False,False,False,False
2026-02-18 14:18:00.277,Ahmad Bhatti Loans,Food,Necessary,Madina Yakhni Plao my part,500,Expense,,500.0,PKR,False,False,False,False,False,False
2026-02-18 16:29:41.173,JazzCash,Mama Loan,,To Azra for Mama,500,Transfer-Out,,500.0,PKR,False,False,False,False,False,False
2026-02-18 18:19:29.547,JazzCash,Mama Loan,,To Azra for Mama,1200,Transfer-Out,,1200.0,PKR,False,False,False,False,False,False
2026-02-18 18:19:35.496,Faysal Noor World,Health,Sports,Spinergy Feb 18 to Mar 18,27000,Expense,"2k demo class, 25k for 8 classes",27000.0,PKR,False,False,False,False,False,False
2026-02-18 19:00:52.688,Meezan Bank,Miscellaneous,,Petty cash,2000,Expense,,2000.0,PKR,False,False,False,False,True,False
2026-02-18 19:03:44.118,Faysal Noor World,Transportation,Car,Yaris fuel ⛽,7690,Expense,Aramco hi ,7690.0,PKR,False,False,False,False,False,False
2026-02-18 20:55:24.505,Faysal Noor World,Technology,Purchases,Dawlance Air Fryer 3374 B XXL 7.6L,39999,Expense,,39999.0,PKR,False,False,False,False,False,False
2026-02-19 00:17:14.183,Faysal Noor World,Technology,Purchases,Gaming Mouse from Shophive,3499,Expense,"T-DAGGER Corporal T-TGWM100
Order number is 100136284",3499.0,PKR,False,False,False,False,False,False
2026-02-19 00:46:09.100,Faysal Noor World,Alishba Loans,,To Alishba's JazzCash,7000,Transfer-Out,,7000.0,PKR,False,False,False,False,False,False
2026-02-19 12:11:12.842,Faysal Noor World,Family,General,Alishba parcel,1000,Expense,Boxes,1000.0,PKR,False,False,False,False,False,False
2026-02-19 12:41:51.386,Faysal Noor World,Technology,Purchases,Extra sent to Shophive to change mouse,1500,Expense,Redragon M656 Gainer Wireless Gaming Mouse,1500.0,PKR,False,False,False,False,False,False
2026-02-19 15:37:33.467,Meezan Bank,Family,Pet,Josera adult,5150,Expense,,5150.0,PKR,False,False,False,False,False,False
2026-02-19 16:39:47.063,JazzCash,Family,General,Dahi Bhallay for iftar at Alishba's,400,Expense,,400.0,PKR,False,False,False,False,False,False
2026-02-19 16:39:47.063,EasyPaisa,Family,General,Samosay Kachori for iftar at Alishba's,638,Expense,,638.0,PKR,False,False,False,False,False,False
2026-02-19 16:56:37.880,Meezan Bank,Family,General,Biryani Master for Iftar at Alishba's,2350,Expense,,2350.0,PKR,False,False,False,False,False,False
2026-02-19 17:18:53.323,Faysal Noor World,Family,Health/Medicine,Medicine Azam Uncle,4793,Expense,,4793.0,PKR,False,False,False,False,False,False
2026-02-20 06:47:29.914,Meezan Bank,Al Meezan Mutual Funds,,MEF Investment,5000,Transfer-Out,It was dropping so I thought I'd buy some,5000.0,PKR,False,False,False,False,False,False
2026-02-20 18:54:08.728,Mama Loan,Cash,,Mama Sajda Zakat return,5000,Transfer-Out,,5000.0,PKR,False,False,False,False,False,False
2026-02-20 19:40:08.257,Faysal Noor World,Food,Necessary,Alishba FP,1486,Expense,,1486.0,PKR,False,False,False,False,False,False
2026-02-21 00:37:25.168,Split,Food,Unnecessary,Hardees my part,1920,Expense,Half,1920.0,PKR,False,False,False,False,False,False
2026-02-21 00:37:25.168,Faysal Noor World,Split,,Hardees with Bhatti,3840,Transfer-Out,Half,3840.0,PKR,False,False,False,False,False,False
2026-02-21 00:37:25.168,Split,Ahmad Bhatti Loans,,Hardees Bhatti's part,1920,Transfer-Out,Half,1920.0,PKR,False,False,False,False,False,False
2026-02-21 15:15:58.355,Faysal Noor World,Health,Sports,Apollo Sports Apparrel,14700,Expense,"2 shirts, 1 trouser, 1 short, wrist bands",14700.0,PKR,False,False,False,False,False,False
2026-02-21 17:18:58.060,Meezan Bank,Health,Sports,Table Tennis racket purchase from spinergy club,21000,Expense,,21000.0,PKR,False,False,False,False,False,False
2026-02-21 17:19:16.237,Meezan Bank,Bank Charges,,,21,Expense,,21.0,PKR,False,False,False,False,False,False
2026-02-21 18:51:26.484,Faysal Noor World,Family,Health/Medicine,Clinix Wheelchair for Adam Uncle,18961,Expense,,18961.0,PKR,False,False,False,False,False,False
2026-02-21 18:51:50.771,Cash,Donation,,,700,Expense,,700.0,PKR,False,False,False,False,False,False
2026-02-21 19:06:04.527,Faysal Noor World,Family,Gift,Butt Sweets 2× large pizzas for Tabish Clinic,1990,Expense,,1990.0,PKR,False,False,False,False,False,False
2026-02-21 21:11:13.216,Faysal Noor World,Family,Pet,JJ Spay + 2 days boarding,18000,Expense,"16k spay
Pet Pulse Animal Hospital AA Commercial Bahria",18000.0,PKR,False,False,False,False,False,False
2026-02-21 21:31:41.942,Faysal Noor World,Food,Unnecessary,McDonald's cones with Alishba,490,Expense,,490.0,PKR,False,False,False,False,False,False
2026-02-21 22:23:57.988,Faysal Noor World,Family,Gift,FP Areeba,1879,Expense,,1879.0,PKR,False,False,False,False,False,False
2026-02-22 03:23:24.418,Cash,Donation,,To FP rider,1000,Expense,Asked for it,1000.0,PKR,False,False,False,False,False,False
2026-02-22 05:51:05.730,Faysal Noor World,Donation,,FRDP Hunger Donation,9582,Expense,"Transaction ID
b6bc3d43-918f-f56d-9470-753066c485f7",9582.0,PKR,False,False,False,False,False,False
2026-02-22 16:28:15.521,Faysal Noor World,Family,Gift,FP Alishba Solli's,2177,Expense,,2177.0,PKR,False,False,False,False,False,False
2026-02-22 17:09:39.485,Faysal Noor World,Family,Gift,Solli's delivery to Harbanspura rider fee,1000,Expense,,1000.0,PKR,False,False,False,False,False,False
2026-02-22 18:54:20.565,Faysal Noor World,Food,Unnecessary,Extraction,787,Expense,,787.0,PKR,False,False,False,False,False,False
2026-02-22 20:36:42.225,Cash,Donation,,,100,Expense,,100.0,PKR,False,False,False,False,False,False
2026-02-22 20:40:53.021,Faysal Noor World,Transportation,Car,Yaris fuel ⛽,6978,Expense,Aramco hi,6978.0,PKR,False,False,False,False,False,False
2026-02-22 21:59:19.541,Meezan Bank,Health,Sports,Table Tennis half hour with Bhatti,400,Expense,Spinergy,400.0,PKR,False,False,False,False,False,False
2026-02-23 00:20:26.969,Ahmad Bhatti Loans,Food,Unnecessary,Hardees my part,1540,Expense,,1540.0,PKR,False,False,False,False,False,False
2026-02-23 00:20:51.042,Cash,Food,Necessary,Water,60,Expense,,60.0,PKR,False,False,False,False,False,False
2026-02-23 00:21:01.307,Cash,Donation,,,200,Expense,,200.0,PKR,False,False,False,False,False,False
2026-02-23 13:53:07.944,Faysal Noor World,Alishba Loans,,Alishba Facebook Ad,1683,Transfer-Out,,1683.0,PKR,False,False,False,False,False,False
2026-02-23 17:23:39.402,Faysal Noor World,Food,Unnecessary,FP Alishba Iftari,2272,Expense,at her father's house,2272.0,PKR,False,False,False,False,False,False
2026-02-23 17:35:34.106,Faysal Noor World,Food,Unnecessary,FP Alishba,186,Expense,,186.0,PKR,False,False,False,False,False,False
2026-02-24 11:59:05.099,Office Loans,Meezan Bank,,Maryam Rashid returned,3941,Transfer-Out,,3941.0,PKR,False,False,False,False,False,False
2026-02-24 17:24:21.294,Faysal Noor World,Household,General,C&B thunder fillet,1151,Expense,,1151.0,PKR,False,False,False,False,False,False
2026-02-24 19:07:03.976,Faysal Noor World,Food,Necessary,Extraction Coffee,682,Expense,,682.0,PKR,False,False,False,False,False,False
2026-02-25 01:02:23.758,Faysal Noor World,Family,Gift,Alishba sugar free cookies from Jalal sons,899,Expense,,899.0,PKR,False,False,False,False,False,False
2026-02-25 16:51:12.713,Split,Food,Unnecessary,Snacks,1689,Expense,"337 diabetic sock, rest food unnecessary ",1689.0,PKR,False,False,False,False,False,False
2026-02-25 16:51:12.713,Faysal Noor World,Split,,Clinix,2026,Transfer-Out,"337 diabetic sock, rest food unnecessary ",2026.0,PKR,False,False,False,False,False,False
2026-02-25 16:51:12.713,Split,Family,Health/Medicine,Clinix diabetic sock for Azam Uncle,337,Expense,"337 diabetic sock, rest food unnecessary ",337.0,PKR,False,False,False,False,False,False
2026-02-25 17:10:32.066,Faysal Noor World,Food,Necessary,C&B Iftar stuff,1851,Expense,"Milk, buns, cheese slices",1851.0,PKR,False,False,False,False,False,False
2026-02-25 19:02:24.001,Meezan Bank,Spring Apartments,,Spring Apartment April 2026 Partial,173301,Transfer-Out,"Total due by end of April is 474,301/-. Now 200,000/- is left. ",173301.0,PKR,False,False,False,False,False,False
2026-02-25 19:02:24.002,Meezan Bank,Bank Charges,,Fees,100,Expense,,100.0,PKR,False,False,False,False,False,False
2026-02-25 20:48:15.271,Meezan Bank,Abujan Loans,,AFOHS payment for Abujan,6000,Transfer-Out,,6000.0,PKR,False,False,False,False,False,False
2026-02-25 20:48:15.272,Meezan Bank,Bank Charges,,Fees,6,Expense,,6.0,PKR,False,False,False,False,False,False
2026-02-25 22:36:54.124,Meezan Bank,Household,Appliances,Tamoor Fan (Magnum 30W),14550,Expense,Eco-Smart,14550.0,PKR,False,False,False,False,False,False
2026-02-26 14:01:12.090,Meezan Bank,Finqalab,,Finqalab Investment,20000,Transfer-Out,,20000.0,PKR,False,False,False,False,False,False
2026-02-26 14:01:12.091,Meezan Bank,Bank Charges,,Fees,20,Expense,,20.0,PKR,False,False,False,False,False,False
2026-02-26 14:01:59.201,Finqalab,Investment,,Finqalab Loss,3261,Expense,,3261.0,PKR,False,False,False,False,False,False
2026-02-26 15:22:12.549,JazzCash,Health,Health,JazzCash family insurance,2950,Expense,,2950.0,PKR,False,False,False,False,False,False
2026-02-26 15:29:53.499,Meezan Bank,Tabish Loan,,Tabish qarz e hasana,15000,Transfer-Out,For oladoc registration ,15000.0,PKR,False,False,False,False,False,False
2026-02-26 15:44:11.651,Faysal Noor World,Household,General,FP Groceries for Iftar,3814,Expense,,3814.0,PKR,False,False,False,False,False,False
2026-02-26 16:14:15.145,Faysal Noor World,Household,General,Jalal Sons Groceries,975,Expense,,975.0,PKR,False,False,False,False,False,False
2026-02-26 16:15:43.281,Faysal Noor World,Alishba Loans,,Clinix Abott Freestyle Diabetes Meter and Strip,28051,Transfer-Out,Alishba paid it back to me later (30k),28051.0,PKR,False,False,False,False,False,False
2026-02-26 16:16:12.528,Faysal Noor World,Household,General,Cakes & Bakes,361,Expense,Eggs and buns,361.0,PKR,False,False,False,False,False,False
2026-02-26 16:50:41.157,Faysal Noor World,Family,Pet,JJ Boarding Final,5000,Expense,,5000.0,PKR,False,False,False,False,False,False
2026-02-26 16:50:56.033,Faysal Noor World,Family,Pet,JJ Piodine,326,Expense,,326.0,PKR,False,False,False,False,False,False
2026-02-26 17:22:07.966,Meezan Bank,Technology,Purchases,Mousepad Steelseries Qck Cloth,2800,Expense,,2800.0,PKR,False,False,False,False,False,False
2026-02-26 20:51:44.441,Faysal Noor World,Transportation,Car,Yaris fuel ⛽,6222,Expense,Aramco hi,6222.0,PKR,False,False,False,False,False,False
2026-02-26 22:34:57.622,Meezan Bank,Donation,,Donation (Ubair's contact),5000,Expense,,5000.0,PKR,False,False,False,False,False,False
2026-02-26 22:35:13.467,Meezan Bank,Bank Charges,,,5,Expense,,5.0,PKR,False,False,False,False,False,False
2026-02-27 09:32:33.405,Merge,Salary,,FleetGlue Pure Salary #8 27 Feb 2026,699346,Income,,2538.46,USD,False,False,False,False,False,False
2026-02-27 09:35:12.581,Office Loans,Merge,,FleetGlue reimbursement 27 Feb 2026,254317,Transfer-Out,"GMK Boxes carry charges, courier",923.11,USD,False,False,True,True,False,False
2026-02-27 09:36:25.661,Merge,Tax,,1% tax on salary,9538,Expense,,34.62,USD,False,False,False,False,False,False
2026-02-27 09:37:13.495,Merge,Meezan Bank,,FleetGlue Salary #8 27 Feb 2026,944164,Transfer-Out,,944164.0,PKR,False,False,False,False,False,False
2026-02-27 09:38:14.745,Merge,Miscellaneous,,,749,Income,,749.0,PKR,False,False,False,False,False,False
2026-02-27 09:39:43.010,Faysal Noor World,Miscellaneous,,Miscellaneous,17073,Expense,Bring in line with app outst. Balance,17073.0,PKR,False,False,False,False,False,False
2026-02-27 09:40:53.084,Meezan Bank,Faysal Noor World,,Faysal Noor Credit Card Bill Payment,418635,Transfer-Out,100% paid,418635.0,PKR,False,False,False,False,False,False
2026-02-27 09:44:04.921,Meezan Bank,Tabish Loan,,Tabish qarz e hasana,60000,Transfer-Out,,60000.0,PKR,False,False,False,False,False,False
2026-02-27 09:45:32.513,Meezan Bank,Abdul Sami Loans,,Abdul Sami Qarz e hasana,50000,Transfer-Out,,50000.0,PKR,False,False,False,False,False,False
2026-02-27 09:46:48.933,Meezan Bank,Al Meezan Mutual Funds,,Mutual Funds Investment MCF,100000,Transfer-Out,,100000.0,PKR,False,False,False,False,False,False
2026-02-27 09:49:29.849,Meezan Bank,Abujan Loans,,Abujan February 2026 Hisaab Cleared,38183,Transfer-Out,,38183.0,PKR,False,False,False,False,True,False
2026-02-27 09:49:29.850,Meezan Bank,Bank Charges,,Fees,80,Expense,,80.0,PKR,False,False,False,False,False,False
2026-02-27 09:50:33.292,Office Loans,Miscellaneous,,Hisaab correction,128920,Income,,128920.0,PKR,False,False,False,False,True,False
2026-02-27 09:53:19.704,Meezan Bank,Household,Bills,Nadeem Maali Salary,3500,Expense,,3500.0,PKR,False,False,False,False,False,False
2026-02-27 09:53:43.600,Meezan Bank,Family,Pocket Money,Alishba Pocket Money Mar 2026,150000,Expense,,150000.0,PKR,False,False,False,False,False,False
2026-02-27 13:24:41.147,Meezan Bank,Office Loans,,The Cubicle March 2026,53108,Transfer-Out,,53108.0,PKR,False,False,False,False,False,False
2026-02-27 13:24:41.148,Meezan Bank,Bank Charges,,Fees,82,Expense,,82.0,PKR,False,False,False,False,False,False
2026-02-27 15:25:16.083,Meezan Bank,HBL,,,2500,Transfer-Out,,2500.0,PKR,False,False,False,False,False,False
2026-02-27 15:30:54.618,HBL,Technology,Bills,Netflix,1155,Expense,,1155.0,PKR,False,False,False,False,False,False
2026-02-27 18:40:25.628,Faysal Noor World,Family,Health/Medicine,Clinix Abott Freestyle Diabetes Strip,19336,Expense,,19336.0,PKR,False,False,False,False,False,False
2026-02-27 18:40:48.178,Alishba Loans,Meezan Bank,,Alishba sent for Abott Freestyle,30000,Transfer-Out,,30000.0,PKR,False,False,False,False,False,False
2026-02-27 18:46:02.791,Faysal Noor World,Family,Gift,Dates from Islamic Shehed Center,2250,Expense,,2250.0,PKR,False,False,False,False,False,False
2026-02-27 19:25:00.112,Faysal Noor World,Food,Unnecessary,Extraction,787,Expense,,787.0,PKR,False,False,False,False,False,False
2026-02-27 20:13:30.791,Faysal Noor World,Food,Necessary,Water from Extraction,94,Expense,,94.0,PKR,False,False,False,False,False,False
2026-02-28 15:09:44.036,JazzCash,Technology,Bills,Zong prepaid balance,500,Expense,,500.0,PKR,False,False,False,False,False,False
2026-02-28 17:30:33.573,Faysal Noor World,Family,Pet,JJ Vet Visit post spay,2100,Expense,,2100.0,PKR,False,False,False,False,False,False
2026-02-28 17:55:52.535,Faysal Noor World,Household,General,Iftari stuff,490,Expense,,490.0,PKR,False,False,False,False,False,False
2026-02-28 17:56:03.150,Cash,Food,Necessary,Biryani master iftari,600,Expense,,600.0,PKR,False,False,False,False,False,False
2026-02-28 20:02:28.492,JazzCash,Technology,Purchases,Jazz We5 Super Family Package,2999,Expense,,2999.0,PKR,False,False,False,False,False,False
2026-02-28 20:03:51.927,Meezan Bank,JazzCash,,,5000,Transfer-Out,,5000.0,PKR,False,False,False,False,False,False
2026-02-28 20:03:51.928,Meezan Bank,Bank Charges,,Fees,5,Expense,,5.0,PKR,False,False,False,False,False,False
2026-02-28 23:55:17.038,Meezan Bank,Miscellaneous,,Petty cash,4000,Expense,,4000.0,PKR,False,False,False,False,True,False
2026-03-01 16:35:59.768,Faysal Noor World,Technology,Purchases,FP Groceries USB (Sandish Flair) etc,5171,Expense,Refunded to fp credit,5171.0,PKR,False,False,False,False,False,False
2026-03-01 17:04:59.260,Faysal Noor World,Technology,Purchases,USB,3500,Expense,,3500.0,PKR,False,False,False,False,False,False
2026-03-01 17:12:58.851,Faysal Noor World,Food,Unnecessary,Pizza Hut iftar takeaway,3129,Expense,,3129.0,PKR,False,False,False,False,False,False
2026-03-02 02:24:21.619,Faysal Noor World,Transportation,Car,Yaris fuel ⛽,7159,Expense,,7159.0,PKR,False,False,False,False,False,False
2026-03-03 15:33:24.908,Ahmad Bhatti Loans,Food,Unnecessary,Hardees,1212,Expense,,1212.0,PKR,False,False,False,False,False,False
2026-03-03 16:27:50.428,Umaid Loan,Meezan Bank,,For Umaid Spring Payment,400000,Transfer-Out,,400000.0,PKR,False,True,False,True,False,False
2026-03-03 18:49:42.152,Faysal Noor World,Food,Unnecessary,Extraction,787,Expense,,787.0,PKR,False,False,False,False,False,False
2026-03-03 23:36:54.785,Faysal Noor World,Alishba Loans,,Alishba spent on SFPY*Sowears KHI online,8455,Transfer-Out,,8455.0,PKR,False,False,False,False,False,False
2026-03-04 01:20:45.584,Meezan Bank,Bank Charges,,Umaid's 400k sent to Spring,200,Expense,,200.0,PKR,False,False,False,False,False,False
2026-03-04 01:50:39.539,Alishba Loans,Meezan Bank,,Alishba returned for online order,8455,Transfer-Out,,8455.0,PKR,False,False,False,False,False,False
2026-03-04 05:04:52.193,Faysal Noor World,Family,Health/Medicine,Alishba Journable Subscription,2799,Expense,,2799.0,PKR,False,False,False,False,False,False
2026-03-04 06:39:29.724,Faysal Noor World,Bank Charges,,,10,Expense,,10.0,PKR,False,False,False,False,False,False
2026-03-04 06:39:38.887,Faysal Noor World,Culture,Books,Readings book,2755,Expense,A Matter of Death and Life - Irvin Yalom and Marilyn Yalom,2755.0,PKR,False,False,False,False,False,False
2026-03-04 16:27:50.428,Meezan Bank,Umaid Loan,,Umaid Spring Payment,400000,Transfer-Out,,400000.0,PKR,False,True,False,True,False,False
2026-03-04 16:43:01.700,Faysal Noor World,Household,General,FP Groceries,1810,Expense,,1810.0,PKR,False,False,False,False,False,False
2026-03-04 16:43:16.883,Faysal Noor World,Family,Pet,JJ Vet Visit + treats,2200,Expense,,2200.0,PKR,False,False,False,False,False,False
2026-03-04 18:52:53.373,Faysal Noor World,Household,Unnecessary,Iftar mat,2699,Expense,The cloud bedding,2699.0,PKR,False,False,False,False,False,False
2026-03-04 19:16:44.596,Faysal Noor World,Family,Health/Medicine,Alishba physician visit,2000,Expense,"Hi care clinic
Dr. Ahmad Nadeem Sheikh",2000.0,PKR,False,False,False,False,False,False
2026-03-04 19:27:52.813,Faysal Noor World,Family,Health/Medicine,Alishba sugar check,200,Expense,,200.0,PKR,False,False,False,False,False,False
2026-03-04 21:41:56.394,Faysal Noor World,Family,Health/Medicine,Pharmacy,786,Expense,,786.0,PKR,False,False,False,False,False,False
2026-03-04 21:42:06.911,Faysal Noor World,Family,Health/Medicine,Pharmacy,1030,Expense,,1030.0,PKR,False,False,False,False,False,False
2026-03-04 22:41:23.643,Faysal Noor World,Food,Necessary,FP Yakhni Plao,1141,Expense,,1141.0,PKR,False,False,False,False,False,False
2026-03-05 06:07:20.916,Faysal Noor World,Apparel,Fashion,Muraqqa abd-al-Sehr,8075,Expense,,8075.0,PKR,False,False,False,False,False,False
2026-03-05 15:45:08.172,Faysal Noor World,Donation,,Al Fatah Ramzan Hampers,14795,Expense,,14795.0,PKR,False,False,False,False,False,False
2026-03-05 16:14:37.077,Faysal Noor World,Food,Necessary,FP Yakhni Plao for Alishba,1035,Expense,,1035.0,PKR,False,False,False,False,False,False
2026-03-05 16:30:59.779,Faysal Noor World,Household,General,FP Groceries,6037,Expense,,6037.0,PKR,False,False,False,False,False,False
2026-03-05 20:06:05.986,Faysal Noor World,Donation,,Guard Baba Younas,3000,Expense,,3000.0,PKR,False,False,False,False,False,False
2026-03-05 21:15:42.607,Meezan Bank,Family,Pet,Vet,1000,Expense,,1000.0,PKR,False,False,False,False,False,False
2026-03-06 02:15:36.591,Faysal Noor World,Family,Health/Medicine,ORS,300,Expense,,300.0,PKR,False,False,False,False,False,False
2026-03-06 16:45:25.180,Faysal Noor World,Food,Unnecessary,FP Alishba Chongqing Wei Dao Iftari,2758,Expense,,2758.0,PKR,False,False,False,False,False,False
2026-03-06 16:50:09.995,Faysal Noor World,Food,Unnecessary,FP Beef Chilli Dry from Mei Kong,1875,Expense,,1875.0,PKR,False,False,False,False,False,False
2026-03-06 18:59:25.895,Faysal Noor World,Family,Pet,JJ vet visit + toys + wet food,2000,Expense,,2000.0,PKR,False,False,False,False,False,False
2026-03-06 19:08:30.963,Faysal Noor World,Family,Pet,JJ med,500,Expense,,500.0,PKR,False,False,False,False,False,False
2026-03-06 21:48:11.026,Faysal Noor World,Family,Pet,JJ X-Ray,3000,Expense,,3000.0,PKR,False,False,False,False,False,False
2026-03-07 03:09:06.081,Faysal Noor World,Health,Sports,TT Racket Cleaner Spray,2800,Expense,,2800.0,PKR,False,False,False,False,False,False
2026-03-07 03:11:38.637,Faysal Noor World,Transportation,Car,Yaris fuel ⛽,5098,Expense,Aramco,5098.0,PKR,False,False,False,False,False,False
2026-03-07 14:59:33.203,Faysal Noor World,Donation,,Donation to Saad Aleem for LUMS staff,2000,Expense,,2000.0,PKR,False,False,False,False,False,False
2026-03-07 17:31:34.396,Faysal Noor World,Family,Pet,JJ FIP Treatment,3390,Expense,,3390.0,PKR,False,False,False,False,False,False
2026-03-07 17:48:34.747,Faysal Noor World,Food,Necessary,FP Yakhni Plao iftar,977,Expense,,977.0,PKR,False,False,False,False,False,False
2026-03-07 21:21:59.145,Faysal Noor World,Food,Unnecessary,Artisan Coffee with Bhatti,724,Expense,Half,724.0,PKR,False,False,False,False,False,False
2026-03-08 01:10:00.050,Faysal Noor World,Household,General,Euro Store groceries,550,Expense,,550.0,PKR,False,False,False,False,False,False
2026-03-08 15:49:38.838,Meezan Bank,Family,Pet,JJ GS Injections,75000,Expense,,75000.0,PKR,False,False,False,False,False,False
2026-03-08 16:48:03.047,Faysal Noor World,Household,Water,C&B water×2,481,Expense,,481.0,PKR,False,False,False,False,False,False
2026-03-08 16:57:26.317,Faysal Noor World,Household,Unnecessary,Heinz,1295,Expense,,1295.0,PKR,False,False,False,False,False,False
2026-03-08 17:24:01.666,Faysal Noor World,Food,Unnecessary,FP Hardees Iftar,2342,Expense,,2342.0,PKR,False,False,False,False,False,False
2026-03-08 19:51:49.225,Faysal Noor World,Family,Pet,JJ Vet Visit,6250,Expense,"Injection #2 (GS)
CBC, LFT",6250.0,PKR,False,False,False,False,False,False
2026-03-08 21:52:03.872,Faysal Noor World,Split,,McDonald's with Wasiq and Bhatti,1350,Transfer-Out,"3/6 me, 2/6 Bhatti, 1/6 Wasiq",1350.0,PKR,False,False,False,False,False,False
2026-03-08 21:52:03.872,Split,Ahmad Bhatti Loans,,McDonald's Bhatti's part,450,Transfer-Out,"3/6 me, 2/6 Bhatti, 1/6 Wasiq",450.0,PKR,False,False,False,False,False,False
2026-03-08 21:52:03.872,Split,Wasiq Loan,,McDonald's Wasiq's part,225,Transfer-Out,"3/6 me, 2/6 Bhatti, 1/6 Wasiq",225.0,PKR,False,False,False,False,False,False
2026-03-08 21:52:03.872,Split,Food,Unnecessary,McDonald's my part,675,Expense,"3/6 me, 2/6 Bhatti, 1/6 Wasiq",675.0,PKR,False,False,False,False,False,False
2026-03-08 22:24:48.888,Meezan Bank,Household,Bills,Bahria PTCL Bill,8190,Expense,,8190.0,PKR,False,False,False,False,False,False
2026-03-08 22:25:14.056,Meezan Bank,Household,Bills,SNGPL Bahria,1000,Expense,,1000.0,PKR,False,False,False,False,False,False
2026-03-08 22:26:41.359,Meezan Bank,Abujan Loans,,Sahowari LESCO Bill #1,6082,Transfer-Out,,6082.0,PKR,False,False,False,False,False,False
2026-03-08 22:26:53.967,Meezan Bank,Abujan Loans,,Sahowari LESCO Bill #2,5606,Transfer-Out,,5606.0,PKR,False,False,False,False,False,False
2026-03-08 22:27:10.327,Meezan Bank,Abujan Loans,,Sahowari LESCO Bill #3,89,Transfer-Out,,89.0,PKR,False,False,False,False,False,False
2026-03-08 23:08:08.660,Faysal Noor World,Cash,,Faysal Credit Card Cashed,21000,Transfer-Out,For bahria bills (to maali) and kaamwali,21000.0,PKR,False,False,False,False,False,False
2026-03-08 23:08:33.197,Cash,Household,Bills,Bahria Electricity Bill Feb 2026,9120,Expense,,9120.0,PKR,False,False,False,False,False,False
2026-03-08 23:09:06.287,Cash,Household,Bills,Bahria Maintenance Bill Feb 2026,4600,Expense,,4600.0,PKR,False,False,False,False,False,False
2026-03-08 23:09:34.901,Cash,Donation,,Maali tip,1280,Expense,,1280.0,PKR,False,False,False,False,False,False
2026-03-08 23:09:44.463,Cash,Household,Bills,Kaamwali Bahria,6000,Expense,,6000.0,PKR,False,False,False,False,False,False
2026-03-09 06:51:41.146,Faysal Noor World,Household,Maintenance,Hik vision box adapter,564,Expense,,564.0,PKR,False,False,False,False,False,False
2026-03-09 17:23:29.829,Faysal Noor World,Household,General,FP Groceries,1473,Expense,,1473.0,PKR,False,False,False,False,False,False
2026-03-09 17:33:24.091,Meezan Bank,Abujan Loans,,To Wasif for Abujan,5000,Transfer-Out,,5000.0,PKR,False,False,False,False,False,False
2026-03-09 20:13:03.961,Faysal Noor World,Social Life,Friend,Chaaye Khana with Bhatti,1013,Expense,,1013.0,PKR,False,False,False,False,False,False
2026-03-09 20:39:50.047,Faysal Noor World,Family,Pet,JJ Vet Visit,1500,Expense,"Injection #3 (GS)
IV Drip
Diarrhoea medicines
Blood parasite medicines",1500.0,PKR,False,False,False,False,False,False
2026-03-09 22:33:05.904,Faysal Noor World,Food,Necessary,FP coffee for Alishba,873,Expense,,873.0,PKR,False,False,False,False,False,False
2026-03-10 16:21:27.309,Faysal Noor World,Mama Loan,,Mama Sajda Zakat,5000,Transfer-Out,,5000.0,PKR,False,False,False,False,False,False
2026-03-10 17:40:18.702,Faysal Noor World,Family,Pet,JJ Vet Visit,1750,Expense,GS Injection #4,1750.0,PKR,False,False,False,False,False,False
2026-03-10 17:55:49.655,Faysal Noor World,Household,General,"Milk, eggs, remote cells, spirit zero",850,Expense,,850.0,PKR,False,False,False,False,False,False
2026-03-10 21:19:07.265,Faysal Noor World,Alishba Loans,,Yum Chinese Gulberg Birthday Dinner,7733,Transfer-Out,,7733.0,PKR,False,False,False,False,False,False
2026-03-10 21:30:56.682,Faysal Noor World,Food,Unnecessary,Extraction with Alishba,1204,Expense,Iced spanish + cream cheese pound cake,1204.0,PKR,False,False,False,False,False,False
2026-03-10 23:46:17.515,JazzCash,Transportation,,M-Tag,3000,Expense,,3000.0,PKR,False,False,False,False,False,False
2026-03-10 23:46:41.470,JazzCash,Abujan Loans,,Abujan M-Tag,500,Transfer-Out,,500.0,PKR,False,False,False,False,False,False
2026-03-11 01:11:38.021,Faysal Noor World,Family,Health/Medicine,ORS + water,335,Expense,,335.0,PKR,False,False,False,False,False,False
2026-03-11 15:06:23.623,EasyPaisa,Household,Maintenance,Electrician Imran fan installation,1500,Expense,Tamoor fans,1500.0,PKR,False,False,False,False,False,False
2026-03-11 17:04:22.716,Faysal Noor World,Household,General,FP Groceries,4114,Expense,,4114.0,PKR,False,False,False,False,False,False
2026-03-11 19:29:36.287,Faysal Noor World,Food,Unnecessary,FP coffee,973,Expense,,973.0,PKR,False,False,False,False,False,False
2026-03-11 20:45:50.790,Faysal Noor World,Family,Pet,JJ Vet Visit,2500,Expense,"GS injection #5
IV drip
Bukhar medicine (105°F)
Diarrhoea",2500.0,PKR,False,False,False,False,False,False
2026-03-11 22:57:59.215,Faysal Noor World,Ahmad Bhatti Loans,,Bonnie for Bhatti,2400,Transfer-Out,,2400.0,PKR,False,False,False,False,False,False
2026-03-12 00:31:46.329,Faysal Noor World,Household,General,Al fatah glass water bottles,5981,Expense,,5981.0,PKR,False,False,False,False,False,False
2026-03-12 00:32:00.095,Faysal Noor World,Family,General,Areeba LUMS course,56212,Expense,,56212.0,PKR,False,False,False,False,False,False
2026-03-12 03:05:21.985,Faysal Noor World,Transportation,Car,Yaris fuel ⛽,6115,Expense,Aramco hi,6115.0,PKR,False,False,False,False,False,False
2026-03-12 17:37:25.225,Faysal Noor World,Food,Unnecessary,FP Iftari Mei Kong,1945,Expense,,1945.0,PKR,False,False,False,False,False,False
2026-03-12 18:39:39.718,JazzCash,Donation,,Guard Amjad,500,Expense,,500.0,PKR,False,False,False,False,False,False
2026-03-12 18:47:04.740,Al Meezan Mutual Funds,Meezan Bank,,,50000,Transfer-Out,,50000.0,PKR,False,False,False,False,False,False
2026-03-12 18:47:04.741,Al Meezan Mutual Funds,Bank Charges,,Fees,70,Expense,,70.0,PKR,False,False,False,False,False,False
2026-03-12 18:56:34.081,Ahmad Bhatti Loans,Meezan Bank,,,30000,Transfer-Out,,30000.0,PKR,False,False,False,False,False,False
2026-03-12 18:56:40.688,Wasiq Loan,Meezan Bank,,,15000,Transfer-Out,,15000.0,PKR,False,False,False,False,False,False
2026-03-12 18:56:51.773,Alishba Loans,Family,Gift,Alishba shah alami,42165,Expense,Maaf kiya,42165.0,PKR,False,False,False,False,False,False
2026-03-12 18:56:51.773,Meezan Bank,Alishba Loans,,Alishba shah alami,42165,Transfer-Out,,42165.0,PKR,False,False,False,False,False,False
2026-03-12 19:22:13.644,Faysal Noor World,Food,Unnecessary,Beef Jerky,1650,Expense,The Sweet Heat Co,1650.0,PKR,False,False,False,False,False,False
2026-03-12 19:40:07.949,Split,Donation,,stray cat food,1200,Expense,"Like 1200 for stray cat food, the rest for JJ",1200.0,PKR,False,False,False,False,False,False
2026-03-12 19:40:07.949,Split,Family,Pet,JJ Vet visit,1850,Expense,"Like 1200 for stray cat food, the rest for JJ",1850.0,PKR,False,False,False,False,False,False
2026-03-12 19:40:07.949,Faysal Noor World,Split,,JJ Vet visit + stray cat food,3050,Transfer-Out,"Like 1200 for stray cat food, the rest for JJ",3050.0,PKR,False,False,False,False,False,False
2026-03-12 19:53:52.604,Faysal Noor World,Food,Unnecessary,Coffee,724,Expense,,724.0,PKR,False,False,False,False,False,False
2026-03-12 22:42:36.557,Meezan Bank,Wasiq Loan,,Returned,15000,Transfer-Out,,15000.0,PKR,False,False,False,False,False,False
2026-03-12 22:42:49.463,Meezan Bank,Ahmad Bhatti Loans,,Returned,30000,Transfer-Out,,30000.0,PKR,False,False,False,False,False,False
2026-03-13 02:03:59.479,Meezan Bank,Miscellaneous,,Petty cash,2500,Expense,,2500.0,PKR,False,False,False,False,True,False
2026-03-13 06:04:48.103,Merge,Salary,,FleetGlue Pure Salary #9 13 Mar 2026,691636,Income,,2538.46,USD,False,False,False,False,False,False
2026-03-13 06:07:09.349,Office Loans,Merge,,FleetGlue office reimbursement 13 Mar 2026,51632,Transfer-Out,,189.5,USD,False,False,True,True,False,False
2026-03-13 06:08:18.097,Merge,Meezan Bank,,FleetGlue Salary #9 13 Mar 2026,743268,Transfer-Out,,743268.0,PKR,False,False,False,False,False,False
2026-03-13 06:18:46.223,Meezan Bank,Al Meezan Mutual Funds,,15% of Salary Invested in MCF,111490,Transfer-Out,,111490.0,PKR,False,False,False,False,False,False
2026-03-13 06:22:57.037,Meezan Bank,JazzCash,,,15000,Transfer-Out,,15000.0,PKR,False,False,False,False,False,False
2026-03-13 06:24:35.003,Meezan Bank,Family,Pocket Money,Mama Pocket Money Mar 2026,50000,Expense,Belated,50000.0,PKR,False,False,False,False,False,False
2026-03-13 06:25:51.177,Ahmad Bhatti Loans,Food,Unnecessary,McDonald's,660,Expense,,660.0,PKR,False,False,False,False,False,False
2026-03-13 06:30:00.524,Meezan Bank,Split,,Table tennis,800,Transfer-Out,,800.0,PKR,False,False,False,False,False,False
2026-03-13 06:30:30.722,Split,Ahmad Bhatti Loans,,Table Tennis Bhatti's part,400,Transfer-Out,,400.0,PKR,False,False,False,False,False,False
2026-03-13 06:30:42.936,Split,Health,Sports,Table Tennis my part,400,Expense,,400.0,PKR,False,False,False,False,False,False
2026-03-13 11:23:45.122,Aliyan Loans,Miscellaneous,,,69,Expense,,69.0,PKR,False,False,False,False,False,False
2026-03-13 14:57:32.642,Meezan Bank,Faysal Noor World,,Faysal Noor Credit Card Advance Bill Payment,270279,Transfer-Out,100%,270279.0,PKR,False,False,False,False,False,False
2026-03-13 17:50:44.586,Faysal Noor World,Food,Unnecessary,FP Iftari JJ,1035,Expense,,1035.0,PKR,False,False,False,False,False,False
2026-03-13 19:57:59.228,Faysal Noor World,Family,Pet,JJ Vet Visit,1000,Expense,"GS injection, subcutaneous injection ",1000.0,PKR,False,False,False,False,False,False
2026-03-13 22:11:40.806,JazzCash,Household,Furniture,Delivery of full height mirror from Shah Alami,2500,Expense,,2500.0,PKR,False,False,False,False,False,False
2026-03-13 23:01:43.830,Meezan Bank,Split,,For Fahad Wedding,100000,Transfer-Out,"50k salami, 50k Bhatti's salami to Fahad which he'll pay me back",100000.0,PKR,False,False,False,False,False,False
2026-03-13 23:01:43.830,Split,Ahmad Bhatti Loans,,For Fahad Wedding salami,50000,Transfer-Out,"50k salami, 50k Bhatti's salami to Fahad which he'll pay me back",50000.0,PKR,False,False,False,False,False,False
2026-03-13 23:01:43.830,Split,Donation,,Fahad salami,50000,Expense,"50k salami, 50k Bhatti's salami to Fahad which he'll pay me back",50000.0,PKR,False,False,False,False,False,False
2026-03-14 01:35:10.802,Faysal Noor World,Food,Unnecessary,FP Bundu Khan,2933,Expense,,2933.0,PKR,False,False,False,False,False,False
2026-03-14 01:38:57.580,Meezan Bank,Miscellaneous,,"Do hisaab, all clear",5179,Expense,,5179.0,PKR,False,False,False,False,True,False
2026-03-14 16:05:44.713,Cash,Household,Maintenance,"Samad bond, elfi",200,Expense,,200.0,PKR,False,False,False,False,False,False
2026-03-15 00:22:47.231,Faysal Noor World,Split,,Hardees with Wasiq,1650,Transfer-Out,Half,1650.0,PKR,False,False,False,False,False,False
2026-03-15 00:22:47.231,Split,Wasiq Loan,,Hardees Wasiq's part,825,Transfer-Out,Half,825.0,PKR,False,False,False,False,False,False
2026-03-15 00:22:47.231,Split,Food,Unnecessary,Hardees my part,825,Expense,Half,825.0,PKR,False,False,False,False,False,False
2026-03-15 00:48:02.958,Meezan Bank,Miscellaneous,,Petty cash,2500,Expense,,2500.0,PKR,False,False,False,False,True,False
2026-03-15 17:29:40.677,Faysal Noor World,Food,Unnecessary,FP Mei Kong iftar,1875,Expense,,1875.0,PKR,False,False,False,False,False,False
2026-03-15 19:22:59.910,Faysal Noor World,Family,Pet,JJ Vet Visit,2000,Expense,GS Injection + 3× klumpy litter,2000.0,PKR,False,False,False,False,False,False
2026-03-15 19:50:48.496,Meezan Bank,HBL,,,4000,Transfer-Out,,4000.0,PKR,False,False,False,False,False,False
2026-03-15 20:23:59.392,Meezan Bank,Alishba Loans,,Alishba M&P Courier,600,Transfer-Out,Gujranwala Perfumes,600.0,PKR,False,False,False,False,False,False
2026-03-15 20:24:31.001,Faysal Noor World,Food,Unnecessary,CBTL croissant and water,504,Expense,,504.0,PKR,False,False,False,False,False,False
2026-03-15 20:47:35.575,Faysal Noor World,Health,Medicine,ORS,360,Expense,,360.0,PKR,False,False,False,False,False,False
2026-03-15 21:18:05.190,Meezan Bank,Abujan Loans,,To Shehzad Qadir for Abujan,15000,Transfer-Out,,15000.0,PKR,False,False,False,False,False,False
2026-03-15 21:52:51.289,Faysal Noor World,Food,Unnecessary,FP Post Iftar Hardees,2832,Expense,,2832.0,PKR,False,False,False,False,False,False
2026-03-15 22:42:18.324,Faysal Noor World,Food,Unnecessary,FP Dessert,756,Expense,,756.0,PKR,False,False,False,False,False,False
2026-03-16 01:44:51.622,Meezan Bank,Family,Pocket Money,Alishba Pocket Money March 2026 Extra,30000,Expense,,30000.0,PKR,False,False,False,False,False,False
2026-03-16 05:41:59.517,Al Meezan Mutual Funds,Meezan Bank,,For Danish Daman,250000,Transfer-Out,,250000.0,PKR,False,False,False,False,False,False
2026-03-16 05:41:59.518,Al Meezan Mutual Funds,Bank Charges,,Fees,100,Expense,,100.0,PKR,False,False,False,False,False,False
2026-03-16 05:43:08.121,Al Meezan Mutual Funds,Meezan Bank,,For Danish Daman,250000,Transfer-Out,,250000.0,PKR,False,False,False,False,False,False
2026-03-16 05:43:08.122,Al Meezan Mutual Funds,Bank Charges,,Fees,100,Expense,,100.0,PKR,False,False,False,False,False,False
2026-03-16 05:44:50.312,Meezan Bank,Danish Loan,,Danish Daman City Payment,500000,Transfer-Out,,500000.0,PKR,False,False,False,False,False,False
2026-03-16 05:46:49.419,Danish Loan,Miscellaneous,,,8590,Income,,8590.0,PKR,False,False,False,False,False,False
2026-03-16 05:50:06.181,Abujan Loans,Family,Pocket Money,Abujan Pocket Money March 2026,80000,Expense,,80000.0,PKR,False,False,False,False,False,False
2026-03-16 15:26:19.910,Faysal Noor World,Alishba Loans,,Evermore Facebook ads,2379,Transfer-Out,,2379.0,PKR,False,False,False,False,False,False
2026-03-16 17:21:04.703,Meezan Bank,Transportation,Car Maintenance,Yaris wash Amjad,500,Expense,,500.0,PKR,False,False,False,False,False,False
2026-03-16 20:31:09.999,JazzCash,Transportation,Taxi,InDrive to office,889,Expense,,889.0,PKR,False,False,False,False,False,False
2026-03-17 03:23:27.802,Faysal Noor World,Health,Sports,Spinergy,800,Expense,,800.0,PKR,False,False,False,False,False,False
2026-03-17 12:31:57.869,Ahmad Bhatti Loans,Meezan Bank,,Bhatti returned Fahad wedding loan,50000,Transfer-Out,,50000.0,PKR,False,False,False,False,False,False
2026-03-17 15:58:56.368,Meezan Bank,Donation,,Islamia Arbia Trust Donation,10000,Expense,,10000.0,PKR,False,False,False,False,False,False
2026-03-17 16:10:30.604,Meezan Bank,Profit,,Indus Motors Dividend,194,Income,,194.0,PKR,False,False,False,False,False,False
2026-03-17 19:03:04.272,Faysal Noor World,Family,Pet,JJ Vet Visit,500,Expense,GS Injection,500.0,PKR,False,False,False,False,False,False
2026-03-17 19:21:59.797,Faysal Noor World,Food,Unnecessary,Artisan coffee,724,Expense,,724.0,PKR,False,False,False,False,False,False
2026-03-17 19:24:18.044,Faysal Noor World,Food,Unnecessary,FP Bundu Khan for Alishba,4669,Expense,,4669.0,PKR,False,False,False,False,False,False
2026-03-18 00:51:20.747,Faysal Noor World,Transportation,Car,Yaris fuel ⛽,7784,Expense,Aramco hi,7784.0,PKR,False,False,False,False,False,False
2026-03-18 01:17:51.249,Faysal Noor World,Food,Unnecessary,McDonald's,830,Expense,,830.0,PKR,False,False,False,False,False,False
2026-03-18 02:55:39.724,Faysal Noor World,Split,,Amazon uk purchase,4940,Transfer-Out,"Table tennis racket cover, mouse case",4940.0,PKR,False,False,False,False,False,False
2026-03-18 02:55:39.724,Split,Health,Sports,Amazon uk table tennis racket cover,3029,Expense,"Table tennis racket cover, mouse case",3029.0,PKR,False,False,False,False,False,False
2026-03-18 02:55:39.724,Split,Health,Sports,Amazon uk mouse hard case,1911,Expense,"Table tennis racket cover, mouse case",1911.0,PKR,False,False,False,False,False,False
2026-03-18 12:01:28.851,Faysal Noor World,Technology,Purchases,Turbo jet fan plus vacuum,6300,Expense,turbojet-oz.store,6300.0,PKR,False,False,False,False,False,False
2026-03-18 17:24:14.921,Faysal Noor World,Food,Unnecessary,FP Pizza hut iftar,1960,Expense,,1960.0,PKR,False,False,False,False,False,False
2026-03-18 18:42:19.348,Meezan Bank,Donation,,Bahria Maali Eidi,2000,Expense,,2000.0,PKR,False,False,False,False,False,False
2026-03-18 19:03:58.363,Meezan Bank,Family,Pet,JJ GS Injections,45000,Expense,3 vials,45000.0,PKR,False,False,False,False,False,False
2026-03-18 22:26:35.556,Faysal Noor World,Family,Gift,Advance for custom cake,2000,Expense,To Cake Legends Lahore for Alishba evermore eid celebration cake,2000.0,PKR,False,False,False,False,False,False
2026-03-19 01:58:02.063,Split,Wasiq Loan,,Spinergy Wasiq's part,267,Transfer-Out,Equal,267.0,PKR,False,False,False,False,False,False
2026-03-19 01:58:02.063,Faysal Noor World,Split,,Spinergy with Bhatti and Wasiq,800,Transfer-Out,Equal,800.0,PKR,False,False,False,False,False,False
2026-03-19 01:58:02.063,Split,Health,Sports,Spinergy my part,267,Expense,Equal,267.0,PKR,False,False,False,False,False,False
2026-03-19 01:58:02.063,Split,Ahmad Bhatti Loans,,Spinergy Bhatti's part,267,Transfer-Out,Equal,267.0,PKR,False,False,False,False,False,False
2026-03-19 16:33:06.468,HBL,Beauty,,"Shelby's haircut, beard",4200,Expense,,4200.0,PKR,False,False,False,False,False,False
2026-03-19 17:37:55.467,JazzCash,Food,Necessary,FP Iftar Paratha Roll,1233,Expense,,1233.0,PKR,False,False,False,False,False,False
2026-03-19 17:49:03.192,Faysal Noor World,Family,Gift,Alishba evermore cake,5350,Expense,Cake Legends remaining payment,5350.0,PKR,False,False,False,False,False,False
2026-03-19 23:51:01.601,Meezan Bank,Food,Unnecessary,McDonald's,1410,Expense,,1410.0,PKR,False,False,False,False,False,False
2026-03-20 01:15:52.874,Meezan Bank,Family,Health/Medicine,Alishba medicine,4850,Expense,,4850.0,PKR,False,False,False,False,False,False
2026-03-20 01:16:03.208,Meezan Bank,Household,General,Kingtox devices,1810,Expense,,1810.0,PKR,False,False,False,False,False,False
2026-03-20 01:16:22.965,HBL,Food,Unnecessary,Mini McFlurry,375,Expense,,375.0,PKR,False,False,False,False,False,False
2026-03-20 08:29:53.548,Meezan Bank,HBL,,,7000,Transfer-Out,,7000.0,PKR,False,False,False,False,False,False
2026-03-20 08:29:53.549,Meezan Bank,Bank Charges,,Fees,7,Expense,,7.0,PKR,False,False,False,False,False,False
2026-03-20 08:33:08.224,HBL,Culture,Books,Amazon Books,6645,Expense,"Piranesi, Midnight's Children",17.74,GBP,False,False,False,False,False,False
2026-03-20 08:43:11.277,HBL,Bank Charges,,WHT on intl transaction filer 5%,332,Expense,,332.0,PKR,False,False,False,False,False,False
2026-03-20 16:17:03.969,Meezan Bank,Tabish Loan,,To be returned in 1 day,10000,Transfer-Out,,10000.0,PKR,False,False,False,False,False,False
2026-03-20 23:57:51.459,Meezan Bank,Family,Health/Medicine,Bashir Sons Pharmacy,1384,Expense,,1384.0,PKR,False,False,False,False,False,False
2026-03-21 09:14:04.410,Meezan Bank,Cash,,Eid cash,16000,Transfer-Out,,16000.0,PKR,False,False,False,False,False,False
2026-03-21 09:14:13.778,Meezan Bank,Cash,,Eid cash,1000,Transfer-Out,,1000.0,PKR,False,False,False,False,False,False
2026-03-21 09:14:17.682,Meezan Bank,Cash,,Eid cash,4000,Transfer-Out,,4000.0,PKR,False,False,False,False,False,False
2026-03-21 09:14:21.339,Meezan Bank,Cash,,Eid cash,4000,Transfer-Out,,4000.0,PKR,False,False,False,False,False,False
2026-03-21 09:14:24.761,Cash,Family,Gift,Mujadaddi Chanay,1400,Expense,,1400.0,PKR,False,False,False,False,False,False
2026-03-21 18:28:16.713,Tabish Loan,Meezan Bank,,Loan returned,10000,Transfer-Out,,10000.0,PKR,False,False,False,False,False,False
2026-03-21 22:27:10.944,JazzCash,Household,General,FP Groceries Sucral ×2 Sahowari,1093,Expense,,1093.0,PKR,False,False,False,False,False,False
2026-03-21 22:35:34.349,Meezan Bank,Donation,,Cat food for strays,3000,Expense,,3000.0,PKR,False,False,False,False,False,False
2026-03-22 15:42:17.201,Meezan Bank,Family,Pet,Aliyan vet JJ,2500,Expense,,2500.0,PKR,False,False,False,False,False,False
2026-03-22 15:42:40.723,Meezan Bank,Transportation,Car,Yaris fuel ⛽,5992,Expense,Aramco hi,5992.0,PKR,False,False,False,False,False,False
2026-03-22 16:48:48.798,Cash,Donation,,Eidi extraction valet,2000,Expense,,2000.0,PKR,False,False,False,False,False,False
2026-03-22 16:53:43.350,Meezan Bank,HBL,,,3000,Transfer-Out,,3000.0,PKR,False,False,False,False,False,False
2026-03-22 16:53:43.351,Meezan Bank,Bank Charges,,Fees,7,Expense,,7.0,PKR,False,False,False,False,False,False
2026-03-22 16:58:44.491,Split,Ahmad Bhatti Loans,,Extraction Bhatti's part,1574,Transfer-Out,2/3 Bhatti,1574.0,PKR,False,False,False,False,False,False
2026-03-22 16:58:44.491,Meezan Bank,Split,,Extraction for Hafizabad,2362,Transfer-Out,2/3 Bhatti,2362.0,PKR,False,False,False,False,False,False
2026-03-22 16:58:44.491,Split,Food,Necessary,Extraction my part,787,Expense,2/3 Bhatti,787.0,PKR,False,False,False,False,False,False
2026-03-23 00:48:39.898,Meezan Bank,Family,Pet,JJ Syringes,666,Expense,,666.0,PKR,False,False,False,False,False,False
2026-03-23 16:13:17.781,Mama Loan,Meezan Bank,,Mama Sajda Zakat return,5000,Transfer-Out,,5000.0,PKR,False,False,False,False,False,False
2026-03-23 16:17:12.595,Al Meezan Mutual Funds,Miscellaneous,,,1783,Expense,,1783.0,PKR,False,False,False,False,False,False
2026-03-23 16:59:38.304,Cash,Donation,,Sadqa meat,1600,Expense,,1600.0,PKR,False,False,False,False,False,False
2026-03-23 17:50:47.570,Meezan Bank,Household,Maintenance,Mahir Electrician + Dimmer,1700,Expense,,1700.0,PKR,False,False,False,False,False,False
2026-03-23 18:22:43.366,Meezan Bank,Family,Pet,JJ nebulizer etc,9494,Expense,,9494.0,PKR,False,False,False,False,False,False
2026-03-23 20:08:49.797,Meezan Bank,Donation,,Stay dog food,2900,Expense,Universal pet shalimar,2900.0,PKR,False,False,False,False,False,False
2026-03-23 22:49:43.840,Cash,Family,Gift,Eidi for kids,8000,Expense,,8000.0,PKR,False,False,False,False,False,False
2026-03-23 22:49:57.513,Cash,Family,Gift,Mama Eidi,5000,Expense,,5000.0,PKR,False,False,False,False,False,False
2026-03-23 22:50:03.092,Cash,Family,Gift,Aliyan Eidi,5000,Expense,,5000.0,PKR,False,False,False,False,False,False
2026-03-24 00:46:17.870,Cash,Saving Pot,,Eidi saved to Ghalla,6000,Transfer-Out,,6000.0,PKR,False,False,False,False,False,False
2026-03-24 00:46:29.863,Cash,Family,Gift,Alishba Eidi,5000,Expense,,5000.0,PKR,False,False,False,False,False,False
2026-03-24 11:40:23.494,HBL,Entertainment,,Steam Game,444,Expense,Zombie Army 4: Dead,1.59,USD,False,False,False,False,False,False
2026-03-24 11:50:18.315,HBL,Bank Charges,,WHT on intl transaction,22,Expense,,22.0,PKR,False,False,False,False,False,False
2026-03-24 22:18:07.255,Meezan Bank,Transportation,Car,Yaris fuel ⛽,6752,Expense,Aramco lo,6752.0,PKR,False,False,False,False,False,False
2026-03-24 23:43:21.576,Split,Food,Necessary,Yasir Broast my part,1785,Expense,Equal,1785.0,PKR,False,False,False,False,False,False
2026-03-24 23:43:21.576,Meezan Bank,Split,,Yasir Broast with Bhatti,3570,Transfer-Out,Equal,3570.0,PKR,False,False,False,False,False,False
2026-03-24 23:43:21.576,Split,Ahmad Bhatti Loans,,Yasir Broast Bhatti's part,1785,Transfer-Out,Equal,1785.0,PKR,False,False,False,False,False,False
2026-03-25 01:04:12.465,Meezan Bank,Split,,McDonald's with Fahad & Bhatti,730,Transfer-Out,Equal,730.0,PKR,False,False,False,False,False,False
2026-03-25 01:04:12.465,Split,Ahmad Bhatti Loans,,McDonald's Bhatti's part,243,Transfer-Out,Equal,243.0,PKR,False,False,False,False,False,False
2026-03-25 01:04:12.465,Split,Fahad Loan,,McDonald's Fahad's part,243,Transfer-Out,Equal,243.0,PKR,False,False,False,False,False,False
2026-03-25 01:04:12.465,Split,Food,Unnecessary,McDonald's my part,243,Expense,Equal,243.0,PKR,False,False,False,False,False,False
2026-03-25 01:27:11.718,Meezan Bank,Tabish Loan,,Load,1600,Transfer-Out,,1600.0,PKR,False,False,False,False,False,False
2026-03-25 15:21:40.596,Meezan Bank,Food,Unnecessary,KFC Lunch,1050,Expense,,1050.0,PKR,False,False,False,False,False,False
2026-03-25 15:35:11.362,Meezan Bank,Food,Unnecessary,Artisan coffee,724,Expense,,724.0,PKR,False,False,False,False,False,False
2026-03-26 00:37:51.077,Meezan Bank,Food,Necessary,Ahmad Pizza Sahowari,750,Expense,,750.0,PKR,False,False,False,False,False,False
2026-03-26 00:46:19.189,Meezan Bank,Miscellaneous,,,3488,Expense,,3488.0,PKR,False,False,False,False,False,False
2026-03-26 02:36:45.342,Meezan Bank,Technology,Purchases,Tech Organizer Pouch,4250,Expense,atailorson.com,4250.0,PKR,False,False,False,False,False,False
2026-03-26 07:42:13.531,Meezan Bank,Family,Health/Medicine,Cmh groceries,550,Expense,,550.0,PKR,False,False,False,False,False,False
2026-03-26 07:42:31.479,Cash,Family,Health/Medicine,Cmh water,100,Expense,,100.0,PKR,False,False,False,False,False,False
2026-03-26 10:19:10.158,Meezan Bank,Family,Health/Medicine,Mama Dental Treatment,24000,Expense,Zirconia Crown from Tooth Hub (Tabish),24000.0,PKR,False,False,False,False,False,False
2026-03-26 12:29:45.915,Meezan Bank,Family,Health/Medicine,CMH Medicine,439,Expense,,439.0,PKR,False,False,False,False,False,False
2026-03-26 14:30:48.692,Al Meezan Mutual Funds,Meezan Bank,,,100000,Transfer-Out,,100000.0,PKR,False,False,False,False,False,False
2026-03-26 14:30:48.693,Al Meezan Mutual Funds,Bank Charges,,Fees,75,Expense,,75.0,PKR,False,False,False,False,False,False
2026-03-26 15:24:09.343,Meezan Bank,Family,Health/Medicine,CMH Medicine,5862,Expense,,5862.0,PKR,False,False,False,False,False,False
2026-03-27 00:52:02.433,Meezan Bank,Family,Pet,JJ GS Injections,60000,Expense,From Laiba,60000.0,PKR,False,False,False,False,False,False
2026-03-27 02:11:57.279,Meezan Bank,Food,Unnecessary,DD,2300,Expense,,2300.0,PKR,False,False,False,False,False,False
2026-03-27 06:12:47.400,Meezan Bank,Salary,,FleetGlue Salary #10 27 Mar 2026,691636,Income,,2538.46,USD,False,False,False,False,False,False
2026-03-27 15:52:52.403,Meezan Bank,Family,Pet,Josera adult + lots of treats,8100,Expense,,8100.0,PKR,False,False,False,False,False,False
2026-03-27 16:21:52.229,Meezan Bank,Al Meezan Mutual Funds,,Mutual Funds Investment MCF,243684,Transfer-Out,,243684.0,PKR,False,False,False,False,False,False
2026-03-27 16:26:46.594,Meezan Bank,Abujan Loans,,Abujan March 2026 Hisaab Cleared,47803,Transfer-Out,,47803.0,PKR,False,False,False,False,True,False
2026-03-27 16:37:28.120,Meezan Bank,Transportation,Taxi,InDrive to CMH,790,Expense,,790.0,PKR,False,False,False,False,False,False
2026-03-27 16:39:42.524,Cash,Donation,,,300,Expense,,300.0,PKR,False,False,False,False,False,False
2026-03-27 16:52:25.209,Meezan Bank,Family,Pocket Money,Alishba Pocket Money April 2026,150000,Expense,,150000.0,PKR,False,False,False,False,False,False
2026-03-27 17:45:10.269,Meezan Bank,Transportation,Taxi,InDrive,703,Expense,,703.0,PKR,False,False,False,False,False,False
2026-03-27 17:45:17.408,Meezan Bank,Food,Unnecessary,Extraction,882,Expense,,882.0,PKR,False,False,False,False,False,False
2026-03-27 19:11:59.420,Meezan Bank,Family,Pet,JJ medicine courier,350,Expense,,350.0,PKR,False,False,False,False,False,False
2026-03-27 19:25:03.078,Meezan Bank,Transportation,Taxi,InDrive,1400,Expense,To Fahad's barat hall,1400.0,PKR,False,False,False,False,False,False
2026-03-27 22:51:17.673,JazzCash,Social Life,Friend,To Fahad's fireworks guy,2000,Expense,,2000.0,PKR,False,False,False,False,False,False
2026-03-27 23:39:50.093,JazzCash,Miscellaneous,,Petty,1000,Expense,,1000.0,PKR,False,False,False,False,False,False
2026-03-28 14:39:35.844,HBL,Miscellaneous,,ATM,5000,Expense,,5000.0,PKR,False,False,False,False,False,False
2026-03-28 14:39:52.637,HBL,Bank Charges,,ATM Switch Fee,35,Expense,,35.0,PKR,False,False,False,False,False,False
2026-03-28 15:18:14.836,JazzCash,Family,Pocket Money,Jazz We5 Super Family Package,2999,Expense,,2999.0,PKR,False,False,False,False,False,False
2026-03-28 15:43:36.016,Meezan Bank,Family,Gift,C&B Alishba home,2201,Expense,,2201.0,PKR,False,False,False,False,False,False
2026-03-28 16:23:14.227,Meezan Bank,Family,Pet,Cat flea spray,700,Expense,,700.0,PKR,False,False,False,False,False,False
2026-03-28 19:47:01.219,Meezan Bank,Transportation,Car,Yaris fuel ⛽,4000,Expense,PSO lo,4000.0,PKR,False,False,False,False,False,False
2026-03-28 20:09:43.999,Meezan Bank,Family,Gift,Hooriya Salami,10000,Expense,,10000.0,PKR,False,False,False,False,False,False
2026-03-28 20:09:54.320,Meezan Bank,Aun Loan,,To Aun for Hooriya Salami,5000,Transfer-Out,,5000.0,PKR,False,False,False,False,False,False
2026-03-28 21:54:51.942,Meezan Bank,Food,Unnecessary,Zoro,2089,Expense,,2089.0,PKR,False,False,False,False,False,False
2026-03-29 00:51:48.561,Meezan Bank,Transportation,Taxi,,1300,Expense,,1300.0,PKR,False,False,False,False,False,False
2026-03-29 01:33:03.036,Meezan Bank,Food,Unnecessary,JJ with Bhatti,2760,Expense,,2760.0,PKR,False,False,False,False,False,False
2026-03-29 12:24:18.105,Meezan Bank,Food,Unnecessary,FP chai,1048,Expense,,1048.0,PKR,False,False,False,False,False,False
2026-03-29 16:10:00.382,Meezan Bank,Donation,,Hallmark Hall Waiter Tip,5000,Expense,,5000.0,PKR,False,False,False,False,False,False
2026-03-29 18:14:35.180,Meezan Bank,Household,Bills,Nadeem Maali Salary,3500,Expense,,3500.0,PKR,False,False,False,False,False,False
2026-03-29 18:16:31.655,Meezan Bank,Household,Maintenance,Lawn maintenance,2200,Expense,,2200.0,PKR,False,False,False,False,False,False
2026-03-30 00:22:25.296,Split,Donation,,Tip To Bed Movers for Umaid,500,Expense,"8000 on Abujan Loans
500 from me",500.0,PKR,False,False,False,False,False,False
2026-03-30 00:22:25.296,Split,Abujan Loans,,To Bed Movers for Umaid,8000,Transfer-Out,"8000 on Abujan Loans
500 from me",8000.0,PKR,False,False,False,False,False,False
2026-03-30 00:22:25.296,Meezan Bank,Split,,To Bed Movers for Umaid,8500,Transfer-Out,"8000 on Abujan Loans
500 from me",8500.0,PKR,False,False,False,False,False,False
2026-03-30 00:43:48.930,Faysal Noor World,Food,Unnecessary,FP DUMx,1342,Expense,,1342.0,PKR,False,False,False,False,False,False
2026-03-30 12:49:23.167,Meezan Bank,Transportation,Taxi,,2400,Expense,,2400.0,PKR,False,False,False,False,False,False
2026-03-30 15:23:05.350,Faysal Noor World,Food,Necessary,FP Alishba CMH,2137,Expense,,2137.0,PKR,False,False,False,False,False,False
2026-03-30 15:44:46.322,HBL,Technology,Bills,Spotify Duo,596,Expense,,596.0,PKR,False,False,False,False,False,False
2026-03-30 15:46:08.170,Split,Food,Unnecessary,Zoro my part,2195,Expense,Equal,2195.0,PKR,False,False,False,False,False,False
2026-03-30 15:46:08.170,Meezan Bank,Split,,Zoro with Bhatti,4389,Transfer-Out,Equal,4389.0,PKR,False,False,False,False,False,False
2026-03-30 15:46:08.170,Split,Ahmad Bhatti Loans,,Zoro Bhatti's part,2195,Transfer-Out,Equal,2195.0,PKR,False,False,False,False,False,False
2026-03-30 19:13:09.765,Meezan Bank,Family,Gift,Sugar Free Barfi for Azam Uncle,3100,Expense,From qudrat kadah,3100.0,PKR,False,False,False,False,False,False
2026-03-30 22:13:25.029,Meezan Bank,Office Loans,,The Cubicle April 2026,53100,Transfer-Out,,53100.0,PKR,False,False,False,False,False,False
2026-03-30 22:13:25.030,Meezan Bank,Bank Charges,,Fees,53,Expense,,53.0,PKR,False,False,False,False,False,False
2026-03-30 23:00:13.321,Meezan Bank,Transportation,Taxi,InDrive Bike,380,Expense,,380.0,PKR,False,False,False,False,False,False
2026-03-31 13:48:03.444,Meezan Bank,Ahmad Bhatti Loans,,Settled splitwise,4359,Transfer-Out,,4359.0,PKR,False,False,False,False,False,False
2026-03-31 14:34:29.684,Meezan Bank,Family,Pet,Cat flea spray,700,Expense,,700.0,PKR,False,False,False,False,False,False
2026-03-31 21:08:52.917,Faysal Noor World,Family,Health/Medicine,Alishba IDC Fertility,3230,Expense,,3230.0,PKR,False,False,False,False,False,False
2026-03-31 22:14:52.699,Meezan Bank,JazzCash,,,10000,Transfer-Out,,10000.0,PKR,False,False,False,False,False,False
2026-03-31 22:18:57.614,Meezan Bank,Technology,Purchases,Baseus C02 Pro Car Phone Holder,7849,Expense,,7849.0,PKR,False,False,False,False,False,False
2026-03-31 22:45:06.611,Meezan Bank,Transportation,Car,Yaris fuel ⛽,9504,Expense,Aramco hi,9504.0,PKR,False,False,False,False,False,False
2026-04-01 02:41:14.079,Meezan Bank,Family,Health/Medicine,Xiaomi Air Purifier for Alishba Allergy in Sahowari,30189,Expense,,30189.0,PKR,False,False,False,False,False,False
2026-04-01 13:49:31.440,Split,Wasiq Loan,,Yakhni Plao Wasiq's part,580,Transfer-Out,Equal,580.0,PKR,False,False,False,False,False,False
2026-04-01 13:49:31.440,Split,Food,Necessary,Yakhni Plao my part,580,Expense,Equal,580.0,PKR,False,False,False,False,False,False
2026-04-01 13:49:31.440,Meezan Bank,Split,,Yakhni Plao with Bhatti and Wasiq,1740,Transfer-Out,Equal,1740.0,PKR,False,False,False,False,False,False
2026-04-01 13:49:31.440,Split,Ahmad Bhatti Loans,,Yakhni Plao Bhatti's part,580,Transfer-Out,Equal,580.0,PKR,False,False,False,False,False,False
2026-04-01 14:02:22.872,Split,Ahmad Bhatti Loans,,Extraction Bhatti's part,263,Transfer-Out,Equal,263.0,PKR,False,False,False,False,False,False
2026-04-01 14:02:22.872,Split,Wasiq Loan,,Extraction Wasiq's part,263,Transfer-Out,Equal,263.0,PKR,False,False,False,False,False,False
2026-04-01 14:02:22.872,Split,Food,Unnecessary,Extraction my part,263,Expense,Equal,263.0,PKR,False,False,False,False,False,False
2026-04-01 14:02:22.872,Meezan Bank,Split,,Extraction with Bhatti and Wasiq,788,Transfer-Out,Equal,788.0,PKR,False,False,False,False,False,False
2026-04-01 15:15:00.998,Meezan Bank,Household,Maintenance,Key duplication,800,Expense,Shakeel ,800.0,PKR,False,False,False,False,False,False
2026-04-01 16:14:10.444,HBL,Technology,Bills,Google One subscription,769,Expense,,769.0,PKR,False,False,False,False,False,False
2026-04-01 18:27:03.434,Meezan Bank,HBL,,,2000,Transfer-Out,,2000.0,PKR,False,False,False,False,False,False
2026-04-01 19:09:56.574,Meezan Bank,Food,Unnecessary,Novu solo meal,2106,Expense,,2106.0,PKR,False,False,False,False,False,False
2026-04-02 00:15:13.228,Meezan Bank,Split,,Bahria ATM Cash,10000,Transfer-Out,"6k kaamwali, rest petty ",10000.0,PKR,False,False,False,False,False,False
2026-04-02 00:15:13.228,Split,Household,Bills,Kaamwali Bahria,6000,Expense,"6k kaamwali, rest petty ",6000.0,PKR,False,False,False,False,False,False
2026-04-02 00:15:13.228,Split,Miscellaneous,,Petty Cash,4000,Expense,"6k kaamwali, rest petty ",4000.0,PKR,False,False,False,False,True,False
2026-04-02 01:53:34.334,Meezan Bank,Household,General,Khais from Daraz,2889,Expense,,2889.0,PKR,False,False,False,False,False,False
2026-04-02 14:38:19.399,HBL,Technology,Bills,AWS,245,Expense,,245.0,PKR,False,False,False,False,False,False
2026-04-02 15:47:43.230,Faysal Noor World,Food,Unnecessary,FP Breakfast Chaaye Khana,3957,Expense,,3957.0,PKR,False,False,False,False,False,False
2026-04-02 22:22:13.335,Faysal Noor World,Food,Unnecessary,FP Dinner,1108,Expense,,1108.0,PKR,False,False,False,False,False,False
2026-04-02 23:17:45.984,Meezan Bank,Food,Necessary,Hardees dinner,2640,Expense,,2640.0,PKR,False,False,False,False,False,False
2026-04-03 02:59:21.552,Meezan Bank,Health,,Sleep eye mask daraz,538,Expense,,538.0,PKR,False,False,False,False,False,False
2026-04-03 03:14:15.571,Alishba Loans,Meezan Bank,,Mama told me to pay Alishba out of Abujan's hisaab,8000,Transfer-Out,For Aunty Amna shopping (comforter),8000.0,PKR,False,False,False,False,True,False
2026-04-03 10:27:00.100,Meezan Bank,Food,Necessary,Cmh snacks breakfast,110,Expense,,110.0,PKR,False,False,False,False,False,False
2026-04-03 13:17:01.210,Meezan Bank,Family,Health/Medicine,CMH Medicine,3887,Expense,,3887.0,PKR,False,False,False,False,False,False
2026-04-04 01:21:48.445,Meezan Bank,Food,Unnecessary,DD Dinner,1964,Expense,,1964.0,PKR,False,False,False,False,False,False
2026-04-04 02:01:54.750,Meezan Bank,Transportation,Car,Yaris fuel ⛽,7084,Expense,Aramco hi,7084.0,PKR,False,False,False,False,False,False
2026-04-04 02:49:03.311,Meezan Bank,Technology,Purchases,Inche Tape daraz.pk,525,Expense,,525.0,PKR,False,False,False,False,False,False
2026-04-04 02:49:40.673,Meezan Bank,Household,Bills,SNGPL Bahria,930,Expense,,930.0,PKR,False,False,False,False,False,False
2026-04-04 02:50:19.850,Meezan Bank,Household,Bills,Bahria PTCL Bill,8190,Expense,,8190.0,PKR,False,False,False,False,False,False
2026-04-04 23:24:02.669,Meezan Bank,Household,General,Attack Shop,4260,Expense,"Soap, Toothpastes, Car cleaning cloth, etc. ",4260.0,PKR,False,False,False,False,False,False
2026-04-04 23:24:26.687,Meezan Bank,Family,Gift,Envelopes for car,250,Expense,,250.0,PKR,False,False,False,False,False,False
2026-04-05 05:48:40.670,Meezan Bank,Loans,,Magsafe Cover for Umaid S24 Plus,2198,Transfer-Out,,2198.0,PKR,False,False,False,False,False,False
2026-04-05 05:48:40.671,Meezan Bank,Bank Charges,,Fees,75,Expense,,75.0,PKR,False,False,False,False,False,False
2026-04-05 17:10:23.150,Faysal Noor World,Food,Unnecessary,FP House Coffee Sahowari,974,Expense,,974.0,PKR,False,False,False,False,False,False
2026-04-05 18:14:43.701,Meezan Bank,Abujan Loans,,To Haroon (Spring) for his targets,10000,Transfer-Out,,10000.0,PKR,False,False,False,False,False,False
2026-04-05 18:16:22.360,Meezan Bank,Abujan Loans,,Sahowari LESCO Bill #1,8395,Transfer-Out,,8395.0,PKR,False,False,False,False,False,False
2026-04-05 18:17:55.923,Meezan Bank,Abujan Loans,,Sahowari LESCO Bill #2,6662,Transfer-Out,,6662.0,PKR,False,False,False,False,False,False
2026-04-05 18:18:11.107,Meezan Bank,Abujan Loans,,Sahowari LESCO Bill #3,779,Transfer-Out,,779.0,PKR,False,False,False,False,False,False
2026-04-05 19:42:27.340,Fahad Loan,Social Life,,WAFR × AAAG dinner Cafè Bedaar,4995,Expense,,4995.0,PKR,False,False,False,False,False,False
2026-04-05 19:42:27.340,Fahad Loan,Social Life,,WAFR × AAAG desserts at Costa,1399,Expense,,1399.0,PKR,False,False,False,False,False,False
2026-04-05 22:49:14.119,Meezan Bank,Family,Gift,Jalal Sons Askari 10,3097,Expense,"Mamu cake, Mahad water",3097.0,PKR,False,False,False,False,False,False
2026-04-06 11:34:58.118,Meezan Bank,Split,,For bahria bills to be paid by Maali,20530,Transfer-Out,"15430 electric, 4600 bahria Maintenance, 500 maali tip",20530.0,PKR,False,False,False,False,False,False
2026-04-06 11:34:58.118,Split,Household,Bills,Bahria Electricity Bill Mar 2026,15430,Expense,"15430 electric, 4600 bahria Maintenance, 500 maali tip",15430.0,PKR,False,False,False,False,False,False
2026-04-06 11:34:58.118,Split,Household,Bills,Bahria Maintenance Bill March 2026,4600,Expense,"15430 electric, 4600 bahria Maintenance, 500 maali tip",4600.0,PKR,False,False,False,False,False,False
2026-04-06 11:34:58.118,Split,Donation,,Maali tip,500,Expense,"15430 electric, 4600 bahria Maintenance, 500 maali tip",500.0,PKR,False,False,False,False,False,False
2026-04-06 12:28:25.028,Wasiq Loan,Meezan Bank,,Wasiq splitwise balance settled,3179,Transfer-Out,,3179.0,PKR,False,False,False,False,False,False
2026-04-06 12:28:45.722,Wasiq Loan,Miscellaneous,,,106,Income,,106.0,PKR,False,False,False,False,False,False
2026-04-06 13:48:55.484,Meezan Bank,Split,,KFC with Bhatti,1560,Transfer-Out,Equal,1560.0,PKR,False,False,False,False,False,False
2026-04-06 13:48:55.484,Split,Ahmad Bhatti Loans,,KFC Bhatti's part,780,Transfer-Out,Equal,780.0,PKR,False,False,False,False,False,False
2026-04-06 13:48:55.484,Split,Food,Necessary,KFC my part,780,Expense,Equal,780.0,PKR,False,False,False,False,False,False
2026-04-06 13:49:32.583,Split,Food,Unnecessary,Extraction my part,394,Expense,Equal,394.0,PKR,False,False,False,False,False,False
2026-04-06 13:49:32.583,Split,Ahmad Bhatti Loans,,Extraction Bhatti's part,394,Transfer-Out,Equal,394.0,PKR,False,False,False,False,False,False
2026-04-06 13:49:32.583,Meezan Bank,Split,,Extraction with Bhatti,788,Transfer-Out,Equal,788.0,PKR,False,False,False,False,False,False
2026-04-06 14:54:18.424,Split,Food,Necessary,KFC Water my part,90,Expense,Split equally with Bhatti,90.0,PKR,False,False,False,False,False,False
2026-04-06 14:54:18.424,Meezan Bank,Split,,KFC Water,180,Transfer-Out,Split equally with Bhatti,180.0,PKR,False,False,False,False,False,False
2026-04-06 14:54:18.424,Split,Ahmad Bhatti Loans,,KFC Water Bhatti's part,90,Transfer-Out,Split equally with Bhatti,90.0,PKR,False,False,False,False,False,False
2026-04-06 18:37:18.043,HBL,Technology,Purchases,LAN wires and switch for Cubicle office,3300,Expense,,3300.0,PKR,False,False,False,False,False,False
2026-04-07 00:53:13.137,Meezan Bank,Family,Health/Medicine,Alishba rabies,2496,Expense,,2496.0,PKR,False,False,False,False,False,False
2026-04-07 13:14:43.554,Umaid Loan,Meezan Bank,,,400000,Transfer-Out,,400000.0,PKR,False,True,False,True,False,False
2026-04-07 13:14:51.857,Meezan Bank,Umaid Loan,,To Abujan's BOP on Umaid's request,400000,Transfer-Out,,400000.0,PKR,False,True,False,True,False,False
2026-04-07 15:50:55.702,Meezan Bank,Apparel,Unnecessary,Bata Chappal for Office,3238,Expense,,3238.0,PKR,False,False,False,False,False,False
2026-04-07 20:11:07.078,Aliyan Loans,Meezan Bank,,From Aliyan for Vivo V70 Phone Purchase,165000,Transfer-Out,,165000.0,PKR,False,False,False,False,False,False
2026-04-07 20:48:40.600,Meezan Bank,Transportation,Car,Yaris fuel ⛽,8920,Expense,,8920.0,PKR,False,False,False,False,False,False
2026-04-07 22:28:32.517,Meezan Bank,Transportation,Taxi,InDrive to Bhatti's,1160,Expense,,1160.0,PKR,False,False,False,False,False,False
2026-04-07 23:48:11.541,Meezan Bank,Split,,McDonald's with Bhatti,750,Transfer-Out,"60/40 split
60 me",750.0,PKR,False,False,False,False,False,False
2026-04-07 23:48:11.541,Split,Ahmad Bhatti Loans,,McDonald's Bhatti's part,300,Transfer-Out,"60/40 split
60 me",300.0,PKR,False,False,False,False,False,False
2026-04-07 23:48:11.541,Split,Food,Unnecessary,McDonald's my part,450,Expense,"60/40 split
60 me",450.0,PKR,False,False,False,False,False,False
2026-04-08 03:19:16.812,Ahmad Bhatti Loans,Food,Unnecessary,Zoro lunch,1984,Expense,,1984.0,PKR,False,False,False,False,False,False
2026-04-08 03:21:25.702,Ahmad Bhatti Loans,Food,Unnecessary,Extraction,394,Expense,,394.0,PKR,False,False,False,False,False,False
2026-04-08 13:04:50.678,Meezan Bank,Family,Pet,JJ Josera 2kg kitten food from Al Fatah,5920,Expense,,5920.0,PKR,False,False,False,False,False,False
2026-04-08 13:30:45.505,Faysal Noor World,Household,General,FP Groceries,1625,Expense,"Trash bags, insect killer vapourizer",1625.0,PKR,False,False,False,False,False,False
2026-04-08 14:16:02.798,Faysal Noor World,Food,Necessary,FP Mei Kong Lunch,1576,Expense,,1576.0,PKR,False,False,False,False,False,False
2026-04-08 14:21:24.344,Alishba Loans,Family,Pet,JJ GS Injections,30000,Expense,2 vials,30000.0,PKR,False,False,False,False,False,False
2026-04-08 14:58:10.062,Meezan Bank,Household,Maintenance,Bahria AC Maintenance and Repairs,62500,Expense,"38000 2 ac repair 
2000 ac utara
17500 ac service 
5000 ac gass fill
62500 total bill",62500.0,PKR,False,False,False,False,False,False
2026-04-08 15:11:35.507,Meezan Bank,Split,,To Alishba via Raast,60000,Transfer-Out,"30k for GS Injections
30k for Maryam parlour (list as family gift)",60000.0,PKR,False,False,False,False,False,False
2026-04-08 15:11:35.507,Split,Alishba Loans,,To Alishba for GS Injections,30000,Transfer-Out,"30k for GS Injections
30k for Maryam parlour (list as family gift)",30000.0,PKR,False,False,False,False,False,False
2026-04-08 15:11:35.507,Split,Family,Gift,To Alishba for Maryam Parlour,30000,Expense,"30k for GS Injections
30k for Maryam parlour (list as family gift)",30000.0,PKR,False,False,False,False,False,False
2026-04-08 16:06:35.090,JazzCash,Abujan Loans,,Mattress delivery returned,3500,Transfer-Out,,3500.0,PKR,False,False,False,False,False,False
2026-04-08 16:15:39.241,Meezan Bank,Donation,,Stray cat food,1400,Expense,,1400.0,PKR,False,False,False,False,False,False
2026-04-08 16:52:00.392,JazzCash,Family,Pet,JJ GS Injections Courier,350,Expense,,350.0,PKR,False,False,False,False,False,False
2026-04-08 17:27:16.248,Meezan Bank,Donation,,Stray cats good,4100,Expense,,4100.0,PKR,False,False,False,False,False,False
2026-04-08 23:12:20.994,Meezan Bank,Split,,Malik Spicy with Bhatti,4238,Transfer-Out,"500 waiter tip, the rest 50/50",4238.0,PKR,False,False,False,False,False,False
2026-04-08 23:12:20.994,Split,Donation,,Malik Spicy waiter tip,500,Expense,"500 waiter tip, the rest 50/50",500.0,PKR,False,False,False,False,False,False
2026-04-08 23:12:20.994,Split,Ahmad Bhatti Loans,,Malik Spicy Bhatti's part,1869,Transfer-Out,"500 waiter tip, the rest 50/50",1869.0,PKR,False,False,False,False,False,False
2026-04-08 23:12:20.994,Split,Food,Necessary,Malik Spicy my part,1869,Expense,"500 waiter tip, the rest 50/50",1869.0,PKR,False,False,False,False,False,False
2026-04-08 23:29:45.296,Split,Food,Unnecessary,Soft swirl my part,116,Expense,1/2,116.0,PKR,False,False,False,False,False,False
2026-04-08 23:29:45.296,Split,Ahmad Bhatti Loans,,Soft swirl Bhatti's part,116,Transfer-Out,1/2,116.0,PKR,False,False,False,False,False,False
2026-04-08 23:29:45.296,Meezan Bank,Split,,Soft Swirl with Bhatti,231,Transfer-Out,1/2,231.0,PKR,False,False,False,False,False,False
2026-04-09 00:24:49.872,Meezan Bank,Transportation,Taxi,InDrive to Sahowari,1360,Expense,,1360.0,PKR,False,False,False,False,False,False
2026-04-09 13:57:43.791,Split,Ahmad Bhatti Loans,,Extraction Bhatti's part,593,Transfer-Out,"5/14 me, 5/14 Bhatti, 4/14 Maryam",593.0,PKR,False,False,False,False,False,False
2026-04-09 13:57:43.791,Split,Food,Unnecessary,Extraction my part,593,Expense,"5/14 me, 5/14 Bhatti, 4/14 Maryam",593.0,PKR,False,False,False,False,False,False
2026-04-09 13:57:43.791,Split,Office Loans,,Extraction Maryam's part,474,Transfer-Out,"5/14 me, 5/14 Bhatti, 4/14 Maryam",474.0,PKR,False,False,False,False,False,False
2026-04-09 13:57:43.791,Meezan Bank,Split,,Extraction with Bhatti and Maryam,1659,Transfer-Out,"5/14 me, 5/14 Bhatti, 4/14 Maryam",1659.0,PKR,False,False,False,False,False,False
2026-04-09 17:51:03.397,Aliyan Loans,Meezan Bank,,From Aliyan for Vivo V70 Phone Purchase Again,160000,Transfer-Out,,160000.0,PKR,False,False,False,False,False,False
2026-04-09 17:51:19.046,Meezan Bank,Aliyan Loans,,Vivo V70 for Aliyan,166000,Transfer-Out,,166000.0,PKR,False,False,False,False,False,False
2026-04-09 19:28:07.923,Faysal Noor World,Family,Pet,JJ weight scale,3244,Expense,,3244.0,PKR,False,False,False,False,False,False
2026-04-09 21:23:04.795,Ahmad Bhatti Loans,Food,Necessary,Bonbird Lunch,1013,Expense,,1013.0,PKR,False,False,False,False,False,False
2026-04-09 21:39:19.872,Abujan Loans,Family,Pocket Money,Abujan Pocket Money April 2026,80000,Expense,,80000.0,PKR,False,False,False,False,False,False
2026-04-09 23:39:52.871,Meezan Bank,Cash,,For Ahmad Burger and petty,2000,Transfer-Out,,2000.0,PKR,False,False,False,False,False,False
2026-04-09 23:44:18.731,Cash,Food,Necessary,Ahmad Burger,400,Expense,,400.0,PKR,False,False,False,False,False,False
2026-04-09 23:44:27.880,Cash,Donation,,To Ahmad Burger,600,Expense,,600.0,PKR,False,False,False,False,False,False
2026-04-10 13:05:35.439,Merge,Salary,,Fleetglue Pure Salary #11 10 April 2026,691017,Income,,2538.46,USD,False,False,False,False,False,False
2026-04-10 13:06:31.342,Office Loans,Merge,,FleetGlue office reimbursement 10 April 2026,51585,Transfer-Out,,189.5,USD,False,False,True,True,False,False
2026-04-10 13:07:06.115,Merge,Meezan Bank,,FleetGlue Salary #11 10 April 2026,742602,Transfer-Out,,2727.96,USD,False,False,False,False,False,False
2026-04-10 13:09:43.784,Meezan Bank,Miscellaneous,,"Do hisaab, all clear",9935,Expense,,9935.0,PKR,False,False,False,False,True,False
2026-04-10 13:17:15.752,Meezan Bank,Finqalab,,,15000,Transfer-Out,,15000.0,PKR,False,False,False,False,False,False
2026-04-10 13:34:35.608,Meezan Bank,Aliyan Loans,,Loan returned,159000,Transfer-Out,,159000.0,PKR,False,False,False,False,False,False
2026-04-10 13:36:04.316,Al Meezan Mutual Funds,Profit,,Mutual Funds Profit,2957,Income,,2957.0,PKR,False,False,False,False,False,False
2026-04-10 13:37:02.747,Meezan Bank,Al Meezan Mutual Funds,,Mutual Funds Investment MCF,75000,Transfer-Out,,75000.0,PKR,False,False,False,False,False,False
2026-04-10 13:37:41.365,Meezan Bank,Spring Apartments,,Spring Apartment April 2026 Partial,200000,Transfer-Out,,200000.0,PKR,False,False,False,False,False,False
2026-04-10 13:37:41.366,Meezan Bank,Bank Charges,,Fees,200,Expense,,200.0,PKR,False,False,False,False,False,False
2026-04-10 13:42:42.636,Meezan Bank,Spring Apartments,,Spring Apartment April 2026 Completed,1000,Transfer-Out,"474,301/-

Paid as:
• 100k/-
• 173,301/-
• 200k/-
• 1,000/-",1000.0,PKR,False,False,False,False,False,False
2026-04-10 13:47:05.683,Meezan Bank,Faysal Noor World,,Faysal Noor Credit Card Bill Payment,80000,Transfer-Out,Paid more than was required as per money manager records,80000.0,PKR,False,False,False,False,False,False
2026-04-10 15:01:55.906,Ahmad Bhatti Loans,Food,Unnecessary,Extraction,394,Expense,,394.0,PKR,False,False,False,False,False,False
2026-04-10 16:49:42.864,Finqalab,Investment,,Finqalab Loss,312,Expense,,312.0,PKR,False,False,False,False,False,False
2026-04-10 17:55:16.105,Faysal Noor World,Family,Gift,Alishba at Hira's salon,2999,Expense,,2999.0,PKR,False,False,False,False,False,False
2026-04-10 20:50:51.276,Meezan Bank,Abujan Loans,,Abujan AFOHS,6000,Transfer-Out,,6000.0,PKR,False,False,False,False,False,False
2026-04-10 20:51:44.959,Meezan Bank,Mama Loan,,Mama Sajda Zakat,5000,Transfer-Out,,5000.0,PKR,False,False,False,False,False,False
2026-04-10 20:51:44.960,Meezan Bank,Bank Charges,,Fees,5,Expense,,5.0,PKR,False,False,False,False,False,False
2026-04-10 23:33:34.768,Cash,Food,Necessary,Banana,200,Expense,,200.0,PKR,False,False,False,False,False,False
2026-04-11 00:14:39.977,Split,Food,Unnecessary,Daily Deli,2851,Expense,"50% me food unnecessary, 50% family gift",2851.0,PKR,False,False,False,False,False,False
2026-04-11 00:14:39.977,JazzCash,Split,,Daily Deli Fam Dinner,5702,Transfer-Out,"50% me food unnecessary, 50% family gift",5702.0,PKR,False,False,False,False,False,False
2026-04-11 00:14:39.977,Split,Family,Gift,Daily Deli,2851,Expense,"50% me food unnecessary, 50% family gift",2851.0,PKR,False,False,False,False,False,False
2026-04-11 11:51:08.260,Loans,Meezan Bank,,[Refund] Magsafe Cover for Umaid S24 Plus,2198,Transfer-Out,,2198.0,PKR,False,False,False,False,False,False
2026-04-11 15:48:17.658,Mama Loan,Household,General,Parcels in Sahowari paid by Mama,7000,Expense,Adjust other expenses accordingly (2 parcels mere aik Alishba ka),7000.0,PKR,False,False,False,False,False,False
2026-04-11 16:54:46.392,Meezan Bank,Beauty,,Tanveer Barber,750,Expense,,750.0,PKR,False,False,False,False,False,False
2026-04-11 19:50:47.898,Meezan Bank,JazzCash,,,10000,Transfer-Out,,10000.0,PKR,False,False,False,False,False,False
2026-04-11 19:50:52.049,Meezan Bank,EasyPaisa,,,10000,Transfer-Out,,10000.0,PKR,False,False,False,False,False,False
2026-04-11 20:26:35.052,Meezan Bank,HBL,,,2182,Transfer-Out,,2182.0,PKR,False,False,False,False,False,False
2026-04-11 20:31:34.114,HBL,Culture,Books,عمرو عیار books,2050,Expense,linkshop.pk,2050.0,PKR,False,False,False,False,False,False
2026-04-12 02:28:52.117,Meezan Bank,Family,Pocket Money,Alishba Pocket Money April 2026 Extra,30000,Expense,,30000.0,PKR,False,False,False,False,False,False
2026-04-12 14:40:26.619,HBL,Miscellaneous,,Do Hisaab,1689,Income,,1689.0,PKR,False,False,False,False,True,False
2026-04-12 14:46:59.691,HBL,Aliyan Loans,,Aliyan Google ONE Subscription,57,Transfer-Out,,57.0,PKR,False,False,False,False,False,False
2026-04-12 22:53:25.585,Meezan Bank,Split,,Zoro with Bhatti,3969,Transfer-Out,Equal,3969.0,PKR,False,False,False,False,False,False
2026-04-12 22:53:25.585,Split,Ahmad Bhatti Loans,,Zoro Bhatti's part,1985,Transfer-Out,Equal,1985.0,PKR,False,False,False,False,False,False
2026-04-12 22:53:25.585,Split,Food,Unnecessary,Zoro my part,1985,Expense,Equal,1985.0,PKR,False,False,False,False,False,False
2026-04-13 00:17:38.173,Meezan Bank,Food,Unnecessary,"Coke, chocolate",271,Expense,,271.0,PKR,False,False,False,False,False,False
2026-04-13 11:35:20.882,Meezan Bank,Transportation,,Car tow cable daraz,1109,Expense,,1109.0,PKR,False,False,False,False,False,False
2026-04-13 12:30:39.972,Split,Ahmad Bhatti Loans,,Extraction Bhatti's part,551,Transfer-Out,"750 coffee + 5% gst equal 
300 + 5% gst fries equal
(1102 is equally divided)
The rest is me",551.0,PKR,False,False,False,False,False,False
2026-04-13 12:30:39.972,Split,Food,Unnecessary,Extraction my part,1338,Expense,"750 coffee + 5% gst equal 
300 + 5% gst fries equal
(1102 is equally divided)
The rest is me",1338.0,PKR,False,False,False,False,False,False
2026-04-13 12:30:39.972,Meezan Bank,Split,,Extraction with Bhatti,1890,Transfer-Out,"750 coffee + 5% gst equal 
300 + 5% gst fries equal
The rest is me",1890.0,PKR,False,False,False,False,False,False
2026-04-13 13:46:44.820,Ahmad Bhatti Loans,Meezan Bank,,Bhatti splitwise settled,7136,Transfer-Out,,7136.0,PKR,False,False,False,False,False,False
2026-04-13 13:47:15.415,Ahmad Bhatti Loans,Miscellaneous,,,10771,Expense,,10771.0,PKR,False,False,False,False,False,False
2026-04-13 17:12:54.434,Faysal Noor World,Technology,Bills,Alishba Google One subscription,749,Expense,,2.0,GBP,False,False,False,False,False,False
2026-04-13 18:31:19.065,Meezan Bank,Transportation,Car,Yaris fuel ⛽,9080,Expense,Aramco hi,9080.0,PKR,False,False,False,False,False,False
2026-04-13 19:06:46.991,Meezan Bank,Family,Health/Medicine,Alishba rabies injection,1463,Expense,,1463.0,PKR,False,False,False,False,False,False
2026-04-13 23:47:40.869,Meezan Bank,Family,Health/Medicine,Alishba provate cream,107,Expense,,107.0,PKR,False,False,False,False,False,False
2026-04-13 23:53:26.957,Meezan Bank,Household,General,Tissues,250,Expense,,250.0,PKR,False,False,False,False,False,False
2026-04-14 14:24:01.712,Meezan Bank,Split,,Extraction with Bhatti,788,Transfer-Out,Equal,788.0,PKR,False,False,False,False,False,False
2026-04-14 14:24:01.712,Split,Ahmad Bhatti Loans,,Extraction Bhatti's part,394,Transfer-Out,Equal,394.0,PKR,False,False,False,False,False,False
2026-04-14 14:24:01.712,Split,Food,Unnecessary,Extraction my part,394,Expense,Equal,394.0,PKR,False,False,False,False,False,False
2026-04-14 14:34:35.566,Ahmad Bhatti Loans,Food,Unnecessary,Hardees,1266,Expense,,1266.0,PKR,False,False,False,False,False,False
2026-04-14 14:49:26.540,Meezan Bank,Fahad Loan,,Fahad Hot Spanish,735,Transfer-Out,,735.0,PKR,False,False,False,False,False,False
2026-04-14 19:12:12.071,Fahad Loan,Food,Unnecessary,Dahi Bhallay,260,Expense,,260.0,PKR,False,False,False,False,False,False
2026-04-14 22:38:41.327,Meezan Bank,Food,Unnecessary,Green tea sachet and coffee sachets,375,Expense,,375.0,PKR,False,False,False,False,False,False
2026-04-14 22:43:48.260,Meezan Bank,Food,Unnecessary,Kitkat dark chocolate,495,Expense,,495.0,PKR,False,False,False,False,False,False
2026-04-15 14:06:02.516,Meezan Bank,Food,Unnecessary,Extraction,788,Expense,,788.0,PKR,False,False,False,False,False,False
2026-04-15 15:15:08.956,Meezan Bank,Abujan Loans,,Abujan ufone load,500,Transfer-Out,,500.0,PKR,False,False,False,False,False,False
2026-04-15 17:09:19.036,Umaid Loan,Meezan Bank,,For Umaid from Haider,200000,Transfer-Out,,200000.0,PKR,False,True,False,True,False,False
2026-04-15 23:42:14.813,Ahmad Bhatti Loans,Food,Necessary,Yakhni pulao,570,Expense,,570.0,PKR,False,False,False,False,False,False
2026-04-16 00:17:48.561,Meezan Bank,Family,Gift,Umaid SuperCard,1499,Expense,,1499.0,PKR,False,False,False,False,False,False
2026-04-16 00:19:37.633,HBL,Technology,Bills,HBO Max Subscription,1262,Expense,,1262.0,PKR,False,False,False,False,False,False
2026-04-16 00:44:29.997,Meezan Bank,Umaid Loan,,To Aliyan as Umaid said,50000,Transfer-Out,,50000.0,PKR,False,True,False,True,False,False
2026-04-16 00:45:04.748,Meezan Bank,Family,Pet,JJ Syringes,60,Expense,,60.0,PKR,False,False,False,False,False,False
2026-04-16 01:18:09.674,Meezan Bank,Family,Health/Medicine,Alishba's medicine,1778,Expense,,1778.0,PKR,False,False,False,False,False,False
2026-04-16 02:10:42.627,Faysal Noor World,Food,Unnecessary,FP Late Dinner,866,Expense,,866.0,PKR,False,False,False,False,False,False
2026-04-16 04:04:17.877,Finqalab,Profit,,Finqalab Profit,1379,Income,,1379.0,PKR,False,False,False,False,False,False
2026-04-16 13:34:09.805,Meezan Bank,Split,,ATM Cash Withdrawal,10000,Transfer-Out,"7k kaamwali, 3k petty",10000.0,PKR,False,False,False,False,False,False
2026-04-16 13:34:09.805,Split,Household,Bills,Kaamwali Bahria,7000,Expense,"7k kaamwali, 3k petty",7000.0,PKR,False,False,False,False,False,False
2026-04-16 13:34:09.805,Split,Miscellaneous,,Petty cash,3000,Expense,"7k kaamwali, 3k petty",3000.0,PKR,False,False,False,False,True,False
2026-04-16 14:05:01.698,Split,Family,Health/Medicine,Apollo Sports Dumbbells,6850,Expense,"3600 + 500 + 300 carom board  unnecessary 
The rest is dumbbells",6850.0,PKR,False,False,False,False,False,False
2026-04-16 14:05:01.698,Split,Household,Unnecessary,Apollo Sports Carom Board,4400,Expense,"3600 + 500 + 300 carom board  unnecessary 
The rest is dumbbells",4400.0,PKR,False,False,False,False,False,False
2026-04-16 14:05:01.698,Meezan Bank,Split,,Apollo Sports,11250,Transfer-Out,"3600 + 500 + 300 carom board  unnecessary 
The rest is dumbbells",11250.0,PKR,False,False,False,False,False,False
2026-04-16 14:13:35.723,Meezan Bank,Family,Gift,Cricket balls and wicket,1000,Expense,,1000.0,PKR,False,False,False,False,False,False
2026-04-16 14:13:49.178,Meezan Bank,Family,Gift,"Carom board stuff, ball tape, gaindi",490,Expense,,490.0,PKR,False,False,False,False,False,False
2026-04-16 14:29:07.792,Faysal Noor World,Food,Unnecessary,Coffee,742,Expense,,742.0,PKR,False,False,False,False,False,False
2026-04-16 14:32:03.376,Meezan Bank,Family,Gift,Crochet rose for Alishba,1050,Expense,,1050.0,PKR,False,False,False,False,False,False
2026-04-16 14:50:03.890,Faysal Noor World,Miscellaneous,,"Do hisaab, all clear",17447,Expense,,17447.0,PKR,False,False,False,False,True,False
2026-04-16 16:16:50.799,Meezan Bank,Food,Unnecessary,KFC Lunch,1700,Expense,,1700.0,PKR,False,False,False,False,False,False
2026-04-16 17:43:22.630,Faysal Noor World,Family,Gift,FP Pandamart,1244,Expense,,1244.0,PKR,False,False,False,False,False,False
2026-04-16 20:01:52.526,Meezan Bank,Family,Gift,Pulse active padel mahad,4000,Expense,,4000.0,PKR,False,False,False,False,False,False
2026-04-16 20:24:26.410,Mama Loan,Split,,For Mattress delivery returned,4000,Transfer-Out,"2500 delivery 
1500 tip 
500 I kept

3500 is to be paid by Abujan (Abujan loans)
500 donation
500 petty cash",4000.0,PKR,False,False,False,False,False,False
2026-04-16 20:24:26.410,Split,Abujan Loans,,For Mattress delivery tbp by Abujan,3500,Transfer-Out,"2500 delivery 
1500 tip 
500 I kept

3500 is to be paid by Abujan (Abujan loans)
500 donation
500 petty cash",3500.0,PKR,False,False,False,False,False,False
2026-04-16 20:24:26.410,Split,Donation,,For Mattress delivery tip,500,Expense,"2500 delivery 
1500 tip 
500 I kept

3500 is to be paid by Abujan (Abujan loans)
500 donation
500 petty cash",500.0,PKR,False,False,False,False,False,False
2026-04-16 20:27:11.342,Faysal Noor World,Family,Gift,FP Aliyan Dholki Bahria Naan,2434,Expense,,2434.0,PKR,False,False,False,False,False,False
2026-04-16 22:19:19.279,Faysal Noor World,Family,Gift,FP Umaid Mei Kong Bahria,5039,Expense,,5039.0,PKR,False,False,False,False,False,False
2026-04-16 22:36:04.241,Meezan Bank,Aliyan Loans,,FP Naan Shaan Chai ×4 for Umaid etc,693,Transfer-Out,,693.0,PKR,False,False,False,False,False,False
2026-04-16 22:36:37.169,Aliyan Loans,Meezan Bank,,,700,Transfer-Out,,700.0,PKR,False,False,False,False,False,False
2026-04-16 23:51:38.205,Faysal Noor World,Food,Unnecessary,FP,693,Expense,,693.0,PKR,False,False,False,False,False,False
2026-04-17 02:53:08.238,Faysal Noor World,Family,Gift,Alishba Dolmen Mall Dolmen,1774,Expense,,1774.0,PKR,False,False,False,False,False,False
2026-04-17 02:53:08.238,Faysal Noor World,Family,Gift,Alishba Limelight Dolmen,15518,Expense,,15518.0,PKR,False,False,False,False,False,False
2026-04-17 02:53:08.238,Faysal Noor World,Family,Gift,Alishba Ideas Dolmen,5516,Expense,,5516.0,PKR,False,False,False,False,False,False
2026-04-17 02:53:08.238,Faysal Noor World,Family,Gift,Alishba Cambridge/Zeen Dolmen,12026,Expense,,12026.0,PKR,False,False,False,False,False,False
2026-04-17 12:55:43.121,Meezan Bank,Merge,,ATM Cash Withdrawal,20000,Transfer-Out,,20000.0,PKR,False,False,False,False,False,False
2026-04-17 12:55:56.501,Meezan Bank,Merge,,ATM Cash Withdrawal,20000,Transfer-Out,,20000.0,PKR,False,False,False,False,False,False
2026-04-17 12:55:59.525,Meezan Bank,Merge,,ATM Cash Withdrawal,10000,Transfer-Out,,10000.0,PKR,False,False,False,False,False,False
2026-04-17 12:56:02.523,Merge,Family,Pocket Money,Mama Pocket Money April 2026,50000,Expense,,50000.0,PKR,False,False,False,False,False,False
2026-04-17 14:30:42.271,Meezan Bank,Transportation,Car Accessories,PakWheels car umbrella shade,1783,Expense,,1783.0,PKR,False,False,False,False,False,False
2026-04-17 14:43:43.372,Finqalab,Profit,,Finqalab Profit,1309,Income,,1309.0,PKR,False,False,False,False,False,False
2026-04-17 16:07:11.319,Meezan Bank,Food,Unnecessary,Yum Chinese with Bhatti,7017,Expense,,7017.0,PKR,False,False,False,False,False,False
2026-04-17 18:07:25.368,Meezan Bank,Split,,Extraction with Bhatti,788,Transfer-Out,Equal ,788.0,PKR,False,False,False,False,False,False
2026-04-17 18:07:25.368,Split,Ahmad Bhatti Loans,,Extraction Bhatti's part,394,Transfer-Out,Equal ,394.0,PKR,False,False,False,False,False,False
2026-04-17 18:07:25.368,Split,Food,Unnecessary,Extraction my part,394,Expense,Equal ,394.0,PKR,False,False,False,False,False,False
2026-04-17 20:16:27.238,Meezan Bank,Abujan Loans,,To Wasif for Abujan,5000,Transfer-Out,,5000.0,PKR,False,False,False,False,False,False
2026-04-17 22:48:15.682,Cash,Family,Pet,JJ medicine courier,800,Expense,,800.0,PKR,False,False,False,False,False,False
2026-04-17 22:48:21.605,Meezan Bank,Family,Pet,JJ Edibles,12500,Expense,15 days,12500.0,PKR,False,False,False,False,False,False
2026-04-18 00:22:08.462,Meezan Bank,Transportation,Taxi,InDrive from work,1100,Expense,,1100.0,PKR,False,False,False,False,False,False
2026-04-18 01:32:22.717,Meezan Bank,Technology,Bills,Jazz We5 Fantastic Partial,2500,Expense,6000 total,2500.0,PKR,False,False,False,False,False,False
2026-04-18 01:32:57.214,Meezan Bank,Technology,Bills,Jazz We5 Fantastic Partial,2500,Expense,6000 total,2500.0,PKR,False,False,False,False,False,False
2026-04-18 01:47:35.203,Meezan Bank,Technology,Purchases,Jazz We5 Fantastic Partial,1000,Expense,6000,1000.0,PKR,False,False,False,False,False,False
2026-04-18 14:59:44.893,Meezan Bank,Family,Gift,Aliyan Mangni Basket Snacks,3586,Expense,Nemat khana,3586.0,PKR,False,False,False,False,False,False
2026-04-18 15:00:48.699,Meezan Bank,Family,Pet,Cat pill feeder and treats,1850,Expense,,1850.0,PKR,False,False,False,False,False,False
2026-04-18 15:15:15.194,Meezan Bank,Family,Gift,Tahir Brothers,670,Expense,"Alishba's eyelashes, Aliyan's mangni gift basket chocolates",670.0,PKR,False,False,False,False,False,False
2026-04-18 17:15:49.618,Faysal Noor World,Food,Unnecessary,FP Coffee,1099,Expense,,1099.0,PKR,False,False,False,False,False,False
2026-04-18 19:15:49.702,Meezan Bank,Family,Pet,Lily cat food,5000,Expense,,5000.0,PKR,False,False,False,False,False,False
2026-04-18 19:19:07.649,Meezan Bank,Family,Gift,ATM Cash Withdrawal for Aliyan and Minahil Salami for Aliyan Mangni,30000,Expense,Via Aliyan's debit card,30000.0,PKR,False,False,False,False,False,False
2026-04-18 22:56:30.557,Umaid Loan,Meezan Bank,,Haider sent for Umaid,200000,Transfer-Out,,200000.0,PKR,False,True,False,True,False,False
2026-04-19 03:21:53.863,Finqalab,Profit,,Finqalab Profit,480,Income,,480.0,PKR,False,False,False,False,False,False
2026-04-19 16:14:35.538,Meezan Bank,Family,Health/Medicine,Thyronorm,250,Expense,,250.0,PKR,False,False,False,False,False,False
2026-04-19 16:34:04.195,Meezan Bank,Transportation,Taxi,InDrive to Askari,850,Expense,,850.0,PKR,False,False,False,False,False,False
2026-04-19 17:39:58.282,Meezan Bank,Social Life,,CBTL with Tabish,2273,Expense,,2273.0,PKR,False,False,False,False,False,False
2026-04-19 18:17:11.048,Meezan Bank,Social Life,Friend,Extraction with Tabish,1811,Expense,Equal,1811.0,PKR,False,False,False,False,False,False
2026-04-19 18:27:56.638,Tabish Loan,Meezan Bank,,Tabish returned for Extraction,975,Transfer-Out,,975.0,PKR,False,False,False,False,False,False
2026-04-19 18:55:26.123,Meezan Bank,Food,Necessary,Water at Extraction,100,Expense,,100.0,PKR,False,False,False,False,False,False
2026-04-19 19:30:45.647,Meezan Bank,Food,Unnecessary,Chaaye Khana Green Tea,304,Expense,,304.0,PKR,False,False,False,False,False,False
2026-04-19 21:26:22.352,Meezan Bank,Miscellaneous,,Petty cash,2000,Expense,,2000.0,PKR,False,False,False,False,True,False
2026-04-19 22:55:02.568,Meezan Bank,Family,Gift,Crumble Pot for Alishba,2950,Expense,,2950.0,PKR,False,False,False,False,False,False
2026-04-19 22:55:36.580,Meezan Bank,Split,,DUMx with Bhatti,3251,Transfer-Out,Equal,3251.0,PKR,False,False,False,False,False,False
2026-04-19 22:55:36.580,Split,Ahmad Bhatti Loans,,DUMx Bhatti's part,1626,Transfer-Out,Equal,1626.0,PKR,False,False,False,False,False,False
2026-04-19 22:55:36.580,Split,Food,Unnecessary,DUMx my part,1626,Expense,Equal,1626.0,PKR,False,False,False,False,False,False
2026-04-19 23:20:22.932,JazzCash,Transportation,Taxi,InDrive to Sahowari,1300,Expense,,1300.0,PKR,False,False,False,False,False,False
2026-04-20 01:50:21.531,Meezan Bank,HBL,,For I-CARE donation,5500,Transfer-Out,,5500.0,PKR,False,False,False,False,False,False
2026-04-20 01:50:21.532,Meezan Bank,Bank Charges,,Fees,5,Expense,,5.0,PKR,False,False,False,False,False,False
2026-04-20 01:52:18.665,HBL,Donation,,Donation via i-care to Descon Technical Institute,5000,Expense,,5000.0,PKR,False,False,False,False,False,False
2026-04-20 13:49:10.798,Meezan Bank,Food,Unnecessary,Hardees unch,2820,Expense,,2820.0,PKR,False,False,False,False,False,False
2026-04-20 14:31:15.912,Split,Ahmad Bhatti Loans,,Extraction Bhatti's part,393,Transfer-Out,Equal ,393.0,PKR,False,False,False,False,False,False
2026-04-20 14:31:15.912,Meezan Bank,Split,,Extraction with Bhatti,787,Transfer-Out,Equal ,787.0,PKR,False,False,False,False,False,False
2026-04-20 14:31:15.912,Split,Food,Unnecessary,Extraction my part,394,Expense,Equal ,394.0,PKR,False,False,False,False,False,False
2026-04-20 23:12:44.667,Meezan Bank,Transportation,Car,Yaris fuel ⛽,12474,Expense,Aramco hi,12474.0,PKR,False,False,False,False,False,False
2026-04-21 14:06:13.270,Faysal Noor World,Family,General,Dominos Brunch with Alishba,3759,Expense,,3759.0,PKR,False,False,False,False,False,False
2026-04-21 14:49:00.861,Faysal Noor World,Food,Unnecessary,Coffee,985,Expense,,985.0,PKR,False,False,False,False,False,False
2026-04-21 18:29:03.949,Meezan Bank,Household,Maintenance,Electrician Imran,4000,Expense,"Repair AC wall socket switches, and one fan dimmer",4000.0,PKR,False,False,False,False,False,False
2026-04-21 21:28:42.554,Faysal Noor World,Food,Unnecessary,FP Dinner with Alishba,4157,Expense,,4157.0,PKR,False,False,False,False,False,False
2026-04-21 22:24:49.585,Faysal Noor World,Food,Unnecessary,FP Mei Kong Rice,1776,Expense,,1776.0,PKR,False,False,False,False,False,False
2026-04-21 22:44:54.807,Meezan Bank,Family,Health/Medicine,Betnovate cream,280,Expense,,280.0,PKR,False,False,False,False,False,False
2026-04-21 23:30:29.441,Faysal Noor World,Food,Unnecessary,FP Soft Swirl Dessert,824,Expense,,824.0,PKR,False,False,False,False,False,False
2026-04-22 13:27:13.646,Ahmad Bhatti Loans,Food,Necessary,KFC,870,Expense,,870.0,PKR,False,False,False,False,False,False
2026-04-22 13:27:20.274,Meezan Bank,Split,,Extraction with Bhatti,787,Transfer-Out,Equal,787.0,PKR,False,False,False,False,False,False
2026-04-22 13:27:20.274,Split,Ahmad Bhatti Loans,,Extraction Bhatti's part,393,Transfer-Out,Equal,393.0,PKR,False,False,False,False,False,False
2026-04-22 13:27:20.274,Split,Food,Unnecessary,Extraction my part,393,Expense,Equal,393.0,PKR,False,False,False,False,False,False
2026-04-22 13:39:12.719,Faysal Noor World,Food,Unnecessary,FP Alishba Breakfast,1094,Expense,,1094.0,PKR,False,False,False,False,False,False
2026-04-22 13:53:36.797,Meezan Bank,Food,Unnecessary,Extraction takeaway,840,Expense,,840.0,PKR,False,False,False,False,False,False
2026-04-22 16:45:01.850,Meezan Bank,Culture,Books,Sangemeel Book,625,Expense,میراجی تجزیاتی مطالعہ,625.0,PKR,False,False,False,False,False,False
2026-04-22 16:49:25.076,Meezan Bank,Household,Maintenance,Bahria Security System maintenance,18000,Expense,"4 new sensors, all new cells",18000.0,PKR,False,False,False,False,False,False
2026-04-22 20:58:10.522,Faysal Noor World,Household,General,FP Pandamart,3654,Expense,,3654.0,PKR,False,False,False,False,False,False
2026-04-22 21:43:50.994,Faysal Noor World,Food,Unnecessary,,230,Expense,,230.0,PKR,False,False,False,False,False,False
2026-04-22 22:37:37.599,Meezan Bank,Household,General,Groceries,1170,Expense,"Milk, yogurt",1170.0,PKR,False,False,False,False,False,False
2026-04-22 23:26:12.135,Meezan Bank,Umaid Loan,,To Abujan's Mutual Funds Account for Umaid,50000,Transfer-Out,Money came from Sahiwal,50000.0,PKR,False,True,False,True,False,False
2026-04-23 11:23:54.052,Aliyan Loans,Miscellaneous,,,50,Expense,,50.0,PKR,False,False,False,False,False,False
2026-04-23 13:49:56.493,Meezan Bank,Miscellaneous,,Cat toy bird,3500,Expense,,3500.0,PKR,False,False,False,False,False,False
2026-04-23 14:14:02.819,Split,Ahmad Bhatti Loans,,Extraction Bhatti's part,394,Transfer-Out,Half,394.0,PKR,False,False,False,False,False,False
2026-04-23 14:14:02.819,Meezan Bank,Split,,Extraction with Bhatti,788,Transfer-Out,Half,788.0,PKR,False,False,False,False,False,False
2026-04-23 14:14:02.819,Split,Food,Unnecessary,Extraction my part,394,Expense,Half,394.0,PKR,False,False,False,False,False,False
2026-04-23 14:35:59.239,Meezan Bank,Food,Unnecessary,Coffee,840,Expense,,840.0,PKR,False,False,False,False,False,False
2026-04-23 14:36:47.599,Meezan Bank,Ahmad Bhatti Loans,,Crocheted Flowers from Extraction,3150,Transfer-Out,,3150.0,PKR,False,False,False,False,False,False
2026-04-23 14:57:43.959,Faysal Noor World,Food,Necessary,FP Alishba Breakfast,1578,Expense,,1578.0,PKR,False,False,False,False,False,False
2026-04-23 15:32:32.461,Meezan Bank,Family,Pet,Pets stuff,10800,Expense,,10800.0,PKR,False,False,False,False,False,False
2026-04-23 16:28:37.946,Meezan Bank,Abujan Loans,,To Khawar Javed Services for Abujan,5000,Transfer-Out,,5000.0,PKR,False,False,False,False,False,False
2026-04-23 18:28:00.102,Meezan Bank,Household,Maintenance,Bahria Security Alarm System Extra Remote,4500,Expense,,4500.0,PKR,False,False,False,False,False,False
2026-04-24 01:47:19.542,Faysal Noor World,Food,Necessary,FP Alishba Dinner,977,Expense,,977.0,PKR,False,False,False,False,False,False
2026-04-24 01:47:38.230,Meezan Bank,Split,,McDonald's with WAFR,3130,Transfer-Out,"55% Fahad, 35% split b/w me and Wasiq, 10% Bhatti",3130.0,PKR,False,False,False,False,False,False
2026-04-24 01:47:38.230,Split,Fahad Loan,,McDonald's Fahad's part,1722,Transfer-Out,"55% Fahad, 35% split b/w me and Wasiq, 10% Bhatti",1722.0,PKR,False,False,False,False,False,False
2026-04-24 01:47:38.230,Split,Wasiq Loan,,McDonald's Wasiq's part,548,Transfer-Out,"55% Fahad, 35% split b/w me and Wasiq, 10% Bhatti",548.0,PKR,False,False,False,False,False,False
2026-04-24 01:47:38.230,Split,Food,Unnecessary,McDonald's my part,548,Expense,"55% Fahad, 35% split b/w me and Wasiq, 10% Bhatti",548.0,PKR,False,False,False,False,False,False
2026-04-24 01:47:38.230,Split,Ahmad Bhatti Loans,,McDonald's Bhatti's part,313,Transfer-Out,"55% Fahad, 35% split b/w me and Wasiq, 10% Bhatti",313.0,PKR,False,False,False,False,False,False
2026-04-24 01:48:29.741,Meezan Bank,Transportation,Bike,YBR Fuel,2606,Expense,Aramco hi ,2606.0,PKR,False,False,False,False,False,False
2026-04-24 13:12:26.902,Meezan Bank,Salary,,FleetGlue Pure Salary #12 24 April 2026,690520,Income,,2538.46,USD,False,False,False,False,False,False
2026-04-24 13:15:02.494,Meezan Bank,Miscellaneous,,"Do hisaab, all clear",10276,Expense,,10276.0,PKR,False,False,False,False,True,False
2026-04-24 14:51:24.594,Split,Wasiq Loan,,Zoro Wasiq's part,2077,Transfer-Out,Fahad had the 1195/- deal. Baqi divide by 3 equal kar do b/w WAR. ,2077.0,PKR,False,False,False,False,False,False
2026-04-24 14:51:24.594,Split,Ahmad Bhatti Loans,,Zoro Bhatti's part,2077,Transfer-Out,Fahad had the 1195/- deal. Baqi divide by 3 equal kar do b/w WAR. ,2077.0,PKR,False,False,False,False,False,False
2026-04-24 14:51:24.594,Split,Fahad Loan,,Zoro Fahad's part,1243,Transfer-Out,Fahad had the 1195/- deal. Baqi divide by 3 equal kar do b/w WAR. ,1243.0,PKR,False,False,False,False,False,False
2026-04-24 14:51:24.594,Split,Food,Unnecessary,Zoro my part,2077,Expense,Fahad had the 1195/- deal. Baqi divide by 3 equal kar do b/w WAR. ,2077.0,PKR,False,False,False,False,False,False
2026-04-24 14:51:24.594,Meezan Bank,Split,,Zoro with WAFR,7475,Transfer-Out,Fahad had the 1195/- deal. Baqi divide by 3 equal kar do b/w WAR. ,7475.0,PKR,False,False,False,False,False,False
2026-04-24 15:06:19.930,Faysal Noor World,Food,Unnecessary,FP Alishba Nashta,2404,Expense,,2404.0,PKR,False,False,False,False,False,False
2026-04-24 15:30:43.517,Meezan Bank,Split,,Extraction with WAR,1575,Transfer-Out,"Equal split bhatti, wasiq, me",1575.0,PKR,False,False,False,False,False,False
2026-04-24 15:30:43.517,Split,Ahmad Bhatti Loans,,Extraction Bhatti's part,525,Transfer-Out,"Equal split bhatti, wasiq, me",525.0,PKR,False,False,False,False,False,False
2026-04-24 15:30:43.517,Split,Wasiq Loan,,Extraction Wasiq's part,525,Transfer-Out,"Equal split bhatti, wasiq, me",525.0,PKR,False,False,False,False,False,False
2026-04-24 15:30:43.517,Split,Food,Unnecessary,Extraction my part,525,Expense,"Equal split bhatti, wasiq, me",525.0,PKR,False,False,False,False,False,False
2026-04-24 18:15:53.259,Meezan Bank,Technology,Purchases,ATM Cash Withdrawal for APC UPS Riello 650,22000,Expense,"20k for APC UPS riello 650
2k petty ",22000.0,PKR,False,False,False,False,False,False
2026-04-24 21:01:53.547,Meezan Bank,Technology,Purchases,Type C 2m cable from allmytech,2725,Expense,,2725.0,PKR,False,False,False,False,False,False
2026-04-25 01:46:54.067,Meezan Bank,Umaid Loan,,Sent Umaid's amount to Aliyan,300000,Transfer-Out,,300000.0,PKR,False,True,False,True,False,False
2026-04-25 02:47:47.406,Meezan Bank,Al Meezan Mutual Funds,,MCF Investment,310000,Transfer-Out,,310000.0,PKR,False,False,False,False,False,False
2026-04-25 02:57:05.059,Meezan Bank,Faysal Noor World,,Faysal Noor Credit Card Bill Payment,82758,Transfer-Out,Hisaab clear as per money manager,82758.0,PKR,False,False,False,False,False,False
2026-04-25 02:58:13.461,Meezan Bank,JazzCash,,,10000,Transfer-Out,,10000.0,PKR,False,False,False,False,False,False
2026-04-25 02:58:18.039,Meezan Bank,EasyPaisa,,,10000,Transfer-Out,,10000.0,PKR,False,False,False,False,False,False
2026-04-25 03:07:43.977,Finqalab,Investment,Loss,Finqalab Loss,167,Expense,,167.0,PKR,False,False,False,False,False,False
2026-04-25 03:08:41.410,Tour/Travel,Miscellaneous,,,10354,Income,,10354.0,PKR,False,False,False,False,False,False
2026-04-25 13:39:17.869,Faysal Noor World,Food,Necessary,FP Naan Chanay,966,Expense,,966.0,PKR,False,False,False,False,False,False
2026-04-25 13:58:29.125,Meezan Bank,Abujan Loans,,Mattress for Umaid's room,31000,Transfer-Out,,31000.0,PKR,False,False,False,False,False,False
2026-04-25 14:31:18.689,Faysal Noor World,Umaid Loan,,FP Groceries for Mahad Birthday,7125,Transfer-Out,,7125.0,PKR,False,True,False,True,False,False
2026-04-25 15:29:16.607,Faysal Noor World,Food,Unnecessary,Coffee,742,Expense,,742.0,PKR,False,False,False,False,False,False
2026-04-25 15:29:42.887,Meezan Bank,Household,General,Euro Store,2091,Expense,,2091.0,PKR,False,False,False,False,False,False
2026-04-25 17:03:46.860,JazzCash,Umaid Loan,,Dahi Bhallay ×25 for Mahad's Birthday,2000,Transfer-Out,This is advance ,2000.0,PKR,False,True,False,True,False,False
2026-04-25 17:11:59.803,Meezan Bank,Umaid Loan,,Euro Store Birthday Decor Stuff,1551,Transfer-Out,,1551.0,PKR,False,True,False,True,False,False
2026-04-25 17:17:10.073,Meezan Bank,Family,General,Bananas for Mahad,880,Expense,,880.0,PKR,False,False,False,False,False,False
2026-04-25 17:17:26.207,Meezan Bank,Donation,,Advance for Drinks,500,Expense,,500.0,PKR,False,False,False,False,False,False
2026-04-25 18:03:03.281,Meezan Bank,Umaid Loan,,Dahi Bhallay ×25 for Mahad's Birthday,5500,Transfer-Out,"2000 was sent in advance vi jazzcash
From Adil Milk Shop",5500.0,PKR,False,True,False,True,False,False
2026-04-25 18:56:48.547,Meezan Bank,Umaid Loan,,Gol Gappay,3500,Transfer-Out,,3500.0,PKR,False,True,False,True,False,False
2026-04-25 19:53:21.812,Cash,Umaid Loan,,Gol Gappay Further,850,Transfer-Out,,850.0,PKR,False,True,False,True,False,False
2026-04-25 20:02:56.364,Meezan Bank,Umaid Loan,,Padel with fam at Bahria,8800,Transfer-Out,,8800.0,PKR,False,True,False,True,False,False
2026-04-25 20:18:20.489,Meezan Bank,Family,Health/Medicine,Mahad medicine syrup,268,Expense,,268.0,PKR,False,False,False,False,False,False
2026-04-25 22:03:39.095,Meezan Bank,Umaid Loan,,Mahad Birthday drinks,1647,Transfer-Out,,1647.0,PKR,False,True,False,True,False,False
2026-04-26 00:46:50.232,EasyPaisa,Family,Gift,Tea for fam,1500,Expense,,1500.0,PKR,False,False,False,False,False,False
2026-04-26 01:30:37.202,Faysal Noor World,Split,,FP Aliyan Boiled Rice,970,Transfer-Out,500 to his loan. (The transaction back from his account to mine is already logged). The rest is family general. ,970.0,PKR,False,False,False,False,False,False
2026-04-26 01:30:37.202,Split,Aliyan Loans,,FP Aliyan Boiled Rice,500,Transfer-Out,500 to his loan. (The transaction back from his account to mine is already logged). The rest is family general. ,500.0,PKR,False,False,False,False,False,False
2026-04-26 01:30:37.202,Split,Family,General,FP Aliyan Boiled Rice,470,Expense,500 to his loan. (The transaction back from his account to mine is already logged). The rest is family general. ,470.0,PKR,False,False,False,False,False,False
2026-04-26 01:31:44.420,Aliyan Loans,Meezan Bank,,Aliyan returned for boiled rice,500,Transfer-Out,,500.0,PKR,False,False,False,False,False,False
2026-04-26 02:25:34.135,Faysal Noor World,Family,Gift,FP Mahad Pizza NY212,1719,Expense,,1719.0,PKR,False,False,False,False,False,False
2026-04-26 14:04:56.269,Faysal Noor World,Family,General,Family Breakfast,1874,Expense,,1874.0,PKR,False,False,False,False,False,False
2026-04-26 14:09:47.240,Faysal Noor World,Family,General,Family Dinner,1853,Expense,,1853.0,PKR,False,False,False,False,False,False
2026-04-26 14:43:40.890,Faysal Noor World,Food,Unnecessary,FP Yakhni Plao,1044,Expense,,1044.0,PKR,False,False,False,False,False,False
2026-04-26 17:52:26.099,Faysal Noor World,Food,Unnecessary,Coffee,984,Expense,,984.0,PKR,False,False,False,False,False,False
2026-04-26 18:03:07.112,Meezan Bank,Family,Gift,Attiya parcel for Umaid,340,Expense,,340.0,PKR,False,False,False,False,False,False
2026-04-26 21:29:08.109,Meezan Bank,Abujan Loans,,Dr. Saima fam Kebabjees Restaurant Dawat,42255,Transfer-Out,,42255.0,PKR,False,False,False,False,False,False
2026-04-26 21:29:28.939,Meezan Bank,Umaid Loan,,Mahad Kebabjees Play Area Card,3000,Transfer-Out,,3000.0,PKR,False,True,False,True,False,False
2026-04-26 23:27:14.058,Meezan Bank,Family,Pet,JJ Vet Visit,1000,Expense,,1000.0,PKR,False,False,False,False,False,False
2026-04-27 00:06:15.866,Faysal Noor World,Food,Unnecessary,FP NY-212,1533,Expense,,1533.0,PKR,False,False,False,False,False,False
2026-04-27 02:00:33.906,Meezan Bank,Household,Maintenance,UPS Water Bottles,1790,Expense,,1790.0,PKR,False,False,False,False,False,False
2026-04-27 03:21:21.543,Meezan Bank,Family,Gift,Alishba Birthday gift sari 50% advance,14995,Expense,aik.store,14995.0,PKR,False,False,False,False,False,False
2026-04-27 16:17:50.496,Meezan Bank,Food,Unnecessary,KFC Lunch,1120,Expense,,1120.0,PKR,False,False,False,False,False,False
2026-04-27 16:50:35.568,JazzCash,Food,Unnecessary,Ice cream,500,Expense,,500.0,PKR,False,False,False,False,False,False
2026-04-27 18:03:18.902,Meezan Bank,Transportation,Car,Yaris fuel ⛽,4000,Expense,Attock hi,4000.0,PKR,False,False,False,False,False,False
2026-04-27 18:04:52.952,JazzCash,Abujan Loans,,M-Tag,510,Transfer-Out,,510.0,PKR,False,False,False,False,False,False
2026-04-28 01:30:03.200,Alishba Loans,Family,Pet,Alishba paid for JJ vet visit,8000,Expense,,8000.0,PKR,False,False,False,False,False,False
2026-04-28 12:01:36.709,Umaid Loan,Meezan Bank,,Received from Sahiwal,200000,Transfer-Out,,200000.0,PKR,False,True,False,True,False,False
2026-04-28 12:04:28.938,Meezan Bank,Family,Pet,Fatroximin Topic Spray for JJ,5900,Expense,from Animal Nexus,5900.0,PKR,False,False,False,False,False,False
2026-04-28 12:50:50.252,Meezan Bank,Transportation,Taxi,InDrive to work,612,Expense,,612.0,PKR,False,False,False,False,False,False
2026-04-28 12:59:31.738,Meezan Bank,Family,Pet,JJ Spray Delivery,260,Expense,,260.0,PKR,False,False,False,False,False,False
2026-04-28 13:53:54.780,JazzCash,Split,,Yakhni Plao with Bhatti,1140,Transfer-Out,Equal,1140.0,PKR,False,False,False,False,False,False
2026-04-28 13:54:54.780,Split,Food,Necessary,Yakhni Plao my part,570,Expense,Equal,570.0,PKR,False,False,False,False,False,False
2026-04-28 13:54:54.780,Split,Ahmad Bhatti Loans,,Yakhni Plao Bhatti's part,570,Transfer-Out,Equal,570.0,PKR,False,False,False,False,False,False
2026-04-28 14:08:42.994,Faysal Noor World,Split,,Extraction with Bhatti,787,Transfer-Out,Equal,787.0,PKR,False,False,False,False,False,False
2026-04-28 14:08:42.994,Split,Ahmad Bhatti Loans,,Extraction Bhatti's part,394,Transfer-Out,Equal,394.0,PKR,False,False,False,False,False,False
2026-04-28 14:08:42.994,Split,Food,Unnecessary,Extraction my part,394,Expense,Equal,394.0,PKR,False,False,False,False,False,False
2026-04-28 22:41:10.861,Al Meezan Mutual Funds,Profit,,Mutual Funds Profit,5117,Income,,5117.0,PKR,False,False,False,False,False,False
2026-04-28 22:42:31.570,Al Meezan Mutual Funds,Meezan Bank,,Withdrawn from Mutual Funds,40000,Transfer-Out,,40000.0,PKR,False,False,False,False,False,False
2026-04-28 22:48:37.228,Meezan Bank,Cash,,,3000,Transfer-Out,,3000.0,PKR,False,False,False,False,False,False
2026-04-28 22:48:44.355,Cash,Transportation,Taxi,InDrive from work,1000,Expense,,1000.0,PKR,False,False,False,False,False,False
2026-04-28 23:17:48.962,Abujan Loans,Cash,,Abujan Returned for Hisaab,51000,Transfer-Out,,51000.0,PKR,False,False,False,False,True,False
2026-04-29 01:46:46.365,Meezan Bank,Family,Pet,JJ home vet for injections half payment for 3 days,3750,Expense,,3750.0,PKR,False,False,False,False,False,False
2026-04-29 11:43:14.878,Faysal Noor World,Family,Pet,Lily Tracker Hoco E96A,3000,Expense,Ibrelia.com,3000.0,PKR,False,False,False,False,False,False
2026-04-29 13:20:54.654,Ahmad Bhatti Loans,Food,Unnecessary,Zoro lunch,1622,Expense,,1622.0,PKR,False,False,False,False,False,False
2026-04-29 14:29:55.832,Faysal Noor World,Split,,Extraction with Bhatti,787,Transfer-Out,Equal,787.0,PKR,False,False,False,False,False,False
2026-04-29 14:29:55.832,Split,Ahmad Bhatti Loans,,Extraction with Bhatti,394,Transfer-Out,Equal,394.0,PKR,False,False,False,False,False,False
2026-04-29 14:29:55.832,Split,Food,Unnecessary,Extraction my part,394,Expense,Equal,394.0,PKR,False,False,False,False,False,False
2026-04-29 15:21:54.943,Umaid Loan,Meezan Bank,,Umaid paid back for Mahad Birthday expenses,34000,Transfer-Out,,34000.0,PKR,False,True,False,True,False,False
2026-04-29 15:22:15.719,Umaid Loan,Miscellaneous,,,27,Income,,27.0,PKR,False,True,False,True,False,False
2026-04-29 15:44:46.328,Cash,Office Loans,,The Cubicle May 2026,53100,Transfer-Out,,53100.0,PKR,False,False,False,False,False,False
2026-04-29 18:53:04.709,Cash,Donation,,Cone,200,Expense,,200.0,PKR,False,False,False,False,False,False
2026-04-29 18:59:07.207,Faysal Noor World,Culture,Books,Book Iqbal by Faiz,2200,Expense,,2200.0,PKR,False,False,False,False,False,False
2026-04-29 20:09:17.792,Split,Food,Unnecessary,Dahlia Dirty Fries my part,686,Expense,Equal,686.0,PKR,False,False,False,False,False,False
2026-04-29 20:09:17.792,Split,Ahmad Bhatti Loans,,Dahlia Dirty Fries Bhatti's part,686,Transfer-Out,Equal,686.0,PKR,False,False,False,False,False,False
2026-04-29 20:09:17.792,Meezan Bank,Split,,Dahlia Dirty Fries with Bhatti,1372,Transfer-Out,Equal,1372.0,PKR,False,False,False,False,False,False
2026-04-29 22:45:13.798,Meezan Bank,Transportation,Taxi,InDrive from work,1000,Expense,,1000.0,PKR,False,False,False,False,False,False
2026-04-30 13:05:01.626,Split,Ahmad Bhatti Loans,,McDonald's Bhatti's part,1056,Transfer-Out,60/40 (60 me),1056.0,PKR,False,False,False,False,False,False
2026-04-30 13:05:01.626,Split,Food,Unnecessary,McDonald's my part,1584,Expense,60/40 (60 me),1584.0,PKR,False,False,False,False,False,False
2026-04-30 13:05:01.626,Meezan Bank,Split,,McDonald's with Bhatti,2640,Transfer-Out,60/40 (60 me),2640.0,PKR,False,False,False,False,False,False
2026-04-30 13:33:59.934,Meezan Bank,Split,,Extraction with Bhatti,787,Transfer-Out,Equal,787.0,PKR,False,False,False,False,False,False
2026-04-30 13:33:59.934,Split,Ahmad Bhatti Loans,,Extraction Bhatti's part,394,Transfer-Out,Equal,394.0,PKR,False,False,False,False,False,False
2026-04-30 13:33:59.934,Split,Food,Unnecessary,Extraction my part,394,Expense,Equal,394.0,PKR,False,False,False,False,False,False
2026-04-30 14:32:38.813,Faysal Noor World,Transportation,Car,Yaris fuel ⛽,14542,Expense,Aramco hi,14542.0,PKR,False,False,False,False,False,False
2026-04-30 15:33:16.508,Standard Chartered Saadiq Current Account,Bank Charges,,Account & card charges,2900,Expense,,2900.0,PKR,False,False,False,False,False,False
2026-04-30 15:40:38.133,HBL,Technology,Bills,Spotify Duo,595,Expense,,595.0,PKR,False,False,False,False,False,False
2026-04-30 19:03:52.467,Meezan Bank,Miscellaneous,,Petty,2000,Expense,,2000.0,PKR,False,False,False,False,False,False
2026-04-30 19:03:59.244,Cash,Family,Gift,Alishba Slush,300,Expense,,300.0,PKR,False,False,False,False,False,False
2026-04-30 21:24:42.362,Meezan Bank,Family,Gift,Sweets,501,Expense,,501.0,PKR,False,False,False,False,False,False
2026-04-30 21:30:53.019,Meezan Bank,Family,Health/Medicine,Pregnancy test,150,Expense,,150.0,PKR,False,False,False,False,False,False
2026-04-30 22:07:24.356,Meezan Bank,Food,Necessary,FP Bundu Khan,6325,Expense,,6325.0,PKR,False,False,False,False,False,False
2026-05-01 00:37:45.396,Meezan Bank,Family,Health/Medicine,Tissues and wipes,400,Expense,,400.0,PKR,False,False,False,False,False,False
2026-05-01 11:42:38.659,Al Meezan Mutual Funds,Investment,Loss,Mutual Funds Loss,1527,Expense,,1527.0,PKR,False,False,False,False,False,False
2026-05-01 15:38:52.967,Faysal Noor World,Food,Unnecessary,FP Badshah Tandoors,839,Expense,,839.0,PKR,False,False,False,False,False,False
2026-05-01 15:41:32.135,Faysal Noor World,Food,Unnecessary,FP Extraction,1159,Expense,,1159.0,PKR,False,False,False,False,False,False
2026-05-01 17:19:34.390,Meezan Bank,Family,Pet,JJ home vet for injections remaining payment for 3 days,8250,Expense,,8250.0,PKR,False,False,False,False,False,False
2026-05-01 18:03:53.894,Meezan Bank,Donation,,Cat food for strays,3000,Expense,,3000.0,PKR,False,False,False,False,False,False
2026-05-01 21:16:17.896,Meezan Bank,Abujan Loans,,Khan Baba Fam Dinner,45423,Transfer-Out,,45423.0,PKR,False,False,False,False,False,False
2026-05-01 21:16:36.131,Mama Loan,Family,Gift,"To Umaid, Fiza, Mahad as gift",20000,Expense,"8k of this was cake money. 
Aliyan must send it to me and I must send that to Alishba. 
From Umaid's perspective we gave Mahad the cake as gift because Aliyan (on his behalf) gave me the 8k and I gave it back to Umaid as part of this 20k. 
From Alishba's perspective she paid 8k for the cake and will get it back from me. ",20000.0,PKR,False,False,False,False,False,False
2026-05-01 21:58:05.551,Abujan Loans,Cash,,Abujan paid back for khan baba,45000,Transfer-Out,,45000.0,PKR,False,False,False,False,False,False
2026-05-02 11:57:55.554,HBL,Technology,Bills,Google One subscription,768,Expense,,768.0,PKR,False,False,False,False,False,False
2026-05-02 11:58:21.388,HBL,Technology,Bills,AWS,256,Expense,,256.0,PKR,False,False,False,False,False,False
2026-05-02 17:00:39.319,Meezan Bank,Food,Unnecessary,Extraction coffee,840,Expense,,840.0,PKR,False,False,False,False,False,False
2026-05-02 17:07:41.531,Meezan Bank,Family,Pet,JJ medicine courier,1140,Expense,,1140.0,PKR,False,False,False,False,False,False
2026-05-02 17:39:52.040,Meezan Bank,Food,Unnecessary,Coffee delivery,600,Expense,,600.0,PKR,False,False,False,False,False,False
2026-05-02 18:37:09.380,Meezan Bank,Family,Pet,JJ Vet Visit,1000,Expense,,1000.0,PKR,False,False,False,False,False,False
2026-05-02 19:52:31.167,Loans,Meezan Bank,,Web Dev C7 Revenue,9000,Transfer-Out,"Kiran. Alfalah. 
0% refundable. ",9000.0,PKR,False,False,False,False,False,False
2026-05-03 08:27:04.339,Meezan Bank,Household,Bills,Nadeem Maali Salary,3500,Expense,,3500.0,PKR,False,False,False,False,False,False
2026-05-03 15:51:04.064,Abujan Loans,Family,Pocket Money,Abujan Pocket Money May 2026,80000,Expense,,80000.0,PKR,False,False,False,False,False,False
2026-05-03 20:16:03.148,Meezan Bank,Entrepreneurship,,Tripbazar.pk data entry girl April 2026 Salary,14667,Expense,29.33h at 500/h,14667.0,PKR,False,False,False,False,False,True
2026-05-03 20:30:27.519,Faysal Noor World,Split,,Alishba & Mama Saya purchases,27552,Transfer-Out,For family Eid suits for next Eid ul Fitr (2027),27552.0,PKR,False,False,False,False,False,False
2026-05-03 20:31:27.519,Split,Family,Gift,Alishba Saya purchase for family Eid gifts,19252,Expense,For family Eid suits for next Eid ul Fitr (2027),19252.0,PKR,False,False,False,False,False,False
2026-05-03 20:31:27.519,Split,Abujan Loans,,Mama Saya Purchase using Alishba's card,8300,Transfer-Out,,8300.0,PKR,False,False,False,False,False,False
2026-05-03 20:31:27.773,Faysal Noor World,Split,,Alishba & Mama DINERS purchase,15636,Transfer-Out,,15636.0,PKR,False,False,False,False,False,False
2026-05-03 20:31:51.811,Faysal Noor World,Family,Gift,Alishba Limelight purchase,4410,Expense,For family Eid suits for next Eid ul Fitr (2027),4410.0,PKR,False,False,False,False,False,False
2026-05-03 20:32:17.854,Faysal Noor World,Abujan Loans,,Mama Limelight earrings purchase,1499,Transfer-Out,,1499.0,PKR,False,False,False,False,False,False
2026-05-03 20:32:27.773,Split,Abujan Loans,,Mama DINERS purchase,5244,Transfer-Out,,5244.0,PKR,False,False,False,False,False,False
2026-05-03 20:32:27.773,Split,Family,Gift,Alishba Diners Suit,10392,Expense,,10392.0,PKR,False,False,False,False,False,False
2026-05-03 21:36:25.906,Meezan Bank,Profit,,Web Dev C7 Revenue,10000,Income,Arooj Fatima. She deserves 1k back early bird,10000.0,PKR,False,False,False,False,False,False
2026-05-03 22:48:46.002,Faysal Noor World,Split,,McDonald's with WAFR,4510,Transfer-Out,"1 double spicy mccrispy with medium meal Bhatti and 1 Wasiq

I had ala carte double spicy mccrispy with diet coke separate

Fahad just had a cone",4510.0,PKR,False,False,False,False,False,False
2026-05-03 22:48:46.002,Split,Food,Unnecessary,McDonald's my part,1369,Expense,"1 double spicy mccrispy with medium meal Bhatti and 1 Wasiq

I had ala carte double spicy mccrispy with diet coke separate

Fahad just had a cone",1369.0,PKR,False,False,False,False,False,False
2026-05-03 22:48:46.002,Split,Fahad Loan,,McDonald's Fahad's part,200,Transfer-Out,"1 double spicy mccrispy with medium meal Bhatti and 1 Wasiq

I had ala carte double spicy mccrispy with diet coke separate

Fahad just had a cone",200.0,PKR,False,False,False,False,False,False
2026-05-03 22:48:46.002,Split,Wasiq Loan,,McDonald's Wasiq's part,1470,Transfer-Out,"1 double spicy mccrispy with medium meal Bhatti and 1 Wasiq

I had ala carte double spicy mccrispy with diet coke separate

Fahad just had a cone",1470.0,PKR,False,False,False,False,False,False
2026-05-03 22:48:46.002,Split,Ahmad Bhatti Loans,,McDonald's Bhatti's part,1471,Transfer-Out,"1 double spicy mccrispy with medium meal Bhatti and 1 Wasiq

I had ala carte double spicy mccrispy with diet coke separate

Fahad just had a cone",1471.0,PKR,False,False,False,False,False,False
2026-05-04 00:46:19.198,Meezan Bank,Family,Pet,JJ Edibles,12500,Expense,,12500.0,PKR,False,False,False,False,False,False
2026-05-04 00:46:29.346,Meezan Bank,Bank Charges,,,2,Expense,,2.0,PKR,False,False,False,False,False,False
2026-05-04 01:24:21.976,Meezan Bank,Food,Unnecessary,Pizza,800,Expense,,800.0,PKR,False,False,False,False,False,False
2026-05-04 11:16:41.285,Meezan Bank,Family,Health/Medicine,Alishba med,620,Expense,,620.0,PKR,False,False,False,False,False,False
2026-05-04 12:39:41.923,Meezan Bank,Split,,KFC with Bhatti,1740,Transfer-Out,Equal,1740.0,PKR,False,False,False,False,False,False
2026-05-04 13:21:08.824,Meezan Bank,Split,,Extraction with Bhatti,787,Transfer-Out,Equal,787.0,PKR,False,False,False,False,False,False
2026-05-04 13:21:33.020,Faysal Noor World,Family,Gift,Alishba Crafe Lunch,8981,Expense,,8981.0,PKR,False,False,False,False,False,False
2026-05-04 14:49:27.650,Meezan Bank,Family,Pet,Adult Cat food,5090,Expense,Mera,5090.0,PKR,False,False,False,False,False,False
2026-05-04 15:33:55.752,Faysal Noor World,Beauty,,Tony & Guy,1575,Expense,,1575.0,PKR,False,False,False,False,False,False
2026-05-04 16:27:59.066,Faysal Noor World,Split,,Extraction with Bhatti,787,Transfer-Out,Equal,787.0,PKR,False,False,False,False,False,False
2026-05-04 16:44:57.814,Meezan Bank,Work,,US Visa Photo,2000,Expense,Madina Photo Studio Main Market (see google keep and drive documents folder) ,2000.0,PKR,False,False,False,False,False,False
2026-05-04 18:56:28.758,JazzCash,Culture,Books,Qasim Kitabwadi for Urdu Afsana Book,2200,Expense,,2200.0,PKR,False,False,False,False,False,False
2026-05-04 19:24:33.895,Meezan Bank,Transportation,Car,Yaris fuel ⛽,9022,Expense,Aramco hi,9022.0,PKR,False,False,False,False,False,False
2026-05-04 20:28:51.930,Loans,Meezan Bank,,Web Dev C7 Revenue,9000,Transfer-Out,Momin Jahangir | 0% refundable ,9000.0,PKR,False,False,False,False,False,False
2026-05-04 22:21:28.868,Split,Ahmad Bhatti Loans,,KFC & Extraction Bhatti's part,1657,Transfer-Out,,1657.0,PKR,False,False,False,False,False,False
2026-05-04 22:21:28.868,Split,Food,Unnecessary,KFC & Extraction my part,1657,Expense,,1657.0,PKR,False,False,False,False,False,False
2026-05-04 23:35:57.922,Meezan Bank,Family,Health/Medicine,Alishba med,850,Expense,,850.0,PKR,False,False,False,False,False,False
2026-05-05 00:34:29.084,Meezan Bank,NayaPay,,,500,Transfer-Out,,500.0,PKR,False,False,False,False,False,False
2026-05-05 00:34:33.558,NayaPay,Bank Charges,,NADRA verification charges,100,Expense,,100.0,PKR,False,False,False,False,False,False
2026-05-05 00:36:56.819,Meezan Bank,NayaPay,,,1000,Transfer-Out,,1000.0,PKR,False,False,False,False,False,False
2026-05-05 00:37:54.382,NayaPay,Bank Charges,,Nayapay VISA Card,999,Expense,,999.0,PKR,False,False,False,False,False,False
2026-05-05 11:19:14.071,Meezan Bank,Family,Pet,JJ home vet for injections remaining payment,7500,Expense,,7500.0,PKR,False,False,False,False,False,False
2026-05-05 12:13:09.282,Meezan Bank,Food,Unnecessary,Zoro partial,166,Expense,,166.0,PKR,False,False,False,False,False,False
2026-05-05 12:13:18.361,Meezan Bank,Food,Unnecessary,Zoro partial,1503,Expense,,1503.0,PKR,False,False,False,False,False,False
2026-05-05 12:37:42.710,Meezan Bank,Food,Unnecessary,Extraction,787,Expense,,787.0,PKR,False,False,False,False,False,False
2026-05-05 12:58:03.989,Meezan Bank,Merge,,"ZAH Computers Asus 27"" 2K 75Hz Monitor",33100,Transfer-Out,"This was returned, we didn't like it. We got a Lenovo P32p 32"" 4K with arm instead. 

The total cost of this + 3500 leopard courier + the Lenovo is 66,000 and to be paid by Wasiq and Bhatti as they use it. ",33100.0,PKR,False,False,False,False,False,False
2026-05-05 18:46:50.107,Faysal Noor World,Family,Health/Medicine,Alishba TVS from Chughtai,3400,Expense,,3400.0,PKR,False,False,False,False,False,False
2026-05-05 19:09:25.910,Meezan Bank,Miscellaneous,,Petty,1000,Expense,,1000.0,PKR,False,False,False,False,False,False
2026-05-05 19:43:21.878,Faysal Noor World,Family,Health/Medicine,IDC TSH Profile Alishba,3230,Expense,,3230.0,PKR,False,False,False,False,False,False
2026-05-05 22:38:37.513,Cash,Mama Loan,,Paid Mama for Umaid Mahad birthday money,20000,Transfer-Out,,20000.0,PKR,False,False,False,False,False,False
2026-05-05 22:50:08.778,Meezan Bank,Donation,,FRDP Hunger Donation,19740,Expense,Transaction ID: 95eb46d9-11bc-fcc0-f0c7-50a8bb650934,19740.0,PKR,False,False,False,False,False,False
2026-05-05 23:28:22.584,Meezan Bank,Family,Health/Medicine,Clinix Alishba pregnancy meds,3402,Expense,,3402.0,PKR,False,False,False,False,False,False
2026-05-05 23:30:24.522,Meezan Bank,Household,General,"Moisturizer, deoderant, hazmazza, toothbrush",5998,Expense,,5998.0,PKR,False,False,False,False,False,False
2026-05-05 23:37:10.143,Meezan Bank,Health,Medicine,Butrin XL,500,Expense,,500.0,PKR,False,False,False,False,False,False
2026-05-06 12:21:59.432,Meezan Bank,Family,Gift,Alishba gift aik saree,15300,Expense,,15300.0,PKR,False,False,False,False,False,False
2026-05-06 12:52:08.227,Meezan Bank,Household,Bills,Bahria Electricity Bill Apr 2026,14750,Expense,Single 20k transaction,14750.0,PKR,False,False,False,False,False,False
2026-05-06 12:52:47.242,Meezan Bank,Household,Bills,Bahria Maintenance Bill Apr 2026,4500,Expense,Single 20k transaction,4500.0,PKR,False,False,False,False,False,False
2026-05-06 12:52:59.674,Meezan Bank,Household,Bills,Bahria Maali Tip,750,Expense,Single 20k transaction,750.0,PKR,False,False,False,False,False,False
2026-05-06 13:19:12.051,Meezan Bank,Family,Gift,Alishba Coco Parcel,14400,Expense,,14400.0,PKR,False,False,False,False,False,False
2026-05-06 13:19:20.182,Meezan Bank,Bank Charges,,,14,Expense,,14.0,PKR,False,False,False,False,False,False
2026-05-06 17:02:21.502,Ahmad Bhatti Loans,Food,Unnecessary,Zoro Burgers Lunch,2405,Expense,,2405.0,PKR,False,False,False,False,False,False
2026-05-06 22:15:27.585,JazzCash,Family,Health/Medicine,Water,50,Expense,,50.0,PKR,False,False,False,False,False,False
2026-05-06 23:37:50.028,Cash,Donation,,Clinix guards tip,1000,Expense,,1000.0,PKR,False,False,False,False,False,False
2026-05-06 23:37:58.536,Meezan Bank,Miscellaneous,,Petty cash,5000,Expense,,5000.0,PKR,False,False,False,False,True,False
2026-05-06 23:47:50.455,Meezan Bank,Family,Health/Medicine,Alishba medicine,680,Expense,,680.0,PKR,False,False,False,False,False,False
2026-05-07 13:58:46.427,Meezan Bank,Family,Health/Medicine,,300,Expense,,300.0,PKR,False,False,False,False,False,False
2026-05-07 13:58:51.036,Meezan Bank,Family,Health/Medicine,,438,Expense,,438.0,PKR,False,False,False,False,False,False
2026-05-07 15:03:44.914,Meezan Bank,Food,Unnecessary,Arcadian Lunch,2389,Expense,,2389.0,PKR,False,False,False,False,False,False
2026-05-07 15:03:53.492,Meezan Bank,Donation,,Tip,500,Expense,,500.0,PKR,False,False,False,False,False,False
2026-05-07 15:23:28.635,Meezan Bank,Apparel,,Royal Tag Clothes,14070,Expense,,14070.0,PKR,False,False,False,False,False,False
2026-05-07 15:51:40.327,Meezan Bank,Food,Unnecessary,Coffee,840,Expense,,840.0,PKR,False,False,False,False,False,False
2026-05-08 01:54:59.989,Meezan Bank,Family,Health/Medicine,Alishba Heating Pad,9140,Expense,For post miscarriage pain,9140.0,PKR,False,False,False,False,False,False
2026-05-08 12:08:25.053,Merge,Salary,,Fleetglue Pure Salary #13 08 May 2026,689901,Income,,2538.46,USD,False,False,False,False,False,False
2026-05-08 12:08:42.959,Office Loans,Merge,,FleetGlue office reimbursement 08 May 2026,51502,Transfer-Out,,189.5,USD,False,False,True,True,False,False
2026-05-08 12:08:52.358,Merge,Meezan Bank,,FleetGlue Salary #13 08 May 2026,741403,Transfer-Out,,2727.96,USD,False,False,False,False,False,False
2026-05-08 12:15:48.944,Meezan Bank,Tabish Loan,,Tabish qarz e hasana,25000,Transfer-Out,,25000.0,PKR,False,False,False,False,False,False
2026-05-08 12:30:53.092,Cash,Mama Loan,,Mama Pocket Money May 2026 Partial,20000,Transfer-Out,,20000.0,PKR,False,False,False,False,False,False
2026-05-08 12:55:42.642,Meezan Bank,Family,Gift,Solli's for Alishba,4190,Expense,,4190.0,PKR,False,False,False,False,False,False
2026-05-08 15:04:28.648,Meezan Bank,Split,,Extraction with Bhatti,787,Transfer-Out,Equal,787.0,PKR,False,False,False,False,False,False
2026-05-08 15:04:28.648,Split,Ahmad Bhatti Loans,,Extraction Bhatti's part,394,Transfer-Out,Equal,394.0,PKR,False,False,False,False,False,False
2026-05-08 15:04:28.648,Split,Food,Unnecessary,Extraction my part,394,Expense,Equal,394.0,PKR,False,False,False,False,False,False
2026-05-08 15:06:07.522,Ahmad Bhatti Loans,Food,Unnecessary,Yakhni Plao my part,500,Expense,,500.0,PKR,False,False,False,False,False,False
2026-05-08 15:37:06.850,Cash,Transportation,Car Maintenance,Yaris wash the cubicle,1000,Expense,,1000.0,PKR,False,False,False,False,False,False
2026-05-08 17:28:35.355,Meezan Bank,Household,Bills,Bahria PTCL Bill,8180,Expense,,8180.0,PKR,False,False,False,False,False,False
2026-05-08 17:29:00.836,Meezan Bank,Household,Bills,SNGPL Bahria,950,Expense,,950.0,PKR,False,False,False,False,False,False
2026-05-08 17:29:26.291,Meezan Bank,Abujan Loans,,Sahowari LESCO Bill #3,89,Transfer-Out,,89.0,PKR,False,False,False,False,False,False
2026-05-08 17:29:47.261,Meezan Bank,Abujan Loans,,Sahowari LESCO Bill #2,24101,Transfer-Out,,24101.0,PKR,False,False,False,False,False,False
2026-05-08 17:30:04.334,Meezan Bank,Abujan Loans,,Sahowari LESCO Bill #1,13358,Transfer-Out,,13358.0,PKR,False,False,False,False,False,False
2026-05-08 17:32:44.078,Meezan Bank,Umaid Loan,,Umaid's Spring 200k to Abujan MCF,200000,Transfer-Out,,200000.0,PKR,False,True,False,True,False,False
2026-05-08 17:33:01.791,Meezan Bank,Bank Charges,,,100,Expense,,100.0,PKR,False,False,False,False,False,False
2026-05-08 17:33:52.759,Meezan Bank,Family,Pocket Money,Alishba Pocket Money May 2026,150000,Expense,,150000.0,PKR,False,False,False,False,False,False
2026-05-08 18:05:18.089,Meezan Bank,Social Life,Friend,Daraz.pk screw driver set for office,1910,Expense,,1910.0,PKR,False,False,False,False,False,False
2026-05-08 20:15:51.684,JazzCash,Abujan Loans,,Abujan M-Tag,1010,Transfer-Out,,1010.0,PKR,False,False,False,False,False,False
2026-05-08 21:17:06.251,Meezan Bank,Donation,,Stray cat food Sahowari,1800,Expense,,1800.0,PKR,False,False,False,False,False,False
2026-05-08 21:28:17.924,Meezan Bank,Split,,"The Bear with Mustafa, Saad, Tabish",4139,Transfer-Out,Equal,4139.0,PKR,False,False,False,False,False,False
2026-05-08 21:28:17.924,Split,Loans,,The Bear Mustafa's part,1035,Transfer-Out,Equal,1035.0,PKR,False,False,False,False,False,False
2026-05-08 21:28:17.924,Split,Social Life,Friend,The Bear my part,1035,Expense,Equal,1035.0,PKR,False,False,False,False,False,False
2026-05-08 21:28:17.924,Split,Loans,,The Bear Saad's part,1034,Transfer-Out,Equal,1034.0,PKR,False,False,False,False,False,False
2026-05-08 21:28:17.924,Split,Tabish Loan,,The Bear Tabish's part,1034,Transfer-Out,Equal,1034.0,PKR,False,False,False,False,False,False
2026-05-08 23:06:45.019,Faysal Noor World,Food,Unnecessary,FP Alishba Sweets,1769,Expense,,1769.0,PKR,False,False,False,False,False,False
2026-05-09 01:20:44.790,Mama Loan,Family,Pocket Money,Mama Pocket Money May 2026 Full,50000,Expense,,50000.0,PKR,False,False,False,False,False,False
2026-05-09 13:03:53.773,Faysal Noor World,Food,Necessary,FP Breakfast,1199,Expense,,1199.0,PKR,False,False,False,False,False,False
2026-05-09 16:21:44.699,Meezan Bank,Family,Pet,Lily food & litter,5580,Expense,Mera,5580.0,PKR,False,False,False,False,False,False
2026-05-09 18:03:09.359,Ahmad Bhatti Loans,Work,,$55 To Hammad for Turing Assessment Task,15294,Expense,,55.0,USD,False,False,False,False,False,False
2026-05-09 19:11:24.299,Loans,Meezan Bank,,Mustafa repaid for the bear,1034,Transfer-Out,,1034.0,PKR,False,False,False,False,False,False
2026-05-09 19:27:46.060,Meezan Bank,Transportation,Car Maintenance,Yaris oil and oil filter change,20285,Expense,Filter house,20285.0,PKR,False,False,False,False,False,False
2026-05-09 21:07:15.317,Meezan Bank,Food,Necessary,Zoro with Alishba,4939,Expense,,4939.0,PKR,False,False,False,False,False,False
2026-05-09 21:39:03.435,Meezan Bank,Food,Unnecessary,Alishba Extraction,2205,Expense,,2205.0,PKR,False,False,False,False,False,False
2026-05-09 21:54:56.489,Faysal Noor World,Transportation,Car,Yaris fuel ⛽,13216,Expense,Aramco hi,13216.0,PKR,False,False,False,False,False,False
2026-05-10 13:51:33.518,Meezan Bank,JazzCash,,,20000,Transfer-Out,,20000.0,PKR,False,False,False,False,False,False
2026-05-10 13:51:37.133,Meezan Bank,Bank Charges,,,20,Expense,,20.0,PKR,False,False,False,False,False,False
2026-05-10 13:52:12.898,Meezan Bank,Family,Gift,Mangoes from Punjab Organic Sir Moein,3200,Expense,,3200.0,PKR,False,False,False,False,False,False
2026-05-10 14:27:19.464,Meezan Bank,EasyPaisa,,,10000,Transfer-Out,,10000.0,PKR,False,False,False,False,False,False
2026-05-10 14:27:23.524,Meezan Bank,Bank Charges,,,10,Expense,,10.0,PKR,False,False,False,False,False,False
2026-05-10 15:07:14.534,Meezan Bank,Tabish Loan,,Tabish qarz e hasana,6500,Transfer-Out,,6500.0,PKR,False,False,False,False,False,False
2026-05-10 20:35:56.741,Faysal Noor World,Miscellaneous,,,1236,Expense,,1236.0,PKR,False,False,False,False,False,False
2026-05-10 22:28:45.063,Faysal Noor World,Split,,Arcadian Mother's Day,32335,Transfer-Out,"1/4 me, 3/4 Jazba, Sunny, Zaeem",32335.0,PKR,False,False,False,False,False,False
2026-05-10 22:28:45.063,Split,Loans,,Arcadian Jazba's part,8084,Transfer-Out,"1/4 me, 3/4 Jazba, Sunny, Zaeem",8084.0,PKR,False,False,False,False,False,False
2026-05-10 22:28:45.063,Split,Loans,,Arcadian Sunny's part,8084,Transfer-Out,"1/4 me, 3/4 Jazba, Sunny, Zaeem",8084.0,PKR,False,False,False,False,False,False
2026-05-10 22:28:45.063,Split,Loans,,Arcadian Zaeem's part,8084,Transfer-Out,"1/4 me, 3/4 Jazba, Sunny, Zaeem",8084.0,PKR,False,False,False,False,False,False
2026-05-10 22:28:45.063,Split,Family,Gift,Arcadian my part,8084,Expense,"1/4 me, 3/4 Jazba, Sunny, Zaeem",8084.0,PKR,False,False,False,False,False,False
2026-05-10 23:43:12.814,Tabish Loan,Meezan Bank,,,3000,Transfer-Out,,3000.0,PKR,False,False,False,False,False,False
2026-05-11 00:06:59.023,Ahmad Bhatti Loans,Food,Unnecessary,McDonald's,838,Expense,,838.0,PKR,False,False,False,False,False,False
2026-05-11 00:30:25.119,Meezan Bank,Food,Necessary,Alishba McDonald's,1100,Expense,,1100.0,PKR,False,False,False,False,False,False
2026-05-11 03:16:26.574,Meezan Bank,Donation,,Todd's Welfare Society,3500,Expense,Animal,3500.0,PKR,False,False,False,False,False,False
2026-05-11 13:01:55.651,Meezan Bank,Split,,DD with Wasiq and Bhatti,3313,Transfer-Out,Equal,3313.0,PKR,False,False,False,False,False,False
2026-05-11 13:01:55.651,Split,Wasiq Loan,,DD Wasiq's part,1104,Transfer-Out,Equal,1104.0,PKR,False,False,False,False,False,False
2026-05-11 13:01:55.651,Split,Ahmad Bhatti Loans,,DD Bhatti's part,1104,Transfer-Out,Equal,1104.0,PKR,False,False,False,False,False,False
2026-05-11 13:01:55.651,Split,Food,Necessary,DD my part,1104,Expense,Equal,1104.0,PKR,False,False,False,False,False,False
2026-05-11 13:25:06.630,Meezan Bank,Split,,Extraction with WAR,1575,Transfer-Out,"1/2 Wasiq, 1/4 me and Bhatti",1575.0,PKR,False,False,False,False,False,False
2026-05-11 13:25:06.630,Split,Wasiq Loan,,Extraction Wasiq's part,788,Transfer-Out,"1/2 Wasiq, 1/4 me and Bhatti",788.0,PKR,False,False,False,False,False,False
2026-05-11 13:25:06.630,Split,Food,Unnecessary,Extraction my part,394,Expense,"1/2 Wasiq, 1/4 me and Bhatti",394.0,PKR,False,False,False,False,False,False
2026-05-11 13:25:06.630,Split,Ahmad Bhatti Loans,,Extraction Bhatti's part,394,Transfer-Out,"1/2 Wasiq, 1/4 me and Bhatti",394.0,PKR,False,False,False,False,False,False
2026-05-11 14:14:10.778,Meezan Bank,Split,,Extraction with Bhatti and Maryam,1207,Transfer-Out,Equal,1207.0,PKR,False,False,False,False,False,False
2026-05-11 14:14:10.778,Split,Food,Unnecessary,Extraction my part,604,Expense,Equal,604.0,PKR,False,False,False,False,False,False
2026-05-11 14:14:10.778,Split,Food,Unnecessary,Extraction Bhatti's part,604,Expense,Equal,604.0,PKR,False,False,False,False,False,False
2026-05-11 14:55:52.578,Meezan Bank,Food,Necessary,Water extraction,95,Expense,,95.0,PKR,False,False,False,False,False,False
2026-05-11 15:11:21.451,HBL,Technology,Purchases,Google ONE,54,Expense,,54.0,PKR,False,False,False,False,False,False
2026-05-11 15:24:02.793,Meezan Bank,Abujan Loans,,To Wasif for Abujan,5000,Transfer-Out,,5000.0,PKR,False,False,False,False,False,False
2026-05-11 16:29:54.883,Meezan Bank,Family,General,Abujan ufone load,250,Expense,,250.0,PKR,False,False,False,False,False,False
2026-05-11 19:09:44.278,Meezan Bank,Mama Loan,,Mama Sajda Zakat,5000,Transfer-Out,,5000.0,PKR,False,False,False,False,False,False
2026-05-11 19:09:44.279,Meezan Bank,Bank Charges,,Fees,5,Expense,,5.0,PKR,False,False,False,False,False,False
2026-05-11 22:17:17.783,Faysal Noor World,Food,Unnecessary,FP Alishba,1869,Expense,,1869.0,PKR,False,False,False,False,False,False
2026-05-11 22:41:33.962,Tabish Loan,Meezan Bank,,Tabish return,2000,Transfer-Out,,2000.0,PKR,False,False,False,False,False,False
2026-05-11 23:26:03.478,Tabish Loan,Meezan Bank,,Tabish return,1500,Transfer-Out,,1500.0,PKR,False,False,False,False,False,False
2026-05-12 12:46:43.864,Split,Ahmad Bhatti Loans,,Zoro Bhatti's part,1984,Transfer-Out,2405 rupees me,1984.0,PKR,False,False,False,False,False,False
2026-05-12 12:46:43.864,Meezan Bank,Split,,Zoro with Bhatti,4389,Transfer-Out,2405 rupees me,4389.0,PKR,False,False,False,False,False,False
2026-05-12 12:46:43.864,Split,Food,Unnecessary,Zoro my part,2405,Expense,2405 rupees me,2405.0,PKR,False,False,False,False,False,False
2026-05-12 13:20:42.344,Split,Ahmad Bhatti Loans,,Extraction Bhatti's part,393,Transfer-Out,,393.0,PKR,False,False,False,False,False,False
2026-05-12 13:20:42.344,Meezan Bank,Split,,Extraction with Bhatti,787,Transfer-Out,,787.0,PKR,False,False,False,False,False,False
2026-05-12 13:20:42.344,Split,Food,Unnecessary,Extraction my part,394,Expense,,394.0,PKR,False,False,False,False,False,False
2026-05-12 14:38:31.765,Meezan Bank,Tabish Loan,,Tabish qarz e hasana,3000,Transfer-Out,,3000.0,PKR,False,False,False,False,False,False
2026-05-12 15:08:37.828,Meezan Bank,Family,General,Solli's Takeaway for Alishba,2656,Expense,,2656.0,PKR,False,False,False,False,False,False
2026-05-12 15:28:16.478,Meezan Bank,Loans,,To Tabish due within 1 day,100000,Transfer-Out,,100000.0,PKR,False,False,False,False,False,False
2026-05-12 16:11:58.312,Meezan Bank,NayaPay,,,50000,Transfer-Out,,50000.0,PKR,False,False,False,False,False,False
2026-05-12 16:49:30.596,NayaPay,Food,Unnecessary,McDonald's coffee,1125,Expense,,1125.0,PKR,False,False,False,False,False,False
2026-05-12 17:36:05.025,Loans,Meezan Bank,,Web Dev C7 Revenue,9000,Transfer-Out,"Taimur Waseem, 0% refund",9000.0,PKR,False,False,False,False,False,False
2026-05-12 19:23:16.358,NayaPay,Food,Necessary,,200,Expense,,200.0,PKR,False,False,False,False,False,False
2026-05-12 23:29:15.236,NayaPay,Food,Unnecessary,FP Paratha Roll,586,Expense,,586.0,PKR,False,False,False,False,False,False
2026-05-13 01:08:15.663,Meezan Bank,Faysal Noor World,,Partial Bill Payment,50000,Transfer-Out,,50000.0,PKR,False,False,False,False,False,False
2026-05-13 04:45:01.491,Faysal Noor World,Tour/Travel,Transport,Alishba Skardu Airblue Tickets,132499,Expense,,132499.0,PKR,False,False,False,False,False,False
2026-05-13 10:40:04.344,Faysal Noor World,Family,General,Alishba Sajiero Purchase,14079,Expense,,14079.0,PKR,False,False,False,False,False,False
2026-05-13 10:40:51.329,Loans,NayaPay,,Tabish returned,100000,Transfer-Out,,100000.0,PKR,False,False,False,False,False,False
2026-05-13 10:51:22.018,NayaPay,Family,Pet,Lily airtag collar from daraz.pk,2130,Expense,,2130.0,PKR,False,False,False,False,False,False
2026-05-13 12:29:47.251,NayaPay,Food,Necessary,FP Yakhni Plao Breakfast,1404,Expense,,1404.0,PKR,False,False,False,False,False,False
2026-05-13 13:57:19.448,NayaPay,Household,General,FP Groceries,3446,Expense,"Watermelon, toothpaste, milk",3446.0,PKR,False,False,False,False,False,False
2026-05-13 19:25:12.823,NayaPay,Household,General,Ghar ka khana indrive,200,Expense,,200.0,PKR,False,False,False,False,False,False
2026-05-14 00:31:56.382,Faysal Noor World,Food,Unnecessary,FP Pizza Hut,1794,Expense,,1794.0,PKR,False,False,False,False,False,False
2026-05-14 14:44:07.820,NayaPay,Food,Necessary,FP Alishba Lunch,2268,Expense,,2268.0,PKR,False,False,False,False,False,False
2026-05-14 15:44:26.143,Meezan Bank,Transportation,Car,Yaris fuel ⛽,9938,Expense,Aramco hi,9938.0,PKR,False,False,False,False,False,False
2026-05-14 16:18:22.194,NayaPay,Food,Necessary,FP Lunch,1967,Expense,,1967.0,PKR,False,False,False,False,False,False
2026-05-14 16:21:37.635,NayaPay,Tour/Travel,Hotels,Hashupi Resort Skardu,86000,Expense,,86000.0,PKR,False,False,False,False,False,False
2026-05-14 16:22:17.966,NayaPay,Beauty,,Shampoo Imported,1596,Expense,,1596.0,PKR,False,False,False,False,False,False
2026-05-14 16:28:58.055,NayaPay,Food,Unnecessary,FP Coffee,743,Expense,,743.0,PKR,False,False,False,False,False,False
2026-05-14 16:35:06.393,Faysal Noor World,Family,Gift,Alishba Labubu Monsters Doll,1050,Expense,,1050.0,PKR,False,False,False,False,False,False
2026-05-14 17:17:37.649,Faysal Noor World,Family,Gift,Leopard Courier to AIK Atlier,615,Expense,,615.0,PKR,False,False,False,False,False,False
2026-05-14 17:36:26.267,Faysal Noor World,Beauty,Accessories,Sunglasses,11000,Expense,,11000.0,PKR,False,False,False,False,False,False
2026-05-14 17:56:39.702,Meezan Bank,Donation,,Guard Amjad for his wife's hospital bill,5000,Expense,,5000.0,PKR,False,False,False,False,False,False
2026-05-14 19:23:10.098,NayaPay,Household,General,Ghar ka khana indrive,180,Expense,,180.0,PKR,False,False,False,False,False,False
2026-05-15 00:02:04.602,NayaPay,Social Life,Friend,Gol Gappay with WAFR,900,Expense,,900.0,PKR,False,False,False,False,False,False
2026-05-15 00:24:09.825,NayaPay,Fahad Loan,,Fahad return all cleared,4230,Transfer-Out,,4230.0,PKR,False,False,False,False,False,False
2026-05-15 00:48:04.499,NayaPay,Wasiq Loan,,,4136,Transfer-Out,,4136.0,PKR,False,False,False,False,False,False
2026-05-15 00:48:14.625,Wasiq Loan,Meezan Bank,,,4136,Transfer-Out,,4136.0,PKR,False,False,False,False,False,False
2026-05-15 01:27:22.756,NayaPay,Household,General,Water,330,Expense,,330.0,PKR,False,False,False,False,False,False
2026-05-15 12:22:45.362,NayaPay,Abujan Loans,,To Shehzad Qadir for Abujan,15000,Transfer-Out,,15000.0,PKR,False,False,False,False,False,False
2026-05-15 12:35:19.246,NayaPay,Donation,,Stray cat food Sahowari,3000,Expense,,3000.0,PKR,False,False,False,False,False,False
2026-05-15 14:19:02.081,Faysal Noor World,Split,,Extraction with Bhatti,1575,Transfer-Out,60/40. 60 me. ,1575.0,PKR,False,False,False,False,False,False
2026-05-15 14:19:02.081,Split,Ahmad Bhatti Loans,,Extraction with Bhatti,630,Transfer-Out,60/40. 60 me. ,630.0,PKR,False,False,False,False,False,False
2026-05-15 14:19:02.081,Split,Food,Unnecessary,Extraction my part,945,Expense,60/40. 60 me. ,945.0,PKR,False,False,False,False,False,False
2026-05-15 14:53:45.077,Mama Loan,Family,Gift,Mama Dolmen Shopping,25000,Expense,,25000.0,PKR,False,False,False,False,False,False
2026-05-15 16:06:53.338,NayaPay,Food,Necessary,FP Alishba Lunch,803,Expense,,803.0,PKR,False,False,False,False,False,False
2026-05-15 22:37:23.532,Ahmad Bhatti Loans,Food,Necessary,McDonald's,1455,Expense,,1455.0,PKR,False,False,False,False,False,False
2026-05-16 03:19:18.278,NayaPay,Miscellaneous,,Petty cash,3000,Expense,,3000.0,PKR,False,False,False,False,True,False
2026-05-16 04:21:21.693,Meezan Bank,Household,General,Water and mosquito repellent,580,Expense,,580.0,PKR,False,False,False,False,False,False
2026-05-16 04:42:09.531,Faysal Noor World,Household,General,Madina Mart,570,Expense,,570.0,PKR,False,False,False,False,False,False
2026-05-16 04:42:57.762,Faysal Noor World,Food,Unnecessary,FP,1069,Expense,,1069.0,PKR,False,False,False,False,False,False
2026-05-16 13:05:11.132,JazzCash,Family,Pet,JJ medicine courier,360,Expense,,360.0,PKR,False,False,False,False,False,False
2026-05-16 13:50:54.029,NayaPay,Family,General,FP Aliyan,809,Expense,,809.0,PKR,False,False,False,False,False,False
2026-05-16 14:38:37.630,HBL,Food,Necessary,FP Chaaye Khana Breakfast,1299,Expense,,1299.0,PKR,False,False,False,False,False,False
2026-05-16 20:15:05.862,NayaPay,Household,General,Ghar ka khana indrive,180,Expense,,180.0,PKR,False,False,False,False,False,False
2026-05-16 22:49:13.437,Faysal Noor World,Social Life,Friend,Massages with Bhatti at Shelby's,4000,Expense,,4000.0,PKR,False,False,False,False,False,False
2026-05-16 23:01:23.380,Faysal Noor World,Ahmad Bhatti Loans,,Bhatti chappal from Bata,3000,Transfer-Out,,3000.0,PKR,False,False,False,False,False,False
2026-05-16 23:58:35.566,Faysal Noor World,Split,,Pulse Active with Bhatti,2200,Transfer-Out,,2200.0,PKR,False,False,False,False,False,False
2026-05-16 23:58:35.566,Split,Ahmad Bhatti Loans,,Pulse Active Bhatti's part,1100,Transfer-Out,,1100.0,PKR,False,False,False,False,False,False
2026-05-16 23:58:35.566,Split,Health,Sports,Pulse Active my part,1100,Expense,,1100.0,PKR,False,False,False,False,False,False
2026-05-17 01:18:37.894,Faysal Noor World,Tour/Travel,Transport,Alishba Skardu Airblue Tickets Reschedule,7210,Expense,,7210.0,PKR,False,False,False,False,False,False
2026-05-17 01:33:57.814,Faysal Noor World,Food,Unnecessary,FP NY-212,919,Expense,,919.0,PKR,False,False,False,False,False,False
2026-05-17 01:33:57.814,Faysal Noor World,Food,Unnecessary,FP,812,Expense,,812.0,PKR,False,False,False,False,False,False
2026-05-17 01:34:14.721,Faysal Noor World,Food,Unnecessary,Daily Deli Delivery,1999,Expense,,1999.0,PKR,False,False,False,False,False,False
2026-05-17 02:24:14.370,NayaPay,Donation,,,100,Expense,,100.0,PKR,False,False,False,False,False,False
2026-05-17 02:49:24.136,NayaPay,HBL,,,1500,Transfer-Out,,1500.0,PKR,False,False,False,False,False,False
2026-05-17 02:52:32.501,HBL,Technology,Bills,YouTube Family,899,Expense,,899.0,PKR,False,False,False,False,False,False
2026-05-17 16:00:10.767,Faysal Noor World,Food,Unnecessary,Coffee with Alishba,784,Expense,,784.0,PKR,False,False,False,False,False,False
2026-05-17 16:11:06.576,Faysal Noor World,Food,Unnecessary,FP Ice Cream,930,Expense,,930.0,PKR,False,False,False,False,False,False
2026-05-17 17:59:25.461,Faysal Noor World,Family,Gift,Alishba powerbank,23862,Expense,Baseus Amblight Digital Display Fast Charge Power Bank 30000mAh (Include：Baseus Xiaobai Series Fast Charging Cable Type-C to Type-C 100W(20V/5A) 1m）,23862.0,PKR,False,False,False,False,False,False
2026-05-17 18:31:49.554,Faysal Noor World,Split,,Daraz purchase,7214,Transfer-Out,Baseus car sunglasses holder and other stuff,7214.0,PKR,False,False,False,False,False,False
2026-05-17 18:31:49.554,Split,Transportation,Car Accessories,Daraz Baseus Car Sunglasses Holder,2575,Expense,Baseus car sunglasses holder and other stuff,2575.0,PKR,False,False,False,False,False,False
2026-05-17 18:31:49.554,Split,Household,Unnecessary,Daraz other purchases,4631,Expense,Baseus car sunglasses holder and other stuff,4631.0,PKR,False,False,False,False,False,False
2026-05-17 18:40:22.780,NayaPay,Culture,Movie,Cue Cinemas Tickets,8400,Expense,Project Hail Mary,8400.0,PKR,False,False,False,False,False,False
2026-05-17 22:25:39.977,NayaPay,Food,Unnecessary,Cue Cinemas snacks,2250,Expense,,2250.0,PKR,False,False,False,False,False,False
2026-05-17 22:25:39.977,NayaPay,Food,Unnecessary,Cue Cinemas snacks,2350,Expense,,2350.0,PKR,False,False,False,False,False,False
2026-05-17 22:38:42.304,JazzCash,Tabish Loan,,Package,1600,Transfer-Out,,1600.0,PKR,False,False,False,False,False,False
2026-05-17 23:18:49.347,Faysal Noor World,Split,,C&B water and pizza,1081,Transfer-Out,600 rupees pizza,1081.0,PKR,False,False,False,False,False,False
2026-05-17 23:18:49.347,Split,Household,General,C&B water,481,Expense,600 rupees pizza,481.0,PKR,False,False,False,False,False,False
2026-05-17 23:18:49.347,Split,Food,Unnecessary,C&B pizza,608,Expense,600 rupees pizza,608.0,PKR,False,False,False,False,False,False
2026-05-18 00:12:03.488,Faysal Noor World,Food,Unnecessary,FP Alishba Paratha Roll,813,Expense,,813.0,PKR,False,False,False,False,False,False
2026-05-18 11:14:39.802,Meezan Bank,Technology,Bills,Jazz Load for We5 Super,2500,Expense,,2500.0,PKR,False,False,False,False,False,False
2026-05-18 11:14:39.802,Meezan Bank,Technology,Bills,Jazz Load for We5 Super,2500,Expense,,2500.0,PKR,False,False,False,False,False,False
2026-05-18 14:15:11.410,Ahmad Bhatti Loans,Food,Unnecessary,Hardees,2520,Expense,,2520.0,PKR,False,False,False,False,False,False
2026-05-18 14:30:59.734,Cash,Ahmad Bhatti Loans,,,900,Transfer-Out,,900.0,PKR,False,False,False,False,False,False
2026-05-18 14:47:53.890,Faysal Noor World,Split,,Red Berry Roasters Coffee with Bhatti,1260,Transfer-Out,Equal,1260.0,PKR,False,False,False,False,False,False
2026-05-18 14:47:53.890,Split,Ahmad Bhatti Loans,,Red Berry Roasters Bhatti's part,630,Transfer-Out,Equal,630.0,PKR,False,False,False,False,False,False
2026-05-18 14:47:53.890,Split,Food,Unnecessary,Red Berry Roasters my part,630,Expense,Equal,630.0,PKR,False,False,False,False,False,False
2026-05-18 17:24:47.251,Faysal Noor World,Food,Unnecessary,FP Alishba Lunch,1760,Expense,,1760.0,PKR,False,False,False,False,False,False
2026-05-18 19:47:30.178,JazzCash,Transportation,Taxi,,233,Expense,,233.0,PKR,False,False,False,False,False,False
2026-05-18 23:35:06.097,Loans,Meezan Bank,,Web Dev C7 Revenue,9000,Transfer-Out,Uzair,9000.0,PKR,False,False,False,False,False,False
2026-05-18 23:38:31.975,Faysal Noor World,Transportation,Car,Yaris fuel ⛽,13683,Expense,Aramco hi,13683.0,PKR,False,False,False,False,False,False
2026-05-19 01:22:14.876,Faysal Noor World,Family,Health/Medicine,Clinix Areeba,3713,Expense,,3713.0,PKR,False,False,False,False,False,False
2026-05-19 02:11:44.226,Faysal Noor World,Split,,McDonald's with Bhatti,400,Transfer-Out,,400.0,PKR,False,False,False,False,False,False
2026-05-19 02:11:44.226,Split,Ahmad Bhatti Loans,,McDonald's Bhatti's part,200,Transfer-Out,,200.0,PKR,False,False,False,False,False,False
2026-05-19 02:11:44.226,Split,Food,Unnecessary,McDonald's my part,200,Expense,,200.0,PKR,False,False,False,False,False,False
2026-05-19 06:09:42.807,Faysal Noor World,Food,Necessary,FP,4199,Expense,,4199.0,PKR,False,False,False,False,False,False
2026-05-19 11:55:43.358,Faysal Noor World,Family,General,FP Alishba Lunch,928,Expense,,928.0,PKR,False,False,False,False,False,False
2026-05-19 12:02:34.343,Loans,NayaPay,,Jazba Paid for Arcadian Dinner,8100,Transfer-Out,,8100.0,PKR,False,False,False,False,False,False
2026-05-19 13:49:30.428,Faysal Noor World,Apparel,,2× Vests from ELO,1398,Expense,,1398.0,PKR,False,False,False,False,False,False
2026-05-19 14:27:55.671,Meezan Bank,Profit,,Dividends Habib Metro,217,Income,,217.0,PKR,False,False,False,False,False,False
2026-05-19 14:53:13.725,Meezan Bank,Profit,,Dividends Indus Motors,217,Income,,217.0,PKR,False,False,False,False,False,False
2026-05-19 16:10:47.677,Faysal Noor World,Family,Health/Medicine,CMH Areeba,2035,Expense,,2035.0,PKR,False,False,False,False,False,False
2026-05-19 16:11:08.232,Faysal Noor World,Family,Health/Medicine,CMH Areeba,1017,Expense,,1017.0,PKR,False,False,False,False,False,False
2026-05-19 16:11:16.098,Faysal Noor World,Family,Health/Medicine,CMH Azam Uncle,1017,Expense,,1017.0,PKR,False,False,False,False,False,False
2026-05-19 16:11:48.624,Faysal Noor World,Family,Health/Medicine,CMH Azam Uncle,1017,Expense,,1017.0,PKR,False,False,False,False,False,False
2026-05-19 17:10:43.599,Faysal Noor World,Split,,CMH Areeba,101770,Transfer-Out,"70k returned by Alishba on 24 May (transfer to Alishba Loans), the rest paid by me",101770.0,PKR,False,False,False,False,False,False
2026-05-19 17:10:43.599,Split,Alishba Loans,,CMH Areeba Alishba's part,70000,Transfer-Out,"70k returned by Alishba on 24 May (transfer to Alishba Loans), the rest paid by me",70000.0,PKR,False,False,False,False,False,False
2026-05-19 17:10:43.599,Split,Family,Health/Medicine,CMH Areeba my part,31770,Expense,"70k returned by Alishba on 24 May (transfer to Alishba Loans), the rest paid by me",31770.0,PKR,False,False,False,False,False,False
2026-05-19 19:01:21.292,Faysal Noor World,Family,Health/Medicine,CMH Medicine,9816,Expense,Areeba,9816.0,PKR,False,False,False,False,False,False
2026-05-19 19:29:21.099,Faysal Noor World,Food,Unnecessary,McDonald's with Tabish and Zainab,3950,Expense,"Takeaway
They had 20pc nuggets, large coke, large fries",3950.0,PKR,False,False,False,False,False,False
2026-05-19 21:17:23.499,NayaPay,Merge,,Leopard Courier Monitor back to ZAH computers,3500,Transfer-Out,"Asus + this + lenovo
Wasiq and Bhatti pay",3500.0,PKR,False,False,False,False,False,False
2026-05-19 21:55:35.089,Faysal Noor World,Beauty,,"Shelby's haircut, beard, wash",4200,Expense,,4200.0,PKR,False,False,False,False,False,False
2026-05-19 23:45:09.564,Meezan Bank,Donation,,Strays Home,5000,Expense,,5000.0,PKR,False,False,False,False,False,False
2026-05-20 00:48:57.456,Meezan Bank,Food,Unnecessary,FP Paratha Roll,686,Expense,,686.0,PKR,False,False,False,False,False,False
2026-05-20 06:08:46.107,Faysal Noor World,Family,Health/Medicine,CMH Medicine,10596,Expense,,10596.0,PKR,False,False,False,False,False,False
2026-05-20 12:44:20.122,Loans,Mama Loan,,Sunny paid back for Arcadian Dinner,8000,Transfer-Out,,8000.0,PKR,False,False,False,False,False,False
2026-05-20 14:00:16.580,Loans,Mama Loan,,Zaeem paid for Arcadian dinner,8000,Transfer-Out,"Through Aliyan, for Mama Pocket Money",8000.0,PKR,False,False,False,False,False,False
2026-05-20 14:12:49.803,Faysal Noor World,Split,,Hardees with Bhatti,3400,Transfer-Out,"Me angus classic medium meal (2520)
He the rest",3400.0,PKR,False,False,False,False,False,False
2026-05-20 14:12:49.803,Split,Ahmad Bhatti Loans,,Hardees Bhatti's part,880,Transfer-Out,"Me angus classic medium meal (2520)
He the rest",880.0,PKR,False,False,False,False,False,False
2026-05-20 14:12:49.803,Split,Food,Unnecessary,Hardees my part,2520,Expense,"Me angus classic medium meal (2520)
He the rest",2520.0,PKR,False,False,False,False,False,False
2026-05-20 17:07:17.045,Faysal Noor World,Family,Health/Medicine,CMH Medicine,502,Expense,,502.0,PKR,False,False,False,False,False,False
2026-05-20 18:12:37.603,Faysal Noor World,Transportation,Car Accessories,Yaris sunshades and adjustable front light,21000,Expense,,21000.0,PKR,False,False,False,False,False,False
2026-05-20 18:22:27.660,Faysal Noor World,Transportation,Car Accessories,Yaris fragrance,1000,Expense,,1000.0,PKR,False,False,False,False,False,False
2026-05-20 20:01:03.927,NayaPay,Split,,JJ Treats and Stray Cat Food,2150,Transfer-Out,950 rupees stray cat food,2150.0,PKR,False,False,False,False,False,False
2026-05-20 20:01:03.927,Split,Donation,,Stray Cat Food,950,Expense,950 rupees stray cat food,950.0,PKR,False,False,False,False,False,False
2026-05-20 20:01:03.927,Split,Family,Pet,JJ Treats,1200,Expense,950 rupees stray cat food,1200.0,PKR,False,False,False,False,False,False
2026-05-20 23:33:56.849,JazzCash,Food,Unnecessary,FP Mei Kong with WAFR,3449,Expense,,3449.0,PKR,False,False,False,False,False,False
2026-05-21 12:21:34.786,Meezan Bank,Family,Health/Medicine,CMH Tests,3969,Expense,,3969.0,PKR,False,False,False,False,False,False
2026-05-21 12:49:29.422,Faysal Noor World,Family,Health/Medicine,CMH Medicine,1269,Expense,,1269.0,PKR,False,False,False,False,False,False
2026-05-21 13:14:53.202,Faysal Noor World,Family,Health/Medicine,FP CMH,979,Expense,,979.0,PKR,False,False,False,False,False,False
2026-05-21 14:00:49.328,Aliyan Loans,Mama Loan,,For Mama Pocket Money,8000,Transfer-Out,I need to pay Aliyan back,8000.0,PKR,False,False,False,False,False,False
2026-05-21 15:01:41.192,Faysal Noor World,Family,Health/Medicine,CMH Medicine,80,Expense,,80.0,PKR,False,False,False,False,False,False
2026-05-21 16:29:41.471,Faysal Noor World,Food,Unnecessary,Diversity Keyboard Wrist Pad,3088,Expense,ErgoCloud Medium Keyboard Pad / Grey,3088.0,PKR,False,False,False,False,False,False
2026-05-21 19:45:31.610,NayaPay,Family,Health/Medicine,FP CMH,3989,Expense,,3989.0,PKR,False,False,False,False,False,False
2026-05-21 19:50:33.567,Meezan Bank,Transportation,Car,Yaris fuel ⛽,5000,Expense,,5000.0,PKR,False,False,False,False,False,False
2026-05-21 19:56:49.753,Meezan Bank,Miscellaneous,,Petty cash,3000,Expense,,3000.0,PKR,False,False,False,False,True,False
2026-05-22 00:24:28.134,Meezan Bank,Food,Unnecessary,Dumx,3600,Expense,,3600.0,PKR,False,False,False,False,False,False
2026-05-22 11:09:53.402,Meezan Bank,Salary,,Fleetglue Pure Salary #14 22 May 2026,689653,Income,,2538.46,USD,False,False,False,False,False,False
2026-05-22 11:19:16.626,Meezan Bank,EasyPaisa,,,7000,Transfer-Out,,7000.0,PKR,False,False,False,False,False,False
2026-05-22 11:20:35.281,Meezan Bank,Faysal Noor World,,Faysal Noor Credit Card Advance Bill Payment,300000,Transfer-Out,100% cleard afaik,300000.0,PKR,False,False,False,False,False,False
2026-05-22 11:32:42.533,Meezan Bank,JazzCash,,,15000,Transfer-Out,,15000.0,PKR,False,False,False,False,False,False
2026-05-22 11:32:47.671,Meezan Bank,EasyPaisa,,,15000,Transfer-Out,,15000.0,PKR,False,False,False,False,False,False
2026-05-22 13:59:52.914,Meezan Bank,Family,Gift,Alishba postex parcel,6250,Expense,,6250.0,PKR,False,False,False,False,False,False
2026-05-22 14:01:27.487,Faysal Noor World,Family,Health/Medicine,CMH Medicine,2035,Expense,,2035.0,PKR,False,False,False,False,False,False
2026-05-22 18:38:51.464,Meezan Bank,NayaPay,,,50000,Transfer-Out,,50000.0,PKR,False,False,False,False,False,False
2026-05-22 18:38:51.465,Meezan Bank,Bank Charges,,Fees,50,Expense,,50.0,PKR,False,False,False,False,False,False
2026-05-22 18:40:23.154,NayaPay,Family,Health/Medicine,CMH Areeba Discharge Bill Clearance,23834,Expense,,23834.0,PKR,False,False,False,False,False,False
2026-05-22 19:52:25.399,NayaPay,Family,Health/Medicine,CMH Medicine,3274,Expense,Areeba,3274.0,PKR,False,False,False,False,False,False
2026-05-22 22:26:35.541,NayaPay,Family,Health/Medicine,Clinix Areeba,4014,Expense,,4014.0,PKR,False,False,False,False,False,False
2026-05-22 23:30:11.776,NayaPay,Social Life,Friend,Dominos with Tabish,4498,Expense,,4498.0,PKR,False,False,False,False,False,False
2026-05-22 23:48:11.539,NayaPay,Social Life,Friend,McDonald's,400,Expense,,400.0,PKR,False,False,False,False,False,False
2026-05-23 00:47:58.086,Meezan Bank,Tabish Loan,,Tabish qarz e hasana,25000,Transfer-Out,,25000.0,PKR,False,False,False,False,False,False
2026-05-23 05:49:09.785,NayaPay,Technology,Maintenance,Keyboard 20 in 1 Cleaning Kit,3187,Expense,,3187.0,PKR,False,False,False,False,False,False
2026-05-23 15:27:47.261,NayaPay,Loans,,Web Dev C7 Revenue Returned,9000,Transfer-Out,Uzair,9000.0,PKR,False,False,False,False,False,False
2026-05-23 15:32:14.235,Meezan Bank,Loans,,Web Dev C7 Revenue Returned,9000,Transfer-Out,"Taimur Waseem, 0% refund",9000.0,PKR,False,False,False,False,False,False
2026-05-23 15:32:33.586,Meezan Bank,Loans,,Web Dev C7 Revenue Returned,9000,Transfer-Out,"Kiran. Alfalah. 
0% refundable. ",9000.0,PKR,False,False,False,False,False,False
2026-05-23 17:12:01.948,Meezan Bank,Family,Health/Medicine,CMH Areeba,1017,Expense,Wound dressing etc. ,1017.0,PKR,False,False,False,False,False,False
2026-05-23 17:41:53.124,Meezan Bank,Transportation,Car,Yaris fuel ⛽,15061,Expense,Aramco hi,15061.0,PKR,False,False,False,False,False,False
2026-05-23 18:03:04.380,NayaPay,Family,General,Clinix,1292,Expense,,1292.0,PKR,False,False,False,False,False,False
2026-05-23 18:27:58.646,Meezan Bank,Family,Gift,C&B Snacks for Alishba and Areeba,3071,Expense,,3071.0,PKR,False,False,False,False,False,False
2026-05-23 19:26:16.210,Meezan Bank,Family,Pet,Epets litter and treats,1670,Expense,,1670.0,PKR,False,False,False,False,False,False
2026-05-23 21:51:39.724,Meezan Bank,Technology,Purchases,ND Planet IEMs,9580,Expense,ReviveTech,9580.0,PKR,False,False,False,False,False,False
2026-05-23 22:28:27.704,Faysal Noor World,Food,Unnecessary,FP Mei Kong,3149,Expense,,3149.0,PKR,False,False,False,False,False,False
2026-05-23 23:19:25.089,NayaPay,Food,Unnecessary,Ice cream,825,Expense,,825.0,PKR,False,False,False,False,False,False
2026-05-24 00:58:45.476,Alishba Loans,Meezan Bank,,Returned for Areeba CMH,70000,Transfer-Out,,70000.0,PKR,False,False,False,False,False,False
2026-05-24 01:28:46.561,Meezan Bank,Loans,,Web Dev C7 Revenue Returned,9000,Transfer-Out,Momin Jahangir | 0% refundable ,9000.0,PKR,False,False,False,False,False,False
2026-05-24 02:23:24.547,NayaPay,Technology,Purchases,Handsfree Pouch for IEM,393,Expense,,393.0,PKR,False,False,False,False,False,False
2026-05-24 02:24:36.969,Meezan Bank,Al Meezan Mutual Funds,,MCF Investment,29770,Transfer-Out,,29770.0,PKR,False,False,False,False,False,False
2026-05-24 02:27:12.502,Meezan Bank,Tabish Loan,,Tabish qarz e hasana,10000,Transfer-Out,,10000.0,PKR,False,False,False,False,False,False
2026-05-24 16:01:36.957,NayaPay,Food,Unnecessary,FP Daily Deli Lunch,1664,Expense,,1664.0,PKR,False,False,False,False,False,False
2026-05-24 19:01:39.899,Meezan Bank,Beauty,,Hair Transplant Advance Payment,30000,Expense,,30000.0,PKR,False,False,False,False,False,False
2026-05-24 21:29:21.969,Meezan Bank,NayaPay,,,20000,Transfer-Out,,20000.0,PKR,False,False,False,False,False,False
2026-05-24 21:30:27.485,NayaPay,Transportation,Subway,M-Tag,1000,Expense,,1000.0,PKR,False,False,False,False,False,False
2026-05-24 21:30:40.373,NayaPay,Bank Charges,,,10,Expense,,10.0,PKR,False,False,False,False,False,False
2026-05-24 23:10:16.721,NayaPay,Family,General,Alishba Dahlia,4053,Expense,,4053.0,PKR,False,False,False,False,False,False
2026-05-24 23:10:27.490,NayaPay,Family,General,Alishba Lush Crush,1228,Expense,,1228.0,PKR,False,False,False,False,False,False
2026-05-24 23:37:09.890,NayaPay,Miscellaneous,,Petty cash,2000,Expense,,2000.0,PKR,False,False,False,False,True,False
2026-05-25 00:33:10.731,NayaPay,Household,General,Clinix,1456,Expense,,1456.0,PKR,False,False,False,False,False,False
2026-05-25 15:45:54.687,Meezan Bank,Abdul Sami Loans,,Abdul Sami Qarz e hasana,25000,Transfer-Out,,25000.0,PKR,False,False,False,False,False,False
2026-05-25 16:17:26.646,NayaPay,Food,Unnecessary,Extraction,787,Expense,,787.0,PKR,False,False,False,False,False,False
2026-05-25 23:36:04.935,NayaPay,Food,Unnecessary,McDonald's cones,450,Expense,,450.0,PKR,False,False,False,False,False,False
2026-05-26 00:18:57.246,Faysal Noor World,Health,Health,Medicine,143,Expense,,143.0,PKR,False,False,False,False,False,False
2026-05-26 00:25:21.496,Faysal Noor World,Family,Gift,Drink,500,Expense,,500.0,PKR,False,False,False,False,False,False
2026-05-26 01:48:04.369,Faysal Noor World,Family,Gift,Alishba Shampoo & Conditioner,3259,Expense,,3259.0,PKR,False,False,False,False,False,False
2026-05-26 15:08:21.165,Meezan Bank,Miscellaneous,,Petty cash,3000,Expense,,3000.0,PKR,False,False,False,False,True,False
2026-05-26 15:38:28.398,Faysal Noor World,Transportation,Car,Yaris fuel ⛽,6000,Expense,PSO hi,6000.0,PKR,False,False,False,False,False,False
2026-05-26 23:44:02.066,Meezan Bank,Bank Charges,,,200,Expense,,200.0,PKR,False,False,False,False,False,False
2026-05-26 23:45:06.678,Meezan Bank,Food,Unnecessary,Ahmad Pizza Sahowari,750,Expense,,750.0,PKR,False,False,False,False,False,False
2026-05-27 12:33:18.291,Meezan Bank,HBL,,,2500,Transfer-Out,,2500.0,PKR,False,False,False,False,False,False
2026-05-27 12:33:18.292,Meezan Bank,Bank Charges,,Fees,5,Expense,,5.0,PKR,False,False,False,False,False,False
2026-05-27 12:36:17.748,HBL,Technology,Bills,Netflix,1147,Expense,,1147.0,PKR,False,False,False,False,False,False
2026-05-27 12:48:25.926,NayaPay,Food,Unnecessary,FP Coffee,896,Expense,,896.0,PKR,False,False,False,False,False,False
2026-05-27 19:15:19.240,Faysal Noor World,Food,Unnecessary,Diet drinks,501,Expense,,501.0,PKR,False,False,False,False,False,False
2026-05-27 19:52:04.870,Cash,Transportation,Car Maintenance,"Yaris service wash, polish, compound",2000,Expense,,2000.0,PKR,False,False,False,False,False,False
2026-05-27 20:33:59.188,Meezan Bank,Family,Pet,Homemade frozen cat food,1250,Expense,,1250.0,PKR,False,False,False,False,False,False
2026-05-27 21:10:38.017,Meezan Bank,Abujan Loans,,SNGPL Sahowari,970,Transfer-Out,,970.0,PKR,False,False,False,False,False,False
2026-05-28 00:19:05.444,Faysal Noor World,Transportation,Car,Yaris fuel ⛽,12380,Expense,Aramco hi,12380.0,PKR,False,False,False,False,False,False
2026-05-28 00:56:41.365,Faysal Noor World,Aliyan Loans,,Layers for Aliyan Sasural,1001,Transfer-Out,,1001.0,PKR,False,False,False,False,False,False
2026-05-28 01:48:10.785,Faysal Noor World,Food,Unnecessary,Potato Bites,200,Expense,,200.0,PKR,False,False,False,False,False,False
2026-05-28 14:36:10.903,Meezan Bank,Tabish Loan,,Tabish qarz e hasana,5000,Transfer-Out,,5000.0,PKR,False,False,False,False,False,False
2026-05-28 15:51:08.605,Faysal Noor World,Family,Gift,Bundu Khan Bakery Eid,2141,Expense,,2141.0,PKR,False,False,False,False,False,False
2026-05-28 19:05:00.632,Faysal Noor World,Family,Health/Medicine,CMH Areeba,1017,Expense,,1017.0,PKR,False,False,False,False,False,False
2026-05-28 19:05:09.308,Faysal Noor World,Family,Gift,Aun Sasural Eid,3581,Expense,Shezan Bakery,3581.0,PKR,False,False,False,False,False,False
2026-05-28 19:23:08.241,Meezan Bank,Donation,,FRDP Hunger Donation,19738,Expense,,19738.0,PKR,False,False,False,False,False,False
2026-05-28 20:19:29.929,Faysal Noor World,Family,Gift,"Extraction Alishba, Areeba",1706,Expense,,1706.0,PKR,False,False,False,False,False,False
2026-05-28 20:24:03.407,Faysal Noor World,Family,Gift,Extraction Areeba,997,Expense,Caramel frappe,997.0,PKR,False,False,False,False,False,False
2026-05-28 21:30:00.237,Faysal Noor World,Health,Health,Chughtai Executive Health Checkup & Hair Transplant Tests,19000,Expense,,19000.0,PKR,False,False,False,False,False,False
2026-05-28 21:43:21.697,Meezan Bank,Miscellaneous,,Petty cash,4000,Expense,,4000.0,PKR,False,False,False,False,True,False
2026-05-28 22:34:14.263,Faysal Noor World,Aliyan Loans,,Crumble Cookie for Aliyan,351,Transfer-Out,,351.0,PKR,False,False,False,False,False,False
2026-05-29 14:39:02.764,EasyPaisa,Family,Health/Medicine,Alishba glasses repair,600,Expense,,600.0,PKR,False,False,False,False,False,False
2026-05-29 17:19:52.698,Meezan Bank,HBL,,,7000,Transfer-Out,,7000.0,PKR,False,False,False,False,False,False
2026-05-29 17:19:52.699,Meezan Bank,Bank Charges,,Fees,7,Expense,,7.0,PKR,False,False,False,False,False,False
2026-05-29 17:21:44.639,Faysal Noor World,Technology,Bills,Bitwarden Premium Yearly,5415,Expense,,19.0,USD,False,False,False,False,False,False
2026-05-29 20:18:35.689,Umaid Loan,Social Life,Friend,Zarmeen Birthday Gift,7084,Expense,,18.91,GBP,False,True,False,False,False,False
2026-05-29 20:53:37.678,JazzCash,Meezan Bank,,,44000,Transfer-Out,,44000.0,PKR,False,False,False,False,False,False
2026-05-29 20:53:42.848,EasyPaisa,Meezan Bank,,,65000,Transfer-Out,,65000.0,PKR,False,False,False,False,False,False
2026-05-29 20:53:53.350,NayaPay,Meezan Bank,,,9000,Transfer-Out,,9000.0,PKR,False,False,False,False,False,False
2026-05-29 20:55:36.950,Faysal Noor World,Meezan Bank,,,50000,Transfer-Out,,50000.0,PKR,False,False,False,False,False,False
2026-05-29 20:58:07.561,Finqalab,Meezan Bank,,,24525,Transfer-Out,,24525.0,PKR,False,False,False,False,False,False
2026-05-29 20:59:27.623,Meezan Bank,Miscellaneous,,Do hisaab,1097,Expense,,1097.0,PKR,False,False,False,False,True,False
2026-05-29 21:04:25.296,Meezan Bank,Family,Pet,Epets order,5580,Expense,"Mera adult cat food, one 5L litter, litter scoop",5580.0,PKR,False,False,False,False,False,False
2026-05-29 23:29:41.544,Meezan Bank,Donation,,Cat shelter,5000,Expense,https://www.instagram.com/madeehakhatri?igsh=bDRxbXMxdnM5bGZz,5000.0,PKR,False,False,False,False,False,False
2026-05-30 00:17:10.620,Aliyan Loans,Meezan Bank,,Aliyan returned for crumble and layers,1300,Transfer-Out,,1300.0,PKR,False,False,False,False,False,False
2026-05-30 05:33:59.778,Faysal Noor World,Food,Unnecessary,FP,873,Expense,,873.0,PKR,False,False,False,False,False,False
2026-05-30 11:30:04.589,Al Meezan Mutual Funds,Meezan Bank,,,100000,Transfer-Out,,100000.0,PKR,False,False,False,False,False,False
2026-05-30 11:30:04.590,Al Meezan Mutual Funds,Bank Charges,,Fees,75,Expense,,75.0,PKR,False,False,False,False,False,False
2026-05-30 11:51:57.844,Faysal Noor World,Apparel,Clothing,Charcoal Shirt for Hair Transplant Surgery,3216,Expense,,3216.0,PKR,False,False,False,False,False,False
2026-05-30 19:00:46.276,Meezan Bank,Beauty,,Hair Transplant Remaining Payment,300000,Expense,,300000.0,PKR,False,False,False,False,False,False
2026-05-31 00:54:44.324,Faysal Noor World,Food,Necessary,FP,3291,Expense,,3291.0,PKR,False,False,False,False,False,False
2026-05-31 05:33:31.368,Faysal Noor World,Food,Unnecessary,FP,1094,Expense,,1094.0,PKR,False,False,False,False,False,False
2026-05-31 13:52:13.939,Meezan Bank,Food,Necessary,FP Breakfast,1094,Expense,,1094.0,PKR,False,False,False,False,False,False
2026-05-31 15:27:55.647,Meezan Bank,Abujan Loans,,To Abujan's Mutual Funds Account,4865,Transfer-Out,"Hisaab clear for May 2026, except for +40. I was supposed to send 4825.",4865.0,PKR,False,False,False,False,False,False
2026-05-31 19:07:59.060,Meezan Bank,Donation,,To Technician Mazhar for Hair Transplant,7500,Expense,,7500.0,PKR,False,False,False,False,False,False
2026-05-31 19:08:21.473,Meezan Bank,Donation,,To Technician Imran for Hair Transplant,7500,Expense,,7500.0,PKR,False,False,False,False,False,False
2026-05-31 20:50:59.662,Faysal Noor World,Household,General,Euro store groceries,21965,Expense,,21965.0,PKR,False,False,False,False,False,False
2026-05-31 21:08:54.234,Faysal Noor World,Household,General,Euro store,1091,Expense,,1091.0,PKR,False,False,False,False,False,False
2026-05-31 21:44:54.853,Faysal Noor World,Food,Necessary,FP Steakaway dinner,6167,Expense,,6167.0,PKR,False,False,False,False,False,False
2026-06-01 02:04:50.576,Meezan Bank,Health,,Clinix Cushions,13501,Expense,Wedge pillow and travel cool gel neck pillow,13501.0,PKR,False,False,False,False,False,False
2026-06-01 13:48:55.657,Split,Miscellaneous,,Split Account Clear,3511,Expense,,3511.0,PKR,False,False,False,False,False,False
2026-06-01 15:03:49.694,Faysal Noor World,Food,Unnecessary,FP Yakhni Plao,1247,Expense,,1247.0,PKR,False,False,False,False,False,False
2026-06-01 15:29:04.631,Abujan Loans,Religion,,Qurbani,40600,Expense,Hissa,40600.0,PKR,False,False,False,False,False,False
2026-06-01 16:01:20.218,HBL,Technology,Bills,Google One subscription,767,Expense,,767.0,PKR,False,False,False,False,False,False
2026-06-01 18:13:41.138,Meezan Bank,Household,Maintenance,Muslin shower pipe change,2000,Expense,My bedroom,2000.0,PKR,False,False,False,False,False,False
2026-06-01 18:32:11.525,Meezan Bank,Aliyan Loans,,Returned to Aliyan for Mama Pocket Money,7948,Transfer-Out,,7948.0,PKR,False,False,False,False,False,False
2026-06-01 22:04:29.473,Meezan Bank,Food,Necessary,Alisherdil Mother May 2026 Bill,2400,Expense,,2400.0,PKR,False,False,False,False,False,False
2026-06-01 23:42:01.541,Meezan Bank,Mama Loan,,Mama May 2026 Hisaab Clear,28200,Transfer-Out,Via Aliyan,28200.0,PKR,False,False,False,False,True,False
2026-06-02 02:11:30.815,HBL,Technology,Bills,Spotify Duo,568,Expense,,568.0,PKR,False,False,False,False,False,False
2026-06-02 05:29:14.598,Faysal Noor World,Transportation,Car,Yaris fuel ⛽,8000,Expense,Attock hi octane,8000.0,PKR,False,False,False,False,False,False
2026-06-02 18:24:36.903,Meezan Bank,Family,Gift,Alishba birthday cake,2800,Expense,,2800.0,PKR,False,False,False,False,False,False
2026-06-02 19:08:42.375,NayaPay,Household,Maintenance,L Keys from Daraz,604,Expense,,604.0,PKR,False,False,False,False,False,False
2026-06-02 19:17:28.418,Faysal Noor World,Family,Health/Medicine,CMH Medicine,1654,Expense,,1654.0,PKR,False,False,False,False,False,False
2026-06-02 19:26:15.868,Meezan Bank,Food,Necessary,Ghar ka khana indrive,200,Expense,,200.0,PKR,False,False,False,False,False,False
2026-06-02 19:37:52.794,Meezan Bank,Food,Necessary,Naan,400,Expense,,400.0,PKR,False,False,False,False,False,False
2026-06-03 01:55:35.252,Faysal Noor World,Food,Unnecessary,FP Pizza Malai Boti,1534,Expense,,1534.0,PKR,False,False,False,False,False,False
2026-06-03 04:23:44.669,Meezan Bank,Household,Bills,Nadeem Maali Salary,3500,Expense,,3500.0,PKR,False,False,False,False,False,False
2026-06-03 16:19:03.567,Meezan Bank,Food,Necessary,Butt Karahi with Bhatti,2900,Expense,,2900.0,PKR,False,False,False,False,False,False
2026-06-03 16:57:49.731,Meezan Bank,Household,General,Refill,600,Expense,,600.0,PKR,False,False,False,False,False,False
2026-06-03 18:36:06.332,Meezan Bank,Household,General,Shahid Guard for water,300,Expense,,300.0,PKR,False,False,False,False,False,False
2026-06-03 20:22:53.080,Meezan Bank,Food,Necessary,Roti,130,Expense,,130.0,PKR,False,False,False,False,False,False
2026-06-03 22:03:02.949,Meezan Bank,NayaPay,,,5000,Transfer-Out,,5000.0,PKR,False,False,False,False,False,False
2026-06-03 23:33:04.188,Meezan Bank,Food,Unnecessary,Biryani,630,Expense,,630.0,PKR,False,False,False,False,False,False
2026-06-04 18:33:29.521,Meezan Bank,Donation,,Stray cat food Sahowari,3000,Expense,,3000.0,PKR,False,False,False,False,False,False
2026-06-04 20:29:07.979,Cash,Household,Maintenance,Grohe Washroom Shower Tap Repair,2000,Expense,,2000.0,PKR,False,False,False,False,False,False
2026-06-05 01:47:31.116,NayaPay,Food,Unnecessary,FP Daily Deli,1144,Expense,FP = FoodPanda,1144.0,PKR,False,False,False,False,False,False
2026-06-05 09:40:10.126,Office Loans,Merge,,FleetGlue office reimbursement 05 June 2026,51484,Transfer-Out,,189.5,USD,False,False,True,True,False,False
2026-06-05 09:40:21.096,Merge,Salary,,Fleetglue Pure Salary #15 05 June 2026,689653,Income,,2538.46,USD,False,False,False,False,False,False
2026-06-05 09:41:28.839,Merge,Meezan Bank,,FleetGlue Salary #15 05 June 2026,741137,Transfer-Out,,2727.96,USD,False,False,False,False,False,False
2026-06-05 09:52:43.442,Office Loans,Miscellaneous,,Hisaab correction,6687,Expense,,6687.0,PKR,False,False,False,False,True,False
2026-06-05 09:56:58.116,Meezan Bank,Family,Pocket Money,Alishba Pocket Money June 2026 Partial,75000,Expense,,75000.0,PKR,False,False,False,False,False,False
2026-06-05 10:01:25.794,Meezan Bank,Entertainment,,Tripbazar.pk data entry girl May 2026 Salary,17334,Expense,34.66h at 500/h,17334.0,PKR,False,False,False,False,False,False
2026-06-05 10:04:27.913,Meezan Bank,Al Meezan Mutual Funds,,Temporary Storage for Spring and Qurbani,165000,Transfer-Out,"125k spring, 40k Qurbani",165000.0,PKR,False,False,False,False,False,False
2026-06-05 10:22:40.074,Meezan Bank,Household,Bills,Bahria PTCL Bill,8190,Expense,,8190.0,PKR,False,False,False,False,False,False
2026-06-05 10:23:14.187,Meezan Bank,Household,Bills,SNGPL Bahria,900,Expense,,900.0,PKR,False,False,False,False,False,False
2026-06-05 10:24:13.610,Meezan Bank,Abujan Loans,,Sahowari LESCO Bill #1,23393,Transfer-Out,,23393.0,PKR,False,False,False,False,False,False
2026-06-05 10:24:34.548,Meezan Bank,Abujan Loans,,Sahowari LESCO Bill #2,28526,Transfer-Out,,28526.0,PKR,False,False,False,False,False,False
2026-06-05 10:24:54.449,Meezan Bank,Abujan Loans,,Sahowari LESCO Bill #3,89,Transfer-Out,,89.0,PKR,False,False,False,False,False,False
2026-06-05 10:28:43.554,Abujan Loans,Family,Pocket Money,Abujan Pocket Money June 2026,80000,Expense,,80000.0,PKR,False,False,False,False,False,False
2026-06-05 10:29:23.909,Mama Loan,Family,Pocket Money,Mama Pocket Money June 2026 Full,50000,Expense,,50000.0,PKR,False,False,False,False,False,False
2026-06-05 15:09:23.679,Faysal Noor World,Household,General,FP Groceries,2646,Expense,,2646.0,PKR,False,False,False,False,False,False
2026-06-05 16:23:47.020,Meezan Bank,Split,,Biryani Master ×3,1550,Transfer-Out,2 for detailing boys,1550.0,PKR,False,False,False,False,False,False
2026-06-05 16:23:47.020,Split,Food,Necessary,Biryani Master,517,Expense,,517.0,PKR,False,False,False,False,False,False
2026-06-05 16:23:47.020,Split,Donation,,Biryani Master ×2 for detailing boys,1033,Expense,,1033.0,PKR,False,False,False,False,False,False
2026-06-05 16:28:45.337,Meezan Bank,Merge,,ZAH Computers Lenovo P32p-20 Monitor and Monitor Arm MXG PMA 12,29400,Transfer-Out,"Previous monitor reimbursed

Asus + this + lenovo
Wasiq and Bhatti pay",29400.0,PKR,False,False,False,False,False,False
2026-06-05 18:13:49.863,Merge,Split,,Cubicle Lenovo Monitor Split,66000,Transfer-Out,"Asus + leopard courier + lenovo p32p
Wasiq and Bhatti pay",66000.0,PKR,False,False,False,False,False,False
2026-06-05 18:13:49.863,Split,Ahmad Bhatti Loans,,Cubicle Lenovo Monitor Bhatti's part,33000,Transfer-Out,"Asus + leopard courier + lenovo p32p
Wasiq and Bhatti pay",33000.0,PKR,False,False,False,False,False,False
2026-06-05 18:13:49.863,Split,Wasiq Loan,,Cubicle Lenovo Monitor Wasiq's part,33000,Transfer-Out,"Asus + leopard courier + lenovo p32p
Wasiq and Bhatti pay",33000.0,PKR,False,False,False,False,False,False
2026-06-05 18:38:29.961,Meezan Bank,Household,Maintenance,Downlights,3193,Expense,"Living room from deltalite, pack of 10 12W Natural (4000K)",3193.0,PKR,False,False,False,False,False,False
2026-06-05 18:58:39.752,Meezan Bank,Split,,Yaris and Wasiq's car detailing ×2 + donation,12500,Transfer-Out,"6000 my yaris, 6000 wasiq's, 500 donation",12500.0,PKR,False,False,False,False,False,False
2026-06-05 18:58:39.752,Split,Wasiq Loan,,Wasiq's car detailing,6000,Transfer-Out,"6000 my yaris, 6000 wasiq's, 500 donation",6000.0,PKR,False,False,False,False,False,False
2026-06-05 18:58:39.752,Split,Transportation,Car Maintenance,Yaris car detailing,6500,Expense,"6000 my yaris, 6000 wasiq's, 500 donation",6500.0,PKR,False,False,False,False,False,False
2026-06-06 00:18:54.252,Faysal Noor World,Food,Unnecessary,FP Hardees Dinner,2069,Expense,,2069.0,PKR,False,False,False,False,False,False
2026-06-06 05:26:27.582,Faysal Noor World,Food,Unnecessary,FP Alishba Breakfast,2226,Expense,,2226.0,PKR,False,False,False,False,False,False
2026-06-06 16:04:23.238,Meezan Bank,Mama Loan,,Mama Sajda Zakat,5000,Transfer-Out,,5000.0,PKR,False,False,False,False,False,False
2026-06-06 16:47:03.886,Wasiq Loan,Meezan Bank,,Wasiq paid for his part of detailing,6000,Transfer-Out,,6000.0,PKR,False,False,False,False,False,False
2026-06-06 17:38:07.770,Wasiq Loan,Meezan Bank,,Wasiq splitwise balance settled,4490,Transfer-Out,,4490.0,PKR,False,False,False,False,False,False
2026-06-06 18:36:57.817,Faysal Noor World,Family,Gift,Alishba AVENZA1 Online Purchase,4499,Expense,Mobile stand,4499.0,PKR,False,False,False,False,False,False
2026-06-06 19:10:21.329,Meezan Bank,Household,General,Ghar ka khana indrive,180,Expense,,180.0,PKR,False,False,False,False,False,False
2026-06-06 20:33:38.531,Meezan Bank,NayaPay,,,5000,Transfer-Out,,5000.0,PKR,False,False,False,False,False,False
2026-06-06 20:35:06.220,NayaPay,Entertainment,,Steam Game,5516,Expense,Stray,5516.0,PKR,False,False,False,False,False,False
2026-06-07 00:50:43.725,Faysal Noor World,Split,,Dough Joe with Wasiq,3328,Transfer-Out,60(me)/40,3328.0,PKR,False,False,False,False,False,False
2026-06-07 00:50:43.725,Split,Wasiq Loan,,Dough Joe Wasiq's part,1331,Transfer-Out,60(me)/40,1331.0,PKR,False,False,False,False,False,False
2026-06-07 00:50:43.725,Split,Food,Unnecessary,Dough Joe my part,1997,Expense,60(me)/40,1997.0,PKR,False,False,False,False,False,False
2026-06-07 18:16:31.162,NayaPay,Food,Unnecessary,FP Cofee and Croissant,2692,Expense,,2692.0,PKR,False,False,False,False,False,False
2026-06-07 18:44:51.630,Meezan Bank,Donation,,,2000,Expense,,2000.0,PKR,False,False,False,False,False,False
2026-06-07 18:52:03.631,Meezan Bank,Household,Furniture,Beanbag,11939,Expense,Teal Giant Lazy from beanbagspakistan,11939.0,PKR,False,False,False,False,False,False
2026-06-07 19:34:28.819,Meezan Bank,Household,General,Ghar ka khana indrive,180,Expense,,180.0,PKR,False,False,False,False,False,False
2026-06-07 23:23:56.216,Meezan Bank,Donation,,FIP Donation,15000,Expense,strayshomeanimalrescue,15000.0,PKR,False,False,False,False,False,False
2026-06-08 11:49:10.244,Umaid Loan,Meezan Bank,,For Umaid Spring July 01 payment,500000,Transfer-Out,from Zaeem,500000.0,PKR,False,True,False,True,False,False
2026-06-08 13:57:32.075,Ahmad Bhatti Loans,Food,Unnecessary,Lunch hardees + extraction,2244,Expense,,2244.0,PKR,False,False,False,False,False,False
2026-06-08 18:59:10.051,Meezan Bank,Beauty,,Post Hair Transplant Day 10 Medicines,14000,Expense,To be taken for 10 months,14000.0,PKR,False,False,False,False,False,False
2026-06-09 00:32:22.068,Faysal Noor World,Family,Gift,Layers,451,Expense,,451.0,PKR,False,False,False,False,False,False
2026-06-09 01:19:48.587,Faysal Noor World,Food,Unnecessary,FP Dominos,1509,Expense,,1509.0,PKR,False,False,False,False,False,False
2026-06-09 10:58:48.162,Umaid Loan,Meezan Bank,,For Umaid Spring July 01 payment,200000,Transfer-Out,From Abujan MCF Al Meezan mutual fund,200000.0,PKR,False,True,False,True,False,False
2026-06-09 11:01:26.166,Meezan Bank,Umaid Loan,,Umaid Spring payment July 01,940000,Transfer-Out,240k Abujan/Umaid need to pay me. Paid back 19 June. Cheque. ,940000.0,PKR,False,True,False,True,False,False
2026-06-09 11:08:18.356,Faysal Noor World,Household,General,Daraz garden hose,2149,Expense,,2149.0,PKR,False,False,False,False,False,False
2026-06-09 15:17:00.623,Faysal Noor World,Food,Unnecessary,Sprite,110,Expense,,110.0,PKR,False,False,False,False,False,False
2026-06-09 15:17:12.930,Faysal Noor World,Split,,Extraction with Bhatti,787,Transfer-Out,,787.0,PKR,False,False,False,False,False,False
2026-06-09 15:17:12.930,Split,Ahmad Bhatti Loans,,Extraction Bhatti's part,394,Transfer-Out,,394.0,PKR,False,False,False,False,False,False
2026-06-09 15:17:12.930,Split,Food,Unnecessary,Extraction my part,394,Expense,,394.0,PKR,False,False,False,False,False,False
2026-06-09 15:17:47.261,Cash,Donation,,Tip,1000,Expense,,1000.0,PKR,False,False,False,False,False,False
2026-06-09 15:18:00.169,Faysal Noor World,Food,Unnecessary,Khan Baba with Bhatti,6418,Expense,,6418.0,PKR,False,False,False,False,False,False
2026-06-09 15:44:18.186,Meezan Bank,Food,Unnecessary,Alishba brunch,2820,Expense,,2820.0,PKR,False,False,False,False,False,False
2026-06-09 15:49:11.032,Split,Donation,,Amjad tip,740,Expense,,740.0,PKR,False,False,False,False,False,False
2026-06-09 15:49:11.032,Meezan Bank,Split,,C&B water ×2 and amjad tip,1500,Transfer-Out,,1500.0,PKR,False,False,False,False,False,False
2026-06-09 15:49:11.032,Split,Household,General,C&B water ×2,760,Expense,,760.0,PKR,False,False,False,False,False,False
2026-06-09 18:17:40.655,Meezan Bank,Family,Pet,Mera Cat Food Packets ×2,10000,Expense,,10000.0,PKR,False,False,False,False,False,False
2026-06-09 18:17:55.492,Meezan Bank,Bank Charges,,,10,Expense,,10.0,PKR,False,False,False,False,False,False
2026-06-09 19:31:33.559,Meezan Bank,Household,General,Ghar ka khana indrive,180,Expense,,180.0,PKR,False,False,False,False,False,False
2026-06-09 19:53:15.510,Meezan Bank,Family,Pet,Pet food delivery,800,Expense,,800.0,PKR,False,False,False,False,False,False
2026-06-09 23:44:02.068,Meezan Bank,Beauty,,Medicines,760,Expense,"Loprin ×2 for my hair transplant

The rest for Alishba",760.0,PKR,False,False,False,False,False,False
2026-06-10 13:09:31.482,Meezan Bank,Split,,Bahria bills and maali tip,40500,Transfer-Out,,40500.0,PKR,False,False,False,False,False,False
2026-06-10 13:09:31.482,Split,Household,Bills,Maali Tip,980,Expense,,980.0,PKR,False,False,False,False,False,False
2026-06-10 13:09:31.482,Split,Household,Bills,Bahria Maintenance Bill May 2026,4600,Expense,,4600.0,PKR,False,False,False,False,False,False
2026-06-10 13:09:31.482,Split,Household,Bills,Bahria Electricity Bill May 2026,34920,Expense,,34920.0,PKR,False,False,False,False,False,False
2026-06-10 18:12:04.065,Faysal Noor World,Food,Necessary,FP Mei Kong,2057,Expense,,2057.0,PKR,False,False,False,False,False,False
2026-06-10 20:14:55.087,Meezan Bank,Family,Pet,Aliyan Vets JJ Checkup and Tests,11550,Expense,"Ear cleaning
Nail clipping
No wash
No vaccine
Blood test panel complete",11550.0,PKR,False,False,False,False,False,False
2026-06-10 20:20:50.839,Cash,Transportation,Taxi,InDrive to Vet,2150,Expense,,2150.0,PKR,False,False,False,False,False,False
2026-06-10 20:21:03.282,Meezan Bank,Transportation,Taxi,InDrive from Vet,2100,Expense,,2100.0,PKR,False,False,False,False,False,False
2026-06-10 21:20:24.774,Meezan Bank,Household,General,Ghar ka khana indrive,160,Expense,,160.0,PKR,False,False,False,False,False,False
2026-06-10 22:06:06.532,Faysal Noor World,Transportation,Car,Yaris fuel ⛽,8000,Expense,Aramco hi,8000.0,PKR,False,False,False,False,False,False
2026-06-10 23:18:10.929,Faysal Noor World,Family,Pet,JJ Eye Drops,1500,Expense,Tobradex ,1500.0,PKR,False,False,False,False,False,False
2026-06-11 01:30:08.437,Faysal Noor World,Transportation,Car,Yaris fuel ⛽,7360,Expense,Aramco hi,7360.0,PKR,False,False,False,False,False,False
2026-06-11 02:13:47.246,Wasiq Loan,Social Life,Friend,McDonald's my part,755,Expense,with WAR,755.0,PKR,False,False,False,False,False,False
2026-06-11 02:15:38.069,Meezan Bank,Food,Unnecessary,Fruits,1200,Expense,Mangoes and leechi,1200.0,PKR,False,False,False,False,False,False
2026-06-11 03:24:00.368,Meezan Bank,Donation,,Madina Cat Shelter Donation,1500,Expense,,1500.0,PKR,False,False,False,False,False,False
2026-06-11 04:51:42.375,Meezan Bank,Faysal Noor World,,Faysal Noor Card Min Due Balance Paid,22440,Transfer-Out,I'll be charged profit on the rest after due date. Did this to make spring without withdrawing from MCF,22440.0,PKR,False,False,False,False,False,False
2026-06-11 04:53:19.123,Faysal Noor World,Miscellaneous,,Do hisaab,31105,Expense,,31105.0,PKR,False,False,False,False,True,False
2026-06-11 05:22:46.693,Meezan Bank,Household,Maintenance,To Amjad for lights installation in TV Lounge,800,Expense,,800.0,PKR,False,False,False,False,False,False
2026-06-11 16:17:03.842,Al Meezan Mutual Funds,Meezan Bank,,For Spring,250000,Transfer-Out,,250000.0,PKR,False,False,False,False,False,False
2026-06-11 16:17:03.843,Al Meezan Mutual Funds,Bank Charges,,Fees,100,Expense,,100.0,PKR,False,False,False,False,False,False
2026-06-11 16:18:22.251,Al Meezan Mutual Funds,Meezan Bank,,For Spring,250000,Transfer-Out,,250000.0,PKR,False,False,False,False,False,False
2026-06-11 16:18:22.252,Al Meezan Mutual Funds,Bank Charges,,Fees,100,Expense,,100.0,PKR,False,False,False,False,False,False
2026-06-11 16:19:02.265,Al Meezan Mutual Funds,Meezan Bank,,For Spring,42765,Transfer-Out,,42765.0,PKR,False,False,False,False,False,False
2026-06-11 16:19:02.266,Al Meezan Mutual Funds,Bank Charges,,Fees,70,Expense,,70.0,PKR,False,False,False,False,False,False
2026-06-11 16:20:13.244,Meezan Bank,Split,,Spring July 01 Payment + Tax,542765,Transfer-Out,"474,301/- payment, the rest is tax",542765.0,PKR,False,False,False,False,False,False
2026-06-11 16:20:13.244,Split,Spring Apartments,,Spring July 01 Payment + Tax,474301,Transfer-Out,"474,301/- payment, the rest is tax",474301.0,PKR,False,False,False,False,False,False
2026-06-11 16:20:13.244,Split,Tax,,Spring Property Tax,68464,Expense,Tax certificate is in spring documents google drive,68464.0,PKR,False,False,False,False,False,False
2026-06-11 16:37:39.679,Faysal Noor World,Food,Unnecessary,Arcadian with Alishba,3455,Expense,,3455.0,PKR,False,False,False,False,False,False
2026-06-11 16:37:48.881,Faysal Noor World,Food,Unnecessary,Extraction with Alishba,2047,Expense,,2047.0,PKR,False,False,False,False,False,False
2026-06-11 16:38:06.705,Faysal Noor World,Food,Unnecessary,Extraction Alishba Cheesecake,997,Expense,,997.0,PKR,False,False,False,False,False,False
2026-06-11 19:16:59.161,Meezan Bank,Household,General,Ghar ka khana indrive,250,Expense,,250.0,PKR,False,False,False,False,False,False
2026-06-11 22:25:30.117,Faysal Noor World,Food,Necessary,FP Naan,686,Expense,,686.0,PKR,False,False,False,False,False,False
2026-06-11 23:27:15.839,Meezan Bank,Wasiq Loan,,DUMx,1939,Transfer-Out,,1939.0,PKR,False,False,False,False,False,False
2026-06-11 23:27:26.030,Meezan Bank,Donation,,,200,Expense,,200.0,PKR,False,False,False,False,False,False
2026-06-12 02:30:12.458,Faysal Noor World,Entertainment,,Steam Game,570,Expense,Gris,2.0,USD,False,False,False,False,False,False
2026-06-12 19:28:59.867,Faysal Noor World,Family,Health/Medicine,Alishba Al Noor Diagnostics,15000,Expense,,15000.0,PKR,False,False,False,False,False,False
2026-06-12 19:28:59.867,Faysal Noor World,Family,Health/Medicine,Alishba Al Noor Diagnostics,5000,Expense,,5000.0,PKR,False,False,False,False,False,False
2026-06-12 19:49:18.530,Meezan Bank,Household,General,Ghar ka khana indrive,200,Expense,,200.0,PKR,False,False,False,False,False,False
2026-06-12 20:02:13.207,Faysal Noor World,Family,Health/Medicine,Alishba Al Noor Diagnostics,1500,Expense,,1500.0,PKR,False,False,False,False,False,False
2026-06-12 22:03:32.182,Meezan Bank,Household,Maintenance,To Amjad for Garage cleaning,1500,Expense,After car window break,1500.0,PKR,False,False,False,False,False,False
2026-06-13 01:27:54.981,Al Meezan Mutual Funds,Profit,,Mutual Funds Profit,7250,Income,,7250.0,PKR,False,False,False,False,False,False
2026-06-13 02:07:33.249,Meezan Bank,Food,Unnecessary,DUMX,2100,Expense,,2100.0,PKR,False,False,False,False,False,False
2026-06-13 02:46:57.539,Faysal Noor World,Abujan Loans,,WagonR Microfiber Cloths,1153,Transfer-Out,from daraz,1153.0,PKR,False,False,False,False,False,False
2026-06-13 11:22:19.775,Faysal Noor World,Donation,,Donation to Internet Archive,2850,Expense,,10.0,USD,False,False,False,False,False,False
2026-06-13 11:53:39.888,Faysal Noor World,Food,Necessary,Alishba FP Lunch,832,Expense,,832.0,PKR,False,False,False,False,False,False
2026-06-13 12:46:54.037,Umaid Loan,Meezan Bank,,From Umaid for Spring,500000,Transfer-Out,,500000.0,PKR,False,True,False,True,False,False
2026-06-13 12:56:42.329,Meezan Bank,Donation,,,500,Expense,,500.0,PKR,False,False,False,False,False,False
2026-06-13 13:04:24.405,Meezan Bank,Transportation,Car,Indrive home,965,Expense,,965.0,PKR,False,False,False,False,False,False
2026-06-13 15:31:28.690,Meezan Bank,Abdul Sami Loans,,Abdul Sami Qarz e hasana,10000,Transfer-Out,,10000.0,PKR,False,False,False,False,False,False
2026-06-13 19:36:58.295,Meezan Bank,Household,General,Ghar ka khana indrive,180,Expense,,180.0,PKR,False,False,False,False,False,False
2026-06-13 21:26:56.098,Faysal Noor World,Household,General,"Prema milk, diet sprites ×1, one jungle pop",640,Expense,,640.0,PKR,False,False,False,False,False,False
2026-06-14 01:06:04.515,Meezan Bank,Food,Necessary,Alisherdil Mother June 11 days Bill,8500,Expense,,8500.0,PKR,False,False,False,False,False,False
2026-06-14 01:49:00.641,HBL,Food,Unnecessary,FP Fri Chicks Late Night,1799,Expense,,1799.0,PKR,False,False,False,False,False,False
2026-06-14 14:19:05.373,Ahmad Bhatti Loans,Food,Unnecessary,DD,1100,Expense,,1100.0,PKR,False,False,False,False,False,False
2026-06-14 18:19:59.558,Faysal Noor World,Family,Health/Medicine,CMH,1016,Expense,,1016.0,PKR,False,False,False,False,False,False
2026-06-14 18:20:04.908,Faysal Noor World,Family,Health/Medicine,CMH,2032,Expense,,2032.0,PKR,False,False,False,False,False,False
2026-06-14 18:55:48.486,Meezan Bank,Food,Necessary,Biryani Master,600,Expense,,600.0,PKR,False,False,False,False,False,False
2026-06-14 20:40:40.884,Meezan Bank,Transportation,Taxi,InDrive to Harbanspura,2659,Expense,,2659.0,PKR,False,False,False,False,False,False
2026-06-14 20:41:38.008,Meezan Bank,Transportation,Taxi,InDrive to Harbanspura,30,Expense,,30.0,PKR,False,False,False,False,False,False
2026-06-14 21:24:40.186,Meezan Bank,Transportation,Taxi,Imdrive to Sahowari,759,Expense,,759.0,PKR,False,False,False,False,False,False
2026-06-14 22:23:57.989,Mama Loan,Cash,,Mama Sajda Zakat return,5000,Transfer-Out,,5000.0,PKR,False,False,False,False,False,False
2026-06-15 00:15:23.218,Faysal Noor World,Beauty,,Transplant stuff,1264,Expense,Tressfix Shampoo and betaval lotion,1264.0,PKR,False,False,False,False,False,False
2026-06-15 13:01:51.137,Meezan Bank,Transportation,Taxi,InDrive from Sahowadi,710,Expense,,710.0,PKR,False,False,False,False,False,False
2026-06-15 14:18:48.032,Ahmad Bhatti Loans,Food,Unnecessary,DD,1420,Expense,,1420.0,PKR,False,False,False,False,False,False
2026-06-15 14:19:22.497,Ahmad Bhatti Loans,Food,Unnecessary,Extraction my part,392,Expense,,392.0,PKR,False,False,False,False,False,False
2026-06-15 15:23:55.930,Faysal Noor World,Food,Necessary,FP Alishba Lunch,1995,Expense,,1995.0,PKR,False,False,False,False,False,False
2026-06-15 22:52:13.920,Meezan Bank,Transportation,Taxi,InDrive from work,1090,Expense,,1090.0,PKR,False,False,False,False,False,False
2026-06-16 00:59:35.651,Faysal Noor World,Transportation,Taxi,InDrive from Harbanspura to Sahowari to Bahria,2600,Expense,,2600.0,PKR,False,False,False,False,False,False
2026-06-16 02:07:46.356,Meezan Bank,Beauty,,Betaval Lotion,440,Expense,,440.0,PKR,False,False,False,False,False,False
2026-06-16 13:00:47.886,HBL,Technology,Bills,HBO Max Subscription,1301,Expense,,1301.0,PKR,False,False,False,False,False,False
2026-06-16 13:11:19.666,Meezan Bank,Transportation,Taxi,InDrive,1350,Expense,,1350.0,PKR,False,False,False,False,False,False
2026-06-16 13:11:28.789,Faysal Noor World,Food,Unnecessary,Diet coke,130,Expense,,130.0,PKR,False,False,False,False,False,False
2026-06-16 14:18:27.039,Faysal Noor World,Split,,Chaaye Khana with Bhatti,3744,Transfer-Out,Equal,3744.0,PKR,False,False,False,False,False,False
2026-06-16 14:18:27.039,Split,Ahmad Bhatti Loans,,Chaaye Khana Bhatti's part,1872,Transfer-Out,Equal,1872.0,PKR,False,False,False,False,False,False
2026-06-16 14:18:27.039,Split,Food,Unnecessary,Chaaye Khana my part,1872,Expense,Equal,1872.0,PKR,False,False,False,False,False,False
2026-06-16 16:57:46.222,Meezan Bank,Donation,,Stray cat food Sahowari,3000,Expense,,3000.0,PKR,False,False,False,False,False,False
2026-06-16 20:14:13.658,Faysal Noor World,Family,Health/Medicine,CMH,3898,Expense,,3898.0,PKR,False,False,False,False,False,False
2026-06-16 23:18:18.044,Meezan Bank,Transportation,Taxi,InDrive to Harbanspura,970,Expense,,970.0,PKR,False,False,False,False,False,False
2026-06-17 00:14:06.711,Meezan Bank,Family,Pocket Money,Alishba Pocket Money June 2026 Partial,25000,Expense,,25000.0,PKR,False,False,False,False,False,False
2026-06-17 00:22:43.575,Meezan Bank,Technology,Bills,Jazz Load for We5 Super,2500,Expense,,2500.0,PKR,False,False,False,False,False,False
2026-06-17 00:22:47.117,Meezan Bank,Technology,Bills,Jazz Load for We5 Super,2500,Expense,,2500.0,PKR,False,False,False,False,False,False
2026-06-17 00:26:29.653,Meezan Bank,Alishba Loans,,Alishba Pocket Money June 2026 Partial,50000,Transfer-Out,She returned this later in Hashupi Skardu,50000.0,PKR,False,False,False,False,False,False
2026-06-17 00:30:44.540,Alishba Loans,Meezan Bank,,Alishba gave me to pay Sana Bhabhi,10000,Transfer-Out,Transfer back to Alishba loans when done,10000.0,PKR,False,False,False,False,False,False
2026-06-17 00:34:33.701,Meezan Bank,Transportation,Taxi,InDrive to Sahowari,636,Expense,,636.0,PKR,False,False,False,False,False,False
2026-06-17 02:50:47.096,HBL,Technology,Bills,YouTube Family,899,Expense,,899.0,PKR,False,False,False,False,False,False
2026-06-17 03:38:53.283,Faysal Noor World,Household,Maintenance,TP-Link Tapo C520WS Outdoor Security Camera,14799,Expense,Mymart.pk,14799.0,PKR,False,False,False,False,False,False
2026-06-17 11:35:29.527,Meezan Bank,Tour/Travel,Transport,To Yasie Skardu Driver Advance,2500,Expense,03440626418,2500.0,PKR,False,False,False,False,False,False
2026-06-17 12:03:09.017,Meezan Bank,Transportation,Taxi,InDrive,734,Expense,,734.0,PKR,False,False,False,False,False,False
2026-06-17 12:38:03.053,Faysal Noor World,Split,,Zoro with Bhatti,3969,Transfer-Out,Equal,3969.0,PKR,False,False,False,False,False,False
2026-06-17 12:38:03.053,Split,Ahmad Bhatti Loans,,Zoro Bhatti's part,1985,Transfer-Out,Equal,1985.0,PKR,False,False,False,False,False,False
2026-06-17 12:38:03.053,Split,Food,Unnecessary,Zoro my part,1985,Expense,Equal,1985.0,PKR,False,False,False,False,False,False
2026-06-17 13:24:01.806,Faysal Noor World,Split,,Extraction with Bhatti and Maryam,2252,Transfer-Out,"Pizza maryam, she had no coffee",2252.0,PKR,False,False,False,False,False,False
2026-06-17 13:24:01.806,Split,Office Loans,,Extraction Maryam's part,1350,Transfer-Out,"Pizza maryam, she had no coffee",1350.0,PKR,False,False,False,False,False,False
2026-06-17 13:24:01.806,Split,Food,Unnecessary,Extraction my part,451,Expense,"Pizza maryam, she had no coffee",451.0,PKR,False,False,False,False,False,False
2026-06-17 13:24:01.806,Split,Ahmad Bhatti Loans,,Extraction Bhatti's part,450,Transfer-Out,"Pizza maryam, she had no coffee",450.0,PKR,False,False,False,False,False,False
2026-06-17 19:39:55.053,Faysal Noor World,Food,Unnecessary,FP Optp,999,Expense,,999.0,PKR,False,False,False,False,False,False
2026-06-17 22:13:22.366,Meezan Bank,Transportation,Taxi,InDrive to Harbanspura,1080,Expense,,1080.0,PKR,False,False,False,False,False,False
2026-06-18 00:09:13.393,Meezan Bank,Mama Loan,,For Mama Pocket Money,25000,Transfer-Out,,25000.0,PKR,False,False,False,False,False,False
2026-06-18 00:09:13.393,Meezan Bank,Mama Loan,,For Mama Pocket Money,25000,Transfer-Out,,25000.0,PKR,False,False,False,False,False,False
2026-06-18 00:09:38.263,Meezan Bank,Alishba Loans,,Given to Sana Bhabhi for Alishba,10000,Transfer-Out,,10000.0,PKR,False,False,False,False,False,False
2026-06-18 00:44:18.689,Meezan Bank,Abujan Loans,,To Shehzad Qadir for Abujan,15000,Transfer-Out,,15000.0,PKR,False,False,False,False,False,False
2026-06-18 02:20:15.185,Meezan Bank,NayaPay,,,20000,Transfer-Out,,20000.0,PKR,False,False,False,False,False,False
2026-06-18 11:38:40.942,Meezan Bank,Salary,,FleetGlue Pure Salary #16 18 June 2026,689777,Income,,2538.46,USD,False,False,False,False,False,False
2026-06-18 11:45:39.564,Meezan Bank,Faysal Noor World,,Faysal Noor Card June-Apr 2026 Bill Cleared Completely,415393,Transfer-Out,,415393.0,PKR,False,False,False,False,False,False
2026-06-18 12:01:49.296,Meezan Bank,NayaPay,,For Committee June 2026 to May 2027,75000,Transfer-Out,With Khaliq Younus. My slot is December. ,75000.0,PKR,False,False,False,False,False,False
2026-06-18 12:05:51.574,NayaPay,Khaliq Younus Committee,,Khaliq Younus Committee #1,75000,Transfer-Out,,75000.0,PKR,False,False,False,False,False,False
2026-06-18 13:15:02.369,Meezan Bank,Transportation,Taxi,InDrive to Harbanspura,700,Expense,,700.0,PKR,False,False,False,False,False,False
2026-06-18 15:57:45.021,Faysal Noor World,Transportation,Taxi,InDrive to Bahria,2260,Expense,,2260.0,PKR,False,False,False,False,False,False
2026-06-18 17:25:10.643,Meezan Bank,Food,Necessary,KFC,690,Expense,,690.0,PKR,False,False,False,False,False,False
2026-06-18 23:54:48.089,NayaPay,Food,Necessary,FP Alishba Yakhni Plao,931,Expense,,931.0,PKR,False,False,False,False,False,False
2026-06-18 23:58:20.479,Meezan Bank,Donation,,Sadqa to Indus Hospital,5000,Expense,,5000.0,PKR,False,False,False,False,False,False
2026-06-19 01:37:37.053,Split,Ahmad Bhatti Loans,,Malik Spicy with WAR,1345,Transfer-Out,"45% me 35% Wasiq, the rest Bhatti",1345.0,PKR,False,False,False,False,False,False
2026-06-19 01:37:37.053,Split,Food,Necessary,Malik Spicy my part,2419,Expense,"45% me 35% Wasiq, the rest Bhatti",2419.0,PKR,False,False,False,False,False,False
2026-06-19 01:37:37.053,Meezan Bank,Split,,Malik Spicy with WAR,5376,Transfer-Out,"45% me 35% Wasiq, the rest Bhatti",5376.0,PKR,False,False,False,False,False,False
2026-06-19 01:37:37.053,Split,Wasiq Loan,,Malik Spicy Wasiq's part,1882,Transfer-Out,"45% me 35% Wasiq, the rest Bhatti",1882.0,PKR,False,False,False,False,False,False
2026-06-19 04:35:53.651,Umaid Loan,Merge,,Part I paid for July 2026 Umaid Spring Payment,240000,Transfer-Out,See 09 June,240000.0,PKR,False,True,False,True,False,False
2026-06-19 04:37:14.607,Abujan Loans,Merge,,Abujan paid extra as part of Umaid July Spring Payment 240k return,10000,Transfer-Out,"I paid 240k from my pocket for Umaid's 940k spring payment. Abujan wrote me a check for 250k instead. 

This is the 10k overage. ",10000.0,PKR,False,False,False,False,False,False
2026-06-19 04:38:08.878,Merge,Meezan Bank,,Return (Part I paid for July 2026 Umaid Spring Payment) + (Abujan sent 10k extra),250000,Transfer-Out,"I paid 240k from my pocket for Umaid's 940k spring payment. Abujan wrote me a check for 250k instead. 

",250000.0,PKR,False,False,False,False,False,False
2026-06-19 04:39:27.818,Meezan Bank,Tour/Travel,,InDrive,1000,Expense,"Got suitcase delivered to Bahria from Wasiq's home

Skardu",1000.0,PKR,False,False,False,False,False,False
2026-06-19 11:05:02.642,Meezan Bank,Tour/Travel,,InDrive to Airport,2750,Expense,Skardu,2750.0,PKR,False,False,False,False,False,False
2026-06-19 11:24:20.340,Meezan Bank,Tour/Travel,Meals,Airport Gloria Jeans,2771,Expense,Skardu,2771.0,PKR,False,False,False,False,False,False
2026-06-19 14:10:21.506,NayaPay,Tour/Travel,,Zong package skardu,550,Expense,,550.0,PKR,False,False,False,False,False,False
2026-06-19 16:38:47.893,Loans,Meezan Bank,,Zaeem temporary holding,500000,Transfer-Out,,500000.0,PKR,True,False,False,True,False,False
2026-06-19 16:39:05.432,Loans,Meezan Bank,,Zaeem temporary holding,1000000,Transfer-Out,,1000000.0,PKR,True,False,False,True,False,False
2026-06-19 16:39:10.803,Meezan Bank,Loans,,Zaeem holding return,500000,Transfer-Out,,500000.0,PKR,True,False,False,True,False,False
2026-06-19 16:39:10.804,Meezan Bank,Bank Charges,,Fees,200,Expense,,200.0,PKR,False,False,False,False,False,False
2026-06-19 17:26:47.029,Meezan Bank,Cash,,Skardu Trip,40000,Transfer-Out,,40000.0,PKR,False,False,False,False,False,False
2026-06-19 18:59:53.252,Split,Social Life,Friend,[Meeting Room] The Cubicle June 2026,20000,Expense,"53100 for room paid for by company, 20k for meeting room to be split with Bhatti or paid entirely by him",20000.0,PKR,False,False,False,False,False,False
2026-06-19 18:59:53.252,Split,Office Loans,,The Cubicle June 2026,53100,Transfer-Out,"53100 for room paid for by company, 20k for meeting room to be split with Bhatti or paid entirely by him",53100.0,PKR,False,False,False,False,False,False
2026-06-19 18:59:53.252,Meezan Bank,Split,,[To Be Split] The Cubicle June 2026,73100,Transfer-Out,"53100 for room paid for by company, 20k for meeting room to be split with Bhatti or paid entirely by him",73100.0,PKR,False,False,False,False,False,False
2026-06-19 19:32:05.081,Alishba Loans,Meezan Bank,,[Return] Alishba Pocket Money June 2026 Partial,50000,Transfer-Out,She returned this in Hashupi Skardu,50000.0,PKR,False,False,False,False,False,False
2026-06-20 11:58:57.735,Meezan Bank,Tour/Travel,Hotels,Himmel by Luxus Payment,51111,Expense,Skardu,51111.0,PKR,False,False,False,False,False,False
2026-06-20 15:15:26.458,Cash,Tour/Travel,,Sarfaranga Desert Activities,30000,Expense,"12k paragliding
11k horse ride
3k drone
4k atv

Skardu",30000.0,PKR,False,False,False,False,False,False
2026-06-20 17:09:59.402,Meezan Bank,Tour/Travel,,Shigar Fort Visit,1400,Expense,,1400.0,PKR,False,False,False,False,False,False
2026-06-20 17:35:11.763,Cash,Tour/Travel,Meals,Sunset Grill / Cascade Resorts Lunch,8500,Expense,"Includes driver's meal
Skardu",8500.0,PKR,False,False,False,False,False,False
2026-06-20 20:48:39.709,Meezan Bank,Loans,,Zaeem partial temporary holding returned,800000,Transfer-Out,200k left,800000.0,PKR,True,False,False,True,False,False
2026-06-20 20:48:39.710,Meezan Bank,Bank Charges,,Fees,200,Expense,,200.0,PKR,False,False,False,False,False,False
2026-06-20 20:49:23.299,Meezan Bank,Abujan Loans,,To Wasif for Abujan,5000,Transfer-Out,,5000.0,PKR,False,False,False,False,False,False
2026-06-21 11:59:15.010,Meezan Bank,Tour/Travel,,Hashupi checkout,26200,Expense,Skardu,26200.0,PKR,False,False,False,False,False,False
2026-06-21 20:50:05.993,Meezan Bank,Loans,,Zaeem temporary holding completely returned,200000,Transfer-Out,,200000.0,PKR,True,False,False,True,False,False
2026-06-21 20:50:05.994,Meezan Bank,Bank Charges,,Fees,200,Expense,,200.0,PKR,False,False,False,False,False,False
2026-06-22 08:58:32.469,Meezan Bank,Tour/Travel,,Himmel Checkout,19856,Expense,Skardu,19856.0,PKR,False,False,False,False,False,False
2026-06-22 09:46:39.371,Meezan Bank,NayaPay,,,40000,Transfer-Out,,40000.0,PKR,False,False,False,False,False,False
2026-06-22 09:49:54.149,NayaPay,Cash,,Skardu ATM,20000,Transfer-Out,,20000.0,PKR,False,False,False,False,False,False
2026-06-22 09:50:07.541,NayaPay,Cash,,Skardu ATM,20000,Transfer-Out,,20000.0,PKR,False,False,False,False,False,False
2026-06-22 12:42:15.099,Cash,Tour/Travel,Transport,4 days car rent + driver pay,20000,Expense,Skardu,20000.0,PKR,False,False,False,False,False,False
2026-06-22 12:42:29.990,Cash,Tour/Travel,Transport,Car fuel,11000,Expense,Skardu,11000.0,PKR,False,False,False,False,False,False
2026-06-22 21:01:48.586,NayaPay,Food,Necessary,FP Alishba,1010,Expense,,1010.0,PKR,False,False,False,False,False,False
2026-06-23 00:59:40.083,Meezan Bank,Food,Unnecessary,McDonald's,1190,Expense,,1190.0,PKR,False,False,False,False,False,False
2026-06-23 01:09:28.773,Meezan Bank,Transportation,Car,Yaris fuel ⛽,5453,Expense,Aramco hi,5453.0,PKR,False,False,False,False,False,False
2026-06-23 01:33:02.973,Cash,Food,Unnecessary,Alishba Milk Shake,400,Expense,,400.0,PKR,False,False,False,False,False,False
2026-06-23 02:56:36.347,NayaPay,Household,Maintenance,Long extension lead,1145,Expense,18ft,1145.0,PKR,False,False,False,False,False,False
2026-06-23 03:10:23.297,Faysal Noor World,Miscellaneous,,,2129,Expense,,2129.0,PKR,False,False,False,False,False,False
2026-06-23 14:52:02.660,NayaPay,Food,Unnecessary,Hardees Brunch,1756,Expense,,1756.0,PKR,False,False,False,False,False,False
2026-06-23 15:20:52.986,NayaPay,Household,General,FP Groceries,1297,Expense,"Milk, Mama's Bread and Cakes, Diet Drinks",1297.0,PKR,False,False,False,False,False,False
2026-06-23 15:22:37.583,Meezan Bank,Household,Maintenance,Maali garage cleaning,500,Expense,,500.0,PKR,False,False,False,False,False,False
2026-06-23 19:16:23.976,Meezan Bank,Loans,,Sent to Maali accidentally,11610,Transfer-Out,Returned on 24 June 2026 to JazzCash,11610.0,PKR,False,False,False,False,False,False
2026-06-23 19:17:23.976,Meezan Bank,Household,Maintenance,House Repairs/Maintenance,11610,Expense,"Electrician/Plumber Imrab

TP Link Tapo camera installation with water proof box
Aliyan AC gas fill
Aliyan muslin shower change",11610.0,PKR,False,False,False,False,False,False
2026-06-24 01:08:25.971,Meezan Bank,Split,,Shakes ×3,660,Transfer-Out,WAR,660.0,PKR,False,False,False,False,False,False
2026-06-24 01:08:25.971,Split,Wasiq Loan,,Shakes Wasiq's part,220,Transfer-Out,WAR,220.0,PKR,False,False,False,False,False,False
2026-06-24 01:08:25.971,Split,Ahmad Bhatti Loans,,Shakes Bhatti's part,220,Transfer-Out,WAR,220.0,PKR,False,False,False,False,False,False
2026-06-24 01:08:25.971,Split,Family,Gift,Shakes my part,220,Expense,WAR,220.0,PKR,False,False,False,False,False,False
2026-06-24 11:40:37.205,Meezan Bank,Abujan Loans,,To Ozone Clinic for Abujan,25000,Transfer-Out,,25000.0,PKR,False,False,False,False,False,False
2026-06-24 13:02:12.392,Loans,JazzCash,,Maali accidental return,11610,Transfer-Out,,11610.0,PKR,False,False,False,False,False,False
2026-06-24 20:14:14.317,Meezan Bank,Household,General,Ghar ka khana indrive,160,Expense,,160.0,PKR,False,False,False,False,False,False
2026-06-25 18:42:29.844,NayaPay,Family,Gift,For Bahria Muharram Guests,1554,Expense,,1554.0,PKR,False,False,False,False,False,False
2026-06-25 19:38:43.626,Meezan Bank,Tabish Loan,,Tabish qarz e hasana,20000,Transfer-Out,For his bills he said,20000.0,PKR,False,False,False,False,False,False
2026-06-26 15:12:22.197,Meezan Bank,Social Life,Friend,Oyo Tabish,467,Expense,,467.0,PKR,False,False,False,False,False,False
2026-06-26 17:45:37.613,Meezan Bank,Family,Health/Medicine,Alishba Clinix Medicines,1824,Expense,,1824.0,PKR,False,False,False,False,False,False
2026-06-27 12:59:42.646,HBL,Technology,Bills,Netflix,1262,Expense,,1262.0,PKR,False,False,False,False,False,False
2026-06-27 14:17:36.976,Meezan Bank,Family,General,Groceries for Family visiting Bahria for Ashura,2591,Expense,,2591.0,PKR,False,False,False,False,False,False
2026-06-27 15:55:38.543,HBL,Food,Unnecessary,Food Panda Pro Yearly Subscription,8799,Expense,,8799.0,PKR,False,False,False,False,False,False
2026-06-27 17:00:43.754,Meezan Bank,Split,,[To Be Split] The Cubicle July 2026,106200,Transfer-Out,"53100 Split -> Office Loans
17700 -> Rohan
17700 -> Ahmad
17700 -> Wasiq",106200.0,PKR,False,False,False,False,False,False
2026-06-27 17:01:43.754,Split,Social Life,Friend,The Cubicle my part (July 2026),11800,Expense,"53100 Split -> Office Loans
11800 -> Rohan
11800 + 13,333 -> Ahmad
11800 + 4366 -> Wasiq",11800.0,PKR,False,False,False,False,False,False
2026-06-27 17:01:43.754,Split,Office Loans,,The Cubicle July 2026,53100,Transfer-Out,"53100 Split -> Office Loans
11800 -> Rohan
11800 + 13,333 -> Ahmad
11800 + 4366 -> Wasiq",53100.0,PKR,False,False,False,False,False,False
2026-06-27 17:01:43.754,Split,Ahmad Bhatti Loans,,The Cubicle Bhatti's part (July 2026),25133,Transfer-Out,"53100 Split -> Office Loans
11800 -> Rohan
11800 + 13,333 -> Ahmad
11800 + 4366 -> Wasiq",25133.0,PKR,False,False,False,False,False,False
2026-06-27 17:01:43.754,Split,Wasiq Loan,,The Cubicle Wasiq's part (July 2026),16167,Transfer-Out,"53100 Split -> Office Loans
11800 -> Rohan
11800 + 13,333 -> Ahmad
11800 + 4366 -> Wasiq",16167.0,PKR,False,False,False,False,False,False
2026-06-27 21:48:56.605,Meezan Bank,HBL,,,10000,Transfer-Out,,10000.0,PKR,False,False,False,False,False,False
2026-06-27 21:49:02.025,HBL,Family,Gift,FP Daily Deli for Family Visiting in Bahria on Ashura,8099,Expense,"6 burgers
Me, Abujan, Yasir, Bina, Mama, Alishba",8099.0,PKR,False,False,False,False,False,False
2026-06-27 22:53:22.240,NayaPay,Technology,Purchases,Huion Tablet Glove,500,Expense,,500.0,PKR,False,False,False,False,False,False
2026-06-27 22:54:05.263,NayaPay,Family,Gift,FP NY-212 for Family Visiting in Bahria on Ashura,2315,Expense,,2315.0,PKR,False,False,False,False,False,False
2026-06-28 13:44:39.670,Meezan Bank,Family,Gift,FP nashta for family guests,2589,Expense,,2589.0,PKR,False,False,False,False,False,False
2026-06-28 14:15:23.111,EasyPaisa,Loans,,Cat Donation to Laiba (FIP),12000,Transfer-Out,"Someone else came forward to donate, and donated 15k on 29 June. I sent remaining 3k to Laiba. ",12000.0,PKR,False,False,False,False,False,False
2026-06-28 15:25:41.663,Meezan Bank,Family,Gift,Fruits & Vegetables for family guests,650,Expense,,650.0,PKR,False,False,False,False,False,False
2026-06-28 23:37:02.901,Meezan Bank,Transportation,Car,Yaris fuel ⛽,9117,Expense,Aramco hi,9117.0,PKR,False,False,False,False,False,False
2026-06-29 00:16:12.821,Wasiq Loan,Food,Unnecessary,Tabaq,1776,Expense,,1776.0,PKR,False,False,False,False,False,False
2026-06-29 00:51:42.438,NayaPay,Food,Unnecessary,FP Alishba Fish,1519,Expense,,1519.0,PKR,False,False,False,False,False,False
2026-06-29 01:38:48.544,Meezan Bank,Donation,,To Ubair for Donation,25000,Expense,,25000.0,PKR,False,False,False,False,False,False
2026-06-29 01:38:59.285,Meezan Bank,Abdul Sami Loans,,Abdul Sami Qarz e hasana,12500,Transfer-Out,,12500.0,PKR,False,False,False,False,False,False
2026-06-29 13:17:06.992,Meezan Bank,Split,,Extraction with Bhatti,1848,Transfer-Out,"875 sandwich + 90 water me

795 coffee split",1848.0,PKR,False,False,False,False,False,False
2026-06-29 13:17:06.992,Split,Ahmad Bhatti Loans,,Extraction Bhatti's part,398,Transfer-Out,"875 sandwich + 90 water me

795 coffee split",398.0,PKR,False,False,False,False,False,False
2026-06-29 13:17:06.992,Split,Food,Unnecessary,Extraction my part,1450,Expense,"875 sandwich + 90 water me

795 coffee split",1450.0,PKR,False,False,False,False,False,False
2026-06-29 14:45:27.073,Meezan Bank,Donation,,Stray cat food,950,Expense,,950.0,PKR,False,False,False,False,False,False
2026-06-29 14:48:26.128,Meezan Bank,NayaPay,,,10000,Transfer-Out,,10000.0,PKR,False,False,False,False,False,False
2026-06-29 14:50:13.806,Faysal Noor World,Food,Unnecessary,Diet drink,120,Expense,,120.0,PKR,False,False,False,False,False,False
2026-06-29 14:55:35.132,Faysal Noor World,Food,Unnecessary,FP Alishba Breakfast,2226,Expense,,2226.0,PKR,False,False,False,False,False,False
2026-06-29 14:57:19.888,Split,Wasiq Loan,,Cubicle 2nd Office Security Deposit (Wasiq's Part),13100,Transfer-Out,,13100.0,PKR,False,False,False,False,False,False
2026-06-29 14:57:19.888,Split,Ahmad Bhatti Loans,,Cubicle 2nd Office Security Deposit (Bhatti's Part),40000,Transfer-Out,,40000.0,PKR,False,False,False,False,False,False
2026-06-29 14:57:19.888,Meezan Bank,Split,,Cubicle 2nd Office Security Deposit,53100,Transfer-Out,,53100.0,PKR,False,False,False,False,False,False
2026-06-29 17:55:18.485,Wasiq Loan,Meezan Bank,,I overspent Umaid's spring payment (500k),250000,Transfer-Out,,250000.0,PKR,False,False,False,False,False,False
2026-06-29 17:56:14.137,Al Meezan Mutual Funds,Meezan Bank,,I overspent Umaid's spring payment (500k),70000,Transfer-Out,,70000.0,PKR,False,False,False,False,False,False
2026-06-29 17:56:14.138,Al Meezan Mutual Funds,Bank Charges,,Fees,70,Expense,,70.0,PKR,False,False,False,False,False,False
2026-06-29 18:01:18.458,Ahmad Bhatti Loans,Meezan Bank,,I overspent Umaid's spring payment (500k),75000,Transfer-Out,,75000.0,PKR,False,False,False,False,False,False
2026-06-29 18:02:07.549,Meezan Bank,Umaid Loan,,Umaid Spring Payment,500000,Transfer-Out,,500000.0,PKR,False,True,False,True,False,False
2026-06-29 18:02:07.550,Meezan Bank,Bank Charges,,Fees,200,Expense,,200.0,PKR,False,False,False,False,False,False
2026-06-29 18:50:05.917,Al Meezan Mutual Funds,Meezan Bank,,Wanna start next month from 0/0,250000,Transfer-Out,"Using this to escape debt cycle where I've already dipped into Umaid's spring payment to get through the month and then borrowed 250k from Wasiq, 70k from Bhatti to make Umaid's payment. 

So if at the start of July I pay them back, then at the end of July I'll be desperate again and will borrow for August. 

So I'm using these savings to pay back Wasiq and Ahmad now and start July at 0/0",250000.0,PKR,False,False,False,False,False,False
2026-06-29 18:50:05.918,Al Meezan Mutual Funds,Bank Charges,,Fees,70,Expense,,70.0,PKR,False,False,False,False,False,False
2026-06-29 20:00:14.562,Loans,Meezan Bank,,Someone sent donation for Laiba cat case,15000,Transfer-Out,"I paid 12k to Laiba for this case already. I'll keep 12k of this, and send the remaining 3k to Laiba. ",15000.0,PKR,False,False,False,False,False,False
2026-06-29 20:14:11.441,Meezan Bank,Loans,,Returned to Laiba for cat donation,3000,Transfer-Out,,3000.0,PKR,False,False,False,False,False,False
2026-06-29 21:44:45.334,Meezan Bank,Food,Unnecessary,Malik spicy dinner,2490,Expense,,2490.0,PKR,False,False,False,False,False,False
2026-06-30 13:25:26.231,NayaPay,Household,General,KAI Japanese Nail clipper from Daraz,1890,Expense,,1890.0,PKR,False,False,False,False,False,False
2026-06-30 15:18:27.607,Meezan Bank,Food,Unnecessary,Solli's with Alishba,4709,Expense,,4709.0,PKR,False,False,False,False,False,False
2026-06-30 16:21:04.548,Umaid Loan,Meezan Bank,,For Umaid Spring from Umaid,500000,Transfer-Out,,500000.0,PKR,False,True,False,True,False,False
2026-06-30 20:35:26.585,Faysal Noor World,Family,Health/Medicine,Areeba Al Noor Diagnostics,15000,Expense,,15000.0,PKR,False,False,False,False,False,False
